[INFO] Scanning for projects...
[INFO] 
[INFO] -------------------------< com.es:secondhand >--------------------------
[INFO] Building secondhand 1.0.0
[INFO]   from pom.xml
[INFO] --------------------------------[ jar ]---------------------------------
[INFO] 
[INFO] >>> spring-boot:2.7.18:run (default-cli) > test-compile @ secondhand >>>
[WARNING] The artifact mysql:mysql-connector-java:jar:8.0.33 has been relocated to com.mysql:mysql-connector-j:jar:8.0.33: MySQL Connector/J artifacts moved to reverse-DNS compliant Maven 2+ coordinates.
[INFO] 
[INFO] --- resources:3.2.0:resources (default-resources) @ secondhand ---
[INFO] Using 'UTF-8' encoding to copy filtered resources.
[INFO] Using 'UTF-8' encoding to copy filtered properties files.
[INFO] Copying 1 resource
[INFO] Copying 0 resource
[INFO] 
[INFO] --- compiler:3.10.1:compile (default-compile) @ secondhand ---
[INFO] Nothing to compile - all classes are up to date
[INFO] 
[INFO] --- resources:3.2.0:testResources (default-testResources) @ secondhand ---
[INFO] Using 'UTF-8' encoding to copy filtered resources.
[INFO] Using 'UTF-8' encoding to copy filtered properties files.
[INFO] skip non existing resourceDirectory D:\JAVA\…€¡È\backend\src\test\resources
[INFO] 
[INFO] --- compiler:3.10.1:testCompile (default-testCompile) @ secondhand ---
[INFO] No sources to compile
[INFO] 
[INFO] <<< spring-boot:2.7.18:run (default-cli) < test-compile @ secondhand <<<
[INFO] 
[INFO] 
[INFO] --- spring-boot:2.7.18:run (default-cli) @ secondhand ---
[INFO] Attaching agents: []

  .   ____          _            __ _ _
 /\\ / ___'_ __ _ _(_)_ __  __ _ \ \ \ \
( ( )\___ | '_ | '_| | '_ \/ _` | \ \ \ \
 \\/  ___)| |_)| | | | | || (_| |  ) ) ) )
  '  |____| .__|_| |_|_| |_\__, | / / / /
 =========|_|==============|___/=/_/_/_/
 :: Spring Boot ::               (v2.7.18)

2026-04-28 14:07:30.421  INFO 53092 --- [           main] com.es.secondhand.SecondhandApplication  : Starting SecondhandApplication using Java 17.0.18 on DESKTOP-FG78QHJ with PID 53092 (D:\JAVA\…€¡È\backend\target\classes started by 22316 in D:\JAVA\…€¡È\backend)
2026-04-28 14:07:30.424 DEBUG 53092 --- [           main] com.es.secondhand.SecondhandApplication  : Running with Spring Boot v2.7.18, Spring v5.3.31
2026-04-28 14:07:30.424  INFO 53092 --- [           main] com.es.secondhand.SecondhandApplication  : No active profile set, falling back to 1 default profile: "default"
2026-04-28 14:07:30.979  INFO 53092 --- [           main] .s.d.r.c.RepositoryConfigurationDelegate : Bootstrapping Spring Data JPA repositories in DEFAULT mode.
2026-04-28 14:07:31.044  INFO 53092 --- [           main] .s.d.r.c.RepositoryConfigurationDelegate : Finished Spring Data repository scanning in 59 ms. Found 8 JPA repository interfaces.
2026-04-28 14:07:31.501  INFO 53092 --- [           main] o.s.b.w.embedded.tomcat.TomcatWebServer  : Tomcat initialized with port(s): 8080 (http)
2026-04-28 14:07:31.510  INFO 53092 --- [           main] o.apache.catalina.core.StandardService   : Starting service [Tomcat]
2026-04-28 14:07:31.510  INFO 53092 --- [           main] org.apache.catalina.core.StandardEngine  : Starting Servlet engine: [Apache Tomcat/9.0.83]
2026-04-28 14:07:31.612  INFO 53092 --- [           main] o.a.c.c.C.[Tomcat].[localhost].[/]       : Initializing Spring embedded WebApplicationContext
2026-04-28 14:07:31.612  INFO 53092 --- [           main] w.s.c.ServletWebServerApplicationContext : Root WebApplicationContext: initialization completed in 1149 ms
2026-04-28 14:07:31.721  INFO 53092 --- [           main] o.hibernate.jpa.internal.util.LogHelper  : HHH000204: Processing PersistenceUnitInfo [name: default]
2026-04-28 14:07:31.764  INFO 53092 --- [           main] org.hibernate.Version                    : HHH000412: Hibernate ORM core version 5.6.15.Final
2026-04-28 14:07:31.886  INFO 53092 --- [           main] o.hibernate.annotations.common.Version   : HCANN000001: Hibernate Commons Annotations {5.1.2.Final}
2026-04-28 14:07:31.961  INFO 53092 --- [           main] com.zaxxer.hikari.HikariDataSource       : HikariPool-1 - Starting...
2026-04-28 14:07:32.091  INFO 53092 --- [           main] com.zaxxer.hikari.HikariDataSource       : HikariPool-1 - Start completed.
2026-04-28 14:07:32.104  INFO 53092 --- [           main] org.hibernate.dialect.Dialect            : HHH000400: Using dialect: org.hibernate.dialect.MySQL8Dialect
2026-04-28 14:07:32.716  INFO 53092 --- [           main] o.h.e.t.j.p.i.JtaPlatformInitiator       : HHH000490: Using JtaPlatform implementation: [org.hibernate.engine.transaction.jta.platform.internal.NoJtaPlatform]
2026-04-28 14:07:32.723  INFO 53092 --- [           main] j.LocalContainerEntityManagerFactoryBean : Initialized JPA EntityManagerFactory for persistence unit 'default'
2026-04-28 14:07:32.954 DEBUG 53092 --- [           main] c.e.s.config.JwtAuthenticationFilter     : Filter 'jwtAuthenticationFilter' configured for use
2026-04-28 14:07:33.299  WARN 53092 --- [           main] .s.s.UserDetailsServiceAutoConfiguration : 

Using generated security password: be582d71-8965-471a-a714-b8cd0f82b1e5

This generated password is for development use only. Your security configuration must be updated before running your application in production.

2026-04-28 14:07:33.376  INFO 53092 --- [           main] o.s.s.web.DefaultSecurityFilterChain     : Will secure any request with [org.springframework.security.web.session.DisableEncodeUrlFilter@7d44eab, org.springframework.security.web.context.request.async.WebAsyncManagerIntegrationFilter@35e7fcf2, org.springframework.security.web.context.SecurityContextPersistenceFilter@1bed61d2, org.springframework.security.web.header.HeaderWriterFilter@279ebd94, org.springframework.web.filter.CorsFilter@620f7a39, org.springframework.security.web.authentication.logout.LogoutFilter@7d1cfe97, com.es.secondhand.config.JwtAuthenticationFilter@2484c868, org.springframework.security.web.savedrequest.RequestCacheAwareFilter@47393345, org.springframework.security.web.servletapi.SecurityContextHolderAwareRequestFilter@5b16e486, org.springframework.security.web.authentication.AnonymousAuthenticationFilter@e581302, org.springframework.security.web.session.SessionManagementFilter@e23af91, org.springframework.security.web.access.ExceptionTranslationFilter@62fbefad, org.springframework.security.web.access.intercept.FilterSecurityInterceptor@5b8b9b2d]
2026-04-28 14:07:33.461  WARN 53092 --- [           main] JpaBaseConfiguration$JpaWebConfiguration : spring.jpa.open-in-view is enabled by default. Therefore, database queries may be performed during view rendering. Explicitly configure spring.jpa.open-in-view to disable this warning
2026-04-28 14:07:33.725  INFO 53092 --- [           main] o.s.b.w.embedded.tomcat.TomcatWebServer  : Tomcat started on port(s): 8080 (http) with context path ''
2026-04-28 14:07:33.732  INFO 53092 --- [           main] com.es.secondhand.SecondhandApplication  : Started SecondhandApplication in 3.692 seconds (JVM running for 3.979)
2026-04-28 14:07:33.748 DEBUG 53092 --- [   scheduling-1] org.hibernate.SQL                        : 
    select
        order0_.id as id1_3_,
        order0_.buyer_id as buyer_i15_3_,
        order0_.created_at as created_2_3_,
        order0_.order_no as order_no3_3_,
        order0_.payment_time as payment_4_3_,
        order0_.price as price5_3_,
        order0_.product_id as product16_3_,
        order0_.receive_time as receive_6_3_,
        order0_.seller_id as seller_17_3_,
        order0_.ship_time as ship_tim7_3_,
        order0_.shipping_address as shipping8_3_,
        order0_.shipping_name as shipping9_3_,
        order0_.shipping_phone as shippin10_3_,
        order0_.status as status11_3_,
        order0_.tracking_company as trackin12_3_,
        order0_.tracking_number as trackin13_3_,
        order0_.updated_at as updated14_3_ 
    from
        orders order0_ 
    where
        order0_.status='PENDING' 
        and order0_.created_at<?
Hibernate: 
    select
        order0_.id as id1_3_,
        order0_.buyer_id as buyer_i15_3_,
        order0_.created_at as created_2_3_,
        order0_.order_no as order_no3_3_,
        order0_.payment_time as payment_4_3_,
        order0_.price as price5_3_,
        order0_.product_id as product16_3_,
        order0_.receive_time as receive_6_3_,
        order0_.seller_id as seller_17_3_,
        order0_.ship_time as ship_tim7_3_,
        order0_.shipping_address as shipping8_3_,
        order0_.shipping_name as shipping9_3_,
        order0_.shipping_phone as shippin10_3_,
        order0_.status as status11_3_,
        order0_.tracking_company as trackin12_3_,
        order0_.tracking_number as trackin13_3_,
        order0_.updated_at as updated14_3_ 
    from
        orders order0_ 
    where
        order0_.status='PENDING' 
        and order0_.created_at<?
2026-04-28 14:08:33.771 DEBUG 53092 --- [   scheduling-1] org.hibernate.SQL                        : 
    select
        order0_.id as id1_3_,
        order0_.buyer_id as buyer_i15_3_,
        order0_.created_at as created_2_3_,
        order0_.order_no as order_no3_3_,
        order0_.payment_time as payment_4_3_,
        order0_.price as price5_3_,
        order0_.product_id as product16_3_,
        order0_.receive_time as receive_6_3_,
        order0_.seller_id as seller_17_3_,
        order0_.ship_time as ship_tim7_3_,
        order0_.shipping_address as shipping8_3_,
        order0_.shipping_name as shipping9_3_,
        order0_.shipping_phone as shippin10_3_,
        order0_.status as status11_3_,
        order0_.tracking_company as trackin12_3_,
        order0_.tracking_number as trackin13_3_,
        order0_.updated_at as updated14_3_ 
    from
        orders order0_ 
    where
        order0_.status='PENDING' 
        and order0_.created_at<?
Hibernate: 
    select
        order0_.id as id1_3_,
        order0_.buyer_id as buyer_i15_3_,
        order0_.created_at as created_2_3_,
        order0_.order_no as order_no3_3_,
        order0_.payment_time as payment_4_3_,
        order0_.price as price5_3_,
        order0_.product_id as product16_3_,
        order0_.receive_time as receive_6_3_,
        order0_.seller_id as seller_17_3_,
        order0_.ship_time as ship_tim7_3_,
        order0_.shipping_address as shipping8_3_,
        order0_.shipping_name as shipping9_3_,
        order0_.shipping_phone as shippin10_3_,
        order0_.status as status11_3_,
        order0_.tracking_company as trackin12_3_,
        order0_.tracking_number as trackin13_3_,
        order0_.updated_at as updated14_3_ 
    from
        orders order0_ 
    where
        order0_.status='PENDING' 
        and order0_.created_at<?
2026-04-28 14:09:33.781 DEBUG 53092 --- [   scheduling-1] org.hibernate.SQL                        : 
    select
        order0_.id as id1_3_,
        order0_.buyer_id as buyer_i15_3_,
        order0_.created_at as created_2_3_,
        order0_.order_no as order_no3_3_,
        order0_.payment_time as payment_4_3_,
        order0_.price as price5_3_,
        order0_.product_id as product16_3_,
        order0_.receive_time as receive_6_3_,
        order0_.seller_id as seller_17_3_,
        order0_.ship_time as ship_tim7_3_,
        order0_.shipping_address as shipping8_3_,
        order0_.shipping_name as shipping9_3_,
        order0_.shipping_phone as shippin10_3_,
        order0_.status as status11_3_,
        order0_.tracking_company as trackin12_3_,
        order0_.tracking_number as trackin13_3_,
        order0_.updated_at as updated14_3_ 
    from
        orders order0_ 
    where
        order0_.status='PENDING' 
        and order0_.created_at<?
Hibernate: 
    select
        order0_.id as id1_3_,
        order0_.buyer_id as buyer_i15_3_,
        order0_.created_at as created_2_3_,
        order0_.order_no as order_no3_3_,
        order0_.payment_time as payment_4_3_,
        order0_.price as price5_3_,
        order0_.product_id as product16_3_,
        order0_.receive_time as receive_6_3_,
        order0_.seller_id as seller_17_3_,
        order0_.ship_time as ship_tim7_3_,
        order0_.shipping_address as shipping8_3_,
        order0_.shipping_name as shipping9_3_,
        order0_.shipping_phone as shippin10_3_,
        order0_.status as status11_3_,
        order0_.tracking_company as trackin12_3_,
        order0_.tracking_number as trackin13_3_,
        order0_.updated_at as updated14_3_ 
    from
        orders order0_ 
    where
        order0_.status='PENDING' 
        and order0_.created_at<?
2026-04-28 14:10:33.794 DEBUG 53092 --- [   scheduling-1] org.hibernate.SQL                        : 
    select
        order0_.id as id1_3_,
        order0_.buyer_id as buyer_i15_3_,
        order0_.created_at as created_2_3_,
        order0_.order_no as order_no3_3_,
        order0_.payment_time as payment_4_3_,
        order0_.price as price5_3_,
        order0_.product_id as product16_3_,
        order0_.receive_time as receive_6_3_,
        order0_.seller_id as seller_17_3_,
        order0_.ship_time as ship_tim7_3_,
        order0_.shipping_address as shipping8_3_,
        order0_.shipping_name as shipping9_3_,
        order0_.shipping_phone as shippin10_3_,
        order0_.status as status11_3_,
        order0_.tracking_company as trackin12_3_,
        order0_.tracking_number as trackin13_3_,
        order0_.updated_at as updated14_3_ 
    from
        orders order0_ 
    where
        order0_.status='PENDING' 
        and order0_.created_at<?
Hibernate: 
    select
        order0_.id as id1_3_,
        order0_.buyer_id as buyer_i15_3_,
        order0_.created_at as created_2_3_,
        order0_.order_no as order_no3_3_,
        order0_.payment_time as payment_4_3_,
        order0_.price as price5_3_,
        order0_.product_id as product16_3_,
        order0_.receive_time as receive_6_3_,
        order0_.seller_id as seller_17_3_,
        order0_.ship_time as ship_tim7_3_,
        order0_.shipping_address as shipping8_3_,
        order0_.shipping_name as shipping9_3_,
        order0_.shipping_phone as shippin10_3_,
        order0_.status as status11_3_,
        order0_.tracking_company as trackin12_3_,
        order0_.tracking_number as trackin13_3_,
        order0_.updated_at as updated14_3_ 
    from
        orders order0_ 
    where
        order0_.status='PENDING' 
        and order0_.created_at<?
2026-04-28 14:11:33.811 DEBUG 53092 --- [   scheduling-1] org.hibernate.SQL                        : 
    select
        order0_.id as id1_3_,
        order0_.buyer_id as buyer_i15_3_,
        order0_.created_at as created_2_3_,
        order0_.order_no as order_no3_3_,
        order0_.payment_time as payment_4_3_,
        order0_.price as price5_3_,
        order0_.product_id as product16_3_,
        order0_.receive_time as receive_6_3_,
        order0_.seller_id as seller_17_3_,
        order0_.ship_time as ship_tim7_3_,
        order0_.shipping_address as shipping8_3_,
        order0_.shipping_name as shipping9_3_,
        order0_.shipping_phone as shippin10_3_,
        order0_.status as status11_3_,
        order0_.tracking_company as trackin12_3_,
        order0_.tracking_number as trackin13_3_,
        order0_.updated_at as updated14_3_ 
    from
        orders order0_ 
    where
        order0_.status='PENDING' 
        and order0_.created_at<?
Hibernate: 
    select
        order0_.id as id1_3_,
        order0_.buyer_id as buyer_i15_3_,
        order0_.created_at as created_2_3_,
        order0_.order_no as order_no3_3_,
        order0_.payment_time as payment_4_3_,
        order0_.price as price5_3_,
        order0_.product_id as product16_3_,
        order0_.receive_time as receive_6_3_,
        order0_.seller_id as seller_17_3_,
        order0_.ship_time as ship_tim7_3_,
        order0_.shipping_address as shipping8_3_,
        order0_.shipping_name as shipping9_3_,
        order0_.shipping_phone as shippin10_3_,
        order0_.status as status11_3_,
        order0_.tracking_company as trackin12_3_,
        order0_.tracking_number as trackin13_3_,
        order0_.updated_at as updated14_3_ 
    from
        orders order0_ 
    where
        order0_.status='PENDING' 
        and order0_.created_at<?
2026-04-28 14:12:33.828 DEBUG 53092 --- [   scheduling-1] org.hibernate.SQL                        : 
    select
        order0_.id as id1_3_,
        order0_.buyer_id as buyer_i15_3_,
        order0_.created_at as created_2_3_,
        order0_.order_no as order_no3_3_,
        order0_.payment_time as payment_4_3_,
        order0_.price as price5_3_,
        order0_.product_id as product16_3_,
        order0_.receive_time as receive_6_3_,
        order0_.seller_id as seller_17_3_,
        order0_.ship_time as ship_tim7_3_,
        order0_.shipping_address as shipping8_3_,
        order0_.shipping_name as shipping9_3_,
        order0_.shipping_phone as shippin10_3_,
        order0_.status as status11_3_,
        order0_.tracking_company as trackin12_3_,
        order0_.tracking_number as trackin13_3_,
        order0_.updated_at as updated14_3_ 
    from
        orders order0_ 
    where
        order0_.status='PENDING' 
        and order0_.created_at<?
Hibernate: 
    select
        order0_.id as id1_3_,
        order0_.buyer_id as buyer_i15_3_,
        order0_.created_at as created_2_3_,
        order0_.order_no as order_no3_3_,
        order0_.payment_time as payment_4_3_,
        order0_.price as price5_3_,
        order0_.product_id as product16_3_,
        order0_.receive_time as receive_6_3_,
        order0_.seller_id as seller_17_3_,
        order0_.ship_time as ship_tim7_3_,
        order0_.shipping_address as shipping8_3_,
        order0_.shipping_name as shipping9_3_,
        order0_.shipping_phone as shippin10_3_,
        order0_.status as status11_3_,
        order0_.tracking_company as trackin12_3_,
        order0_.tracking_number as trackin13_3_,
        order0_.updated_at as updated14_3_ 
    from
        orders order0_ 
    where
        order0_.status='PENDING' 
        and order0_.created_at<?
2026-04-28 14:13:33.839 DEBUG 53092 --- [   scheduling-1] org.hibernate.SQL                        : 
    select
        order0_.id as id1_3_,
        order0_.buyer_id as buyer_i15_3_,
        order0_.created_at as created_2_3_,
        order0_.order_no as order_no3_3_,
        order0_.payment_time as payment_4_3_,
        order0_.price as price5_3_,
        order0_.product_id as product16_3_,
        order0_.receive_time as receive_6_3_,
        order0_.seller_id as seller_17_3_,
        order0_.ship_time as ship_tim7_3_,
        order0_.shipping_address as shipping8_3_,
        order0_.shipping_name as shipping9_3_,
        order0_.shipping_phone as shippin10_3_,
        order0_.status as status11_3_,
        order0_.tracking_company as trackin12_3_,
        order0_.tracking_number as trackin13_3_,
        order0_.updated_at as updated14_3_ 
    from
        orders order0_ 
    where
        order0_.status='PENDING' 
        and order0_.created_at<?
Hibernate: 
    select
        order0_.id as id1_3_,
        order0_.buyer_id as buyer_i15_3_,
        order0_.created_at as created_2_3_,
        order0_.order_no as order_no3_3_,
        order0_.payment_time as payment_4_3_,
        order0_.price as price5_3_,
        order0_.product_id as product16_3_,
        order0_.receive_time as receive_6_3_,
        order0_.seller_id as seller_17_3_,
        order0_.ship_time as ship_tim7_3_,
        order0_.shipping_address as shipping8_3_,
        order0_.shipping_name as shipping9_3_,
        order0_.shipping_phone as shippin10_3_,
        order0_.status as status11_3_,
        order0_.tracking_company as trackin12_3_,
        order0_.tracking_number as trackin13_3_,
        order0_.updated_at as updated14_3_ 
    from
        orders order0_ 
    where
        order0_.status='PENDING' 
        and order0_.created_at<?
2026-04-28 14:14:33.847 DEBUG 53092 --- [   scheduling-1] org.hibernate.SQL                        : 
    select
        order0_.id as id1_3_,
        order0_.buyer_id as buyer_i15_3_,
        order0_.created_at as created_2_3_,
        order0_.order_no as order_no3_3_,
        order0_.payment_time as payment_4_3_,
        order0_.price as price5_3_,
        order0_.product_id as product16_3_,
        order0_.receive_time as receive_6_3_,
        order0_.seller_id as seller_17_3_,
        order0_.ship_time as ship_tim7_3_,
        order0_.shipping_address as shipping8_3_,
        order0_.shipping_name as shipping9_3_,
        order0_.shipping_phone as shippin10_3_,
        order0_.status as status11_3_,
        order0_.tracking_company as trackin12_3_,
        order0_.tracking_number as trackin13_3_,
        order0_.updated_at as updated14_3_ 
    from
        orders order0_ 
    where
        order0_.status='PENDING' 
        and order0_.created_at<?
Hibernate: 
    select
        order0_.id as id1_3_,
        order0_.buyer_id as buyer_i15_3_,
        order0_.created_at as created_2_3_,
        order0_.order_no as order_no3_3_,
        order0_.payment_time as payment_4_3_,
        order0_.price as price5_3_,
        order0_.product_id as product16_3_,
        order0_.receive_time as receive_6_3_,
        order0_.seller_id as seller_17_3_,
        order0_.ship_time as ship_tim7_3_,
        order0_.shipping_address as shipping8_3_,
        order0_.shipping_name as shipping9_3_,
        order0_.shipping_phone as shippin10_3_,
        order0_.status as status11_3_,
        order0_.tracking_company as trackin12_3_,
        order0_.tracking_number as trackin13_3_,
        order0_.updated_at as updated14_3_ 
    from
        orders order0_ 
    where
        order0_.status='PENDING' 
        and order0_.created_at<?
2026-04-28 14:15:33.858 DEBUG 53092 --- [   scheduling-1] org.hibernate.SQL                        : 
    select
        order0_.id as id1_3_,
        order0_.buyer_id as buyer_i15_3_,
        order0_.created_at as created_2_3_,
        order0_.order_no as order_no3_3_,
        order0_.payment_time as payment_4_3_,
        order0_.price as price5_3_,
        order0_.product_id as product16_3_,
        order0_.receive_time as receive_6_3_,
        order0_.seller_id as seller_17_3_,
        order0_.ship_time as ship_tim7_3_,
        order0_.shipping_address as shipping8_3_,
        order0_.shipping_name as shipping9_3_,
        order0_.shipping_phone as shippin10_3_,
        order0_.status as status11_3_,
        order0_.tracking_company as trackin12_3_,
        order0_.tracking_number as trackin13_3_,
        order0_.updated_at as updated14_3_ 
    from
        orders order0_ 
    where
        order0_.status='PENDING' 
        and order0_.created_at<?
Hibernate: 
    select
        order0_.id as id1_3_,
        order0_.buyer_id as buyer_i15_3_,
        order0_.created_at as created_2_3_,
        order0_.order_no as order_no3_3_,
        order0_.payment_time as payment_4_3_,
        order0_.price as price5_3_,
        order0_.product_id as product16_3_,
        order0_.receive_time as receive_6_3_,
        order0_.seller_id as seller_17_3_,
        order0_.ship_time as ship_tim7_3_,
        order0_.shipping_address as shipping8_3_,
        order0_.shipping_name as shipping9_3_,
        order0_.shipping_phone as shippin10_3_,
        order0_.status as status11_3_,
        order0_.tracking_company as trackin12_3_,
        order0_.tracking_number as trackin13_3_,
        order0_.updated_at as updated14_3_ 
    from
        orders order0_ 
    where
        order0_.status='PENDING' 
        and order0_.created_at<?
2026-04-28 14:16:33.867 DEBUG 53092 --- [   scheduling-1] org.hibernate.SQL                        : 
    select
        order0_.id as id1_3_,
        order0_.buyer_id as buyer_i15_3_,
        order0_.created_at as created_2_3_,
        order0_.order_no as order_no3_3_,
        order0_.payment_time as payment_4_3_,
        order0_.price as price5_3_,
        order0_.product_id as product16_3_,
        order0_.receive_time as receive_6_3_,
        order0_.seller_id as seller_17_3_,
        order0_.ship_time as ship_tim7_3_,
        order0_.shipping_address as shipping8_3_,
        order0_.shipping_name as shipping9_3_,
        order0_.shipping_phone as shippin10_3_,
        order0_.status as status11_3_,
        order0_.tracking_company as trackin12_3_,
        order0_.tracking_number as trackin13_3_,
        order0_.updated_at as updated14_3_ 
    from
        orders order0_ 
    where
        order0_.status='PENDING' 
        and order0_.created_at<?
Hibernate: 
    select
        order0_.id as id1_3_,
        order0_.buyer_id as buyer_i15_3_,
        order0_.created_at as created_2_3_,
        order0_.order_no as order_no3_3_,
        order0_.payment_time as payment_4_3_,
        order0_.price as price5_3_,
        order0_.product_id as product16_3_,
        order0_.receive_time as receive_6_3_,
        order0_.seller_id as seller_17_3_,
        order0_.ship_time as ship_tim7_3_,
        order0_.shipping_address as shipping8_3_,
        order0_.shipping_name as shipping9_3_,
        order0_.shipping_phone as shippin10_3_,
        order0_.status as status11_3_,
        order0_.tracking_company as trackin12_3_,
        order0_.tracking_number as trackin13_3_,
        order0_.updated_at as updated14_3_ 
    from
        orders order0_ 
    where
        order0_.status='PENDING' 
        and order0_.created_at<?
2026-04-28 14:17:33.883 DEBUG 53092 --- [   scheduling-1] org.hibernate.SQL                        : 
    select
        order0_.id as id1_3_,
        order0_.buyer_id as buyer_i15_3_,
        order0_.created_at as created_2_3_,
        order0_.order_no as order_no3_3_,
        order0_.payment_time as payment_4_3_,
        order0_.price as price5_3_,
        order0_.product_id as product16_3_,
        order0_.receive_time as receive_6_3_,
        order0_.seller_id as seller_17_3_,
        order0_.ship_time as ship_tim7_3_,
        order0_.shipping_address as shipping8_3_,
        order0_.shipping_name as shipping9_3_,
        order0_.shipping_phone as shippin10_3_,
        order0_.status as status11_3_,
        order0_.tracking_company as trackin12_3_,
        order0_.tracking_number as trackin13_3_,
        order0_.updated_at as updated14_3_ 
    from
        orders order0_ 
    where
        order0_.status='PENDING' 
        and order0_.created_at<?
Hibernate: 
    select
        order0_.id as id1_3_,
        order0_.buyer_id as buyer_i15_3_,
        order0_.created_at as created_2_3_,
        order0_.order_no as order_no3_3_,
        order0_.payment_time as payment_4_3_,
        order0_.price as price5_3_,
        order0_.product_id as product16_3_,
        order0_.receive_time as receive_6_3_,
        order0_.seller_id as seller_17_3_,
        order0_.ship_time as ship_tim7_3_,
        order0_.shipping_address as shipping8_3_,
        order0_.shipping_name as shipping9_3_,
        order0_.shipping_phone as shippin10_3_,
        order0_.status as status11_3_,
        order0_.tracking_company as trackin12_3_,
        order0_.tracking_number as trackin13_3_,
        order0_.updated_at as updated14_3_ 
    from
        orders order0_ 
    where
        order0_.status='PENDING' 
        and order0_.created_at<?
2026-04-28 14:18:33.900 DEBUG 53092 --- [   scheduling-1] org.hibernate.SQL                        : 
    select
        order0_.id as id1_3_,
        order0_.buyer_id as buyer_i15_3_,
        order0_.created_at as created_2_3_,
        order0_.order_no as order_no3_3_,
        order0_.payment_time as payment_4_3_,
        order0_.price as price5_3_,
        order0_.product_id as product16_3_,
        order0_.receive_time as receive_6_3_,
        order0_.seller_id as seller_17_3_,
        order0_.ship_time as ship_tim7_3_,
        order0_.shipping_address as shipping8_3_,
        order0_.shipping_name as shipping9_3_,
        order0_.shipping_phone as shippin10_3_,
        order0_.status as status11_3_,
        order0_.tracking_company as trackin12_3_,
        order0_.tracking_number as trackin13_3_,
        order0_.updated_at as updated14_3_ 
    from
        orders order0_ 
    where
        order0_.status='PENDING' 
        and order0_.created_at<?
Hibernate: 
    select
        order0_.id as id1_3_,
        order0_.buyer_id as buyer_i15_3_,
        order0_.created_at as created_2_3_,
        order0_.order_no as order_no3_3_,
        order0_.payment_time as payment_4_3_,
        order0_.price as price5_3_,
        order0_.product_id as product16_3_,
        order0_.receive_time as receive_6_3_,
        order0_.seller_id as seller_17_3_,
        order0_.ship_time as ship_tim7_3_,
        order0_.shipping_address as shipping8_3_,
        order0_.shipping_name as shipping9_3_,
        order0_.shipping_phone as shippin10_3_,
        order0_.status as status11_3_,
        order0_.tracking_company as trackin12_3_,
        order0_.tracking_number as trackin13_3_,
        order0_.updated_at as updated14_3_ 
    from
        orders order0_ 
    where
        order0_.status='PENDING' 
        and order0_.created_at<?
2026-04-28 14:19:33.910 DEBUG 53092 --- [   scheduling-1] org.hibernate.SQL                        : 
    select
        order0_.id as id1_3_,
        order0_.buyer_id as buyer_i15_3_,
        order0_.created_at as created_2_3_,
        order0_.order_no as order_no3_3_,
        order0_.payment_time as payment_4_3_,
        order0_.price as price5_3_,
        order0_.product_id as product16_3_,
        order0_.receive_time as receive_6_3_,
        order0_.seller_id as seller_17_3_,
        order0_.ship_time as ship_tim7_3_,
        order0_.shipping_address as shipping8_3_,
        order0_.shipping_name as shipping9_3_,
        order0_.shipping_phone as shippin10_3_,
        order0_.status as status11_3_,
        order0_.tracking_company as trackin12_3_,
        order0_.tracking_number as trackin13_3_,
        order0_.updated_at as updated14_3_ 
    from
        orders order0_ 
    where
        order0_.status='PENDING' 
        and order0_.created_at<?
Hibernate: 
    select
        order0_.id as id1_3_,
        order0_.buyer_id as buyer_i15_3_,
        order0_.created_at as created_2_3_,
        order0_.order_no as order_no3_3_,
        order0_.payment_time as payment_4_3_,
        order0_.price as price5_3_,
        order0_.product_id as product16_3_,
        order0_.receive_time as receive_6_3_,
        order0_.seller_id as seller_17_3_,
        order0_.ship_time as ship_tim7_3_,
        order0_.shipping_address as shipping8_3_,
        order0_.shipping_name as shipping9_3_,
        order0_.shipping_phone as shippin10_3_,
        order0_.status as status11_3_,
        order0_.tracking_company as trackin12_3_,
        order0_.tracking_number as trackin13_3_,
        order0_.updated_at as updated14_3_ 
    from
        orders order0_ 
    where
        order0_.status='PENDING' 
        and order0_.created_at<?
2026-04-28 14:20:33.916 DEBUG 53092 --- [   scheduling-1] org.hibernate.SQL                        : 
    select
        order0_.id as id1_3_,
        order0_.buyer_id as buyer_i15_3_,
        order0_.created_at as created_2_3_,
        order0_.order_no as order_no3_3_,
        order0_.payment_time as payment_4_3_,
        order0_.price as price5_3_,
        order0_.product_id as product16_3_,
        order0_.receive_time as receive_6_3_,
        order0_.seller_id as seller_17_3_,
        order0_.ship_time as ship_tim7_3_,
        order0_.shipping_address as shipping8_3_,
        order0_.shipping_name as shipping9_3_,
        order0_.shipping_phone as shippin10_3_,
        order0_.status as status11_3_,
        order0_.tracking_company as trackin12_3_,
        order0_.tracking_number as trackin13_3_,
        order0_.updated_at as updated14_3_ 
    from
        orders order0_ 
    where
        order0_.status='PENDING' 
        and order0_.created_at<?
Hibernate: 
    select
        order0_.id as id1_3_,
        order0_.buyer_id as buyer_i15_3_,
        order0_.created_at as created_2_3_,
        order0_.order_no as order_no3_3_,
        order0_.payment_time as payment_4_3_,
        order0_.price as price5_3_,
        order0_.product_id as product16_3_,
        order0_.receive_time as receive_6_3_,
        order0_.seller_id as seller_17_3_,
        order0_.ship_time as ship_tim7_3_,
        order0_.shipping_address as shipping8_3_,
        order0_.shipping_name as shipping9_3_,
        order0_.shipping_phone as shippin10_3_,
        order0_.status as status11_3_,
        order0_.tracking_company as trackin12_3_,
        order0_.tracking_number as trackin13_3_,
        order0_.updated_at as updated14_3_ 
    from
        orders order0_ 
    where
        order0_.status='PENDING' 
        and order0_.created_at<?
2026-04-28 14:21:33.934 DEBUG 53092 --- [   scheduling-1] org.hibernate.SQL                        : 
    select
        order0_.id as id1_3_,
        order0_.buyer_id as buyer_i15_3_,
        order0_.created_at as created_2_3_,
        order0_.order_no as order_no3_3_,
        order0_.payment_time as payment_4_3_,
        order0_.price as price5_3_,
        order0_.product_id as product16_3_,
        order0_.receive_time as receive_6_3_,
        order0_.seller_id as seller_17_3_,
        order0_.ship_time as ship_tim7_3_,
        order0_.shipping_address as shipping8_3_,
        order0_.shipping_name as shipping9_3_,
        order0_.shipping_phone as shippin10_3_,
        order0_.status as status11_3_,
        order0_.tracking_company as trackin12_3_,
        order0_.tracking_number as trackin13_3_,
        order0_.updated_at as updated14_3_ 
    from
        orders order0_ 
    where
        order0_.status='PENDING' 
        and order0_.created_at<?
Hibernate: 
    select
        order0_.id as id1_3_,
        order0_.buyer_id as buyer_i15_3_,
        order0_.created_at as created_2_3_,
        order0_.order_no as order_no3_3_,
        order0_.payment_time as payment_4_3_,
        order0_.price as price5_3_,
        order0_.product_id as product16_3_,
        order0_.receive_time as receive_6_3_,
        order0_.seller_id as seller_17_3_,
        order0_.ship_time as ship_tim7_3_,
        order0_.shipping_address as shipping8_3_,
        order0_.shipping_name as shipping9_3_,
        order0_.shipping_phone as shippin10_3_,
        order0_.status as status11_3_,
        order0_.tracking_company as trackin12_3_,
        order0_.tracking_number as trackin13_3_,
        order0_.updated_at as updated14_3_ 
    from
        orders order0_ 
    where
        order0_.status='PENDING' 
        and order0_.created_at<?
2026-04-28 14:21:52.809  INFO 53092 --- [nio-8080-exec-2] o.a.c.c.C.[Tomcat].[localhost].[/]       : Initializing Spring DispatcherServlet 'dispatcherServlet'
2026-04-28 14:21:52.810  INFO 53092 --- [nio-8080-exec-2] o.s.web.servlet.DispatcherServlet        : Initializing Servlet 'dispatcherServlet'
2026-04-28 14:21:52.811  INFO 53092 --- [nio-8080-exec-2] o.s.web.servlet.DispatcherServlet        : Completed initialization in 1 ms
2026-04-28 14:22:33.952 DEBUG 53092 --- [   scheduling-1] org.hibernate.SQL                        : 
    select
        order0_.id as id1_3_,
        order0_.buyer_id as buyer_i15_3_,
        order0_.created_at as created_2_3_,
        order0_.order_no as order_no3_3_,
        order0_.payment_time as payment_4_3_,
        order0_.price as price5_3_,
        order0_.product_id as product16_3_,
        order0_.receive_time as receive_6_3_,
        order0_.seller_id as seller_17_3_,
        order0_.ship_time as ship_tim7_3_,
        order0_.shipping_address as shipping8_3_,
        order0_.shipping_name as shipping9_3_,
        order0_.shipping_phone as shippin10_3_,
        order0_.status as status11_3_,
        order0_.tracking_company as trackin12_3_,
        order0_.tracking_number as trackin13_3_,
        order0_.updated_at as updated14_3_ 
    from
        orders order0_ 
    where
        order0_.status='PENDING' 
        and order0_.created_at<?
Hibernate: 
    select
        order0_.id as id1_3_,
        order0_.buyer_id as buyer_i15_3_,
        order0_.created_at as created_2_3_,
        order0_.order_no as order_no3_3_,
        order0_.payment_time as payment_4_3_,
        order0_.price as price5_3_,
        order0_.product_id as product16_3_,
        order0_.receive_time as receive_6_3_,
        order0_.seller_id as seller_17_3_,
        order0_.ship_time as ship_tim7_3_,
        order0_.shipping_address as shipping8_3_,
        order0_.shipping_name as shipping9_3_,
        order0_.shipping_phone as shippin10_3_,
        order0_.status as status11_3_,
        order0_.tracking_company as trackin12_3_,
        order0_.tracking_number as trackin13_3_,
        order0_.updated_at as updated14_3_ 
    from
        orders order0_ 
    where
        order0_.status='PENDING' 
        and order0_.created_at<?
2026-04-28 14:23:19.086  INFO 53092 --- [nio-8080-exec-3] o.springdoc.api.AbstractOpenApiResource  : Init duration for springdoc-openapi is: 375 ms
2026-04-28 14:23:33.964 DEBUG 53092 --- [   scheduling-1] org.hibernate.SQL                        : 
    select
        order0_.id as id1_3_,
        order0_.buyer_id as buyer_i15_3_,
        order0_.created_at as created_2_3_,
        order0_.order_no as order_no3_3_,
        order0_.payment_time as payment_4_3_,
        order0_.price as price5_3_,
        order0_.product_id as product16_3_,
        order0_.receive_time as receive_6_3_,
        order0_.seller_id as seller_17_3_,
        order0_.ship_time as ship_tim7_3_,
        order0_.shipping_address as shipping8_3_,
        order0_.shipping_name as shipping9_3_,
        order0_.shipping_phone as shippin10_3_,
        order0_.status as status11_3_,
        order0_.tracking_company as trackin12_3_,
        order0_.tracking_number as trackin13_3_,
        order0_.updated_at as updated14_3_ 
    from
        orders order0_ 
    where
        order0_.status='PENDING' 
        and order0_.created_at<?
Hibernate: 
    select
        order0_.id as id1_3_,
        order0_.buyer_id as buyer_i15_3_,
        order0_.created_at as created_2_3_,
        order0_.order_no as order_no3_3_,
        order0_.payment_time as payment_4_3_,
        order0_.price as price5_3_,
        order0_.product_id as product16_3_,
        order0_.receive_time as receive_6_3_,
        order0_.seller_id as seller_17_3_,
        order0_.ship_time as ship_tim7_3_,
        order0_.shipping_address as shipping8_3_,
        order0_.shipping_name as shipping9_3_,
        order0_.shipping_phone as shippin10_3_,
        order0_.status as status11_3_,
        order0_.tracking_company as trackin12_3_,
        order0_.tracking_number as trackin13_3_,
        order0_.updated_at as updated14_3_ 
    from
        orders order0_ 
    where
        order0_.status='PENDING' 
        and order0_.created_at<?
2026-04-28 14:24:33.972 DEBUG 53092 --- [   scheduling-1] org.hibernate.SQL                        : 
    select
        order0_.id as id1_3_,
        order0_.buyer_id as buyer_i15_3_,
        order0_.created_at as created_2_3_,
        order0_.order_no as order_no3_3_,
        order0_.payment_time as payment_4_3_,
        order0_.price as price5_3_,
        order0_.product_id as product16_3_,
        order0_.receive_time as receive_6_3_,
        order0_.seller_id as seller_17_3_,
        order0_.ship_time as ship_tim7_3_,
        order0_.shipping_address as shipping8_3_,
        order0_.shipping_name as shipping9_3_,
        order0_.shipping_phone as shippin10_3_,
        order0_.status as status11_3_,
        order0_.tracking_company as trackin12_3_,
        order0_.tracking_number as trackin13_3_,
        order0_.updated_at as updated14_3_ 
    from
        orders order0_ 
    where
        order0_.status='PENDING' 
        and order0_.created_at<?
Hibernate: 
    select
        order0_.id as id1_3_,
        order0_.buyer_id as buyer_i15_3_,
        order0_.created_at as created_2_3_,
        order0_.order_no as order_no3_3_,
        order0_.payment_time as payment_4_3_,
        order0_.price as price5_3_,
        order0_.product_id as product16_3_,
        order0_.receive_time as receive_6_3_,
        order0_.seller_id as seller_17_3_,
        order0_.ship_time as ship_tim7_3_,
        order0_.shipping_address as shipping8_3_,
        order0_.shipping_name as shipping9_3_,
        order0_.shipping_phone as shippin10_3_,
        order0_.status as status11_3_,
        order0_.tracking_company as trackin12_3_,
        order0_.tracking_number as trackin13_3_,
        order0_.updated_at as updated14_3_ 
    from
        orders order0_ 
    where
        order0_.status='PENDING' 
        and order0_.created_at<?
2026-04-28 14:25:33.978 DEBUG 53092 --- [   scheduling-1] org.hibernate.SQL                        : 
    select
        order0_.id as id1_3_,
        order0_.buyer_id as buyer_i15_3_,
        order0_.created_at as created_2_3_,
        order0_.order_no as order_no3_3_,
        order0_.payment_time as payment_4_3_,
        order0_.price as price5_3_,
        order0_.product_id as product16_3_,
        order0_.receive_time as receive_6_3_,
        order0_.seller_id as seller_17_3_,
        order0_.ship_time as ship_tim7_3_,
        order0_.shipping_address as shipping8_3_,
        order0_.shipping_name as shipping9_3_,
        order0_.shipping_phone as shippin10_3_,
        order0_.status as status11_3_,
        order0_.tracking_company as trackin12_3_,
        order0_.tracking_number as trackin13_3_,
        order0_.updated_at as updated14_3_ 
    from
        orders order0_ 
    where
        order0_.status='PENDING' 
        and order0_.created_at<?
Hibernate: 
    select
        order0_.id as id1_3_,
        order0_.buyer_id as buyer_i15_3_,
        order0_.created_at as created_2_3_,
        order0_.order_no as order_no3_3_,
        order0_.payment_time as payment_4_3_,
        order0_.price as price5_3_,
        order0_.product_id as product16_3_,
        order0_.receive_time as receive_6_3_,
        order0_.seller_id as seller_17_3_,
        order0_.ship_time as ship_tim7_3_,
        order0_.shipping_address as shipping8_3_,
        order0_.shipping_name as shipping9_3_,
        order0_.shipping_phone as shippin10_3_,
        order0_.status as status11_3_,
        order0_.tracking_company as trackin12_3_,
        order0_.tracking_number as trackin13_3_,
        order0_.updated_at as updated14_3_ 
    from
        orders order0_ 
    where
        order0_.status='PENDING' 
        and order0_.created_at<?
2026-04-28 14:25:44.867 DEBUG 53092 --- [nio-8080-exec-2] org.hibernate.SQL                        : 
    select
        category0_.id as id1_0_,
        category0_.created_at as created_2_0_,
        category0_.icon as icon3_0_,
        category0_.name as name4_0_,
        category0_.sort_order as sort_ord5_0_ 
    from
        categories category0_ 
    order by
        category0_.sort_order asc
Hibernate: 
    select
        category0_.id as id1_0_,
        category0_.created_at as created_2_0_,
        category0_.icon as icon3_0_,
        category0_.name as name4_0_,
        category0_.sort_order as sort_ord5_0_ 
    from
        categories category0_ 
    order by
        category0_.sort_order asc
2026-04-28 14:25:44.868 DEBUG 53092 --- [nio-8080-exec-1] org.hibernate.SQL                        : 
    select
        product0_.id as id1_5_,
        product0_.category_id as categor14_5_,
        product0_.condition_level as conditio2_5_,
        product0_.created_at as created_3_5_,
        product0_.description as descript4_5_,
        product0_.image_url as image_ur5_5_,
        product0_.location as location6_5_,
        product0_.name as name7_5_,
        product0_.original_price as original8_5_,
        product0_.price as price9_5_,
        product0_.reject_reason as reject_10_5_,
        product0_.seller_id as seller_15_5_,
        product0_.status as status11_5_,
        product0_.updated_at as updated12_5_,
        product0_.view_count as view_co13_5_ 
    from
        products product0_ 
    where
        product0_.status=? 
    order by
        product0_.created_at desc limit ?
Hibernate: 
    select
        product0_.id as id1_5_,
        product0_.category_id as categor14_5_,
        product0_.condition_level as conditio2_5_,
        product0_.created_at as created_3_5_,
        product0_.description as descript4_5_,
        product0_.image_url as image_ur5_5_,
        product0_.location as location6_5_,
        product0_.name as name7_5_,
        product0_.original_price as original8_5_,
        product0_.price as price9_5_,
        product0_.reject_reason as reject_10_5_,
        product0_.seller_id as seller_15_5_,
        product0_.status as status11_5_,
        product0_.updated_at as updated12_5_,
        product0_.view_count as view_co13_5_ 
    from
        products product0_ 
    where
        product0_.status=? 
    order by
        product0_.created_at desc limit ?
2026-04-28 14:25:44.888 DEBUG 53092 --- [nio-8080-exec-1] org.hibernate.SQL                        : 
    select
        user0_.id as id1_7_0_,
        user0_.avatar as avatar2_7_0_,
        user0_.created_at as created_3_7_0_,
        user0_.credit_score as credit_s4_7_0_,
        user0_.email as email5_7_0_,
        user0_.id_card as id_card6_7_0_,
        user0_.nickname as nickname7_7_0_,
        user0_.password as password8_7_0_,
        user0_.phone_number as phone_nu9_7_0_,
        user0_.role as role10_7_0_,
        user0_.status as status11_7_0_,
        user0_.updated_at as updated12_7_0_,
        user0_.username as usernam13_7_0_ 
    from
        users user0_ 
    where
        user0_.id=?
Hibernate: 
    select
        user0_.id as id1_7_0_,
        user0_.avatar as avatar2_7_0_,
        user0_.created_at as created_3_7_0_,
        user0_.credit_score as credit_s4_7_0_,
        user0_.email as email5_7_0_,
        user0_.id_card as id_card6_7_0_,
        user0_.nickname as nickname7_7_0_,
        user0_.password as password8_7_0_,
        user0_.phone_number as phone_nu9_7_0_,
        user0_.role as role10_7_0_,
        user0_.status as status11_7_0_,
        user0_.updated_at as updated12_7_0_,
        user0_.username as usernam13_7_0_ 
    from
        users user0_ 
    where
        user0_.id=?
2026-04-28 14:25:44.891 DEBUG 53092 --- [nio-8080-exec-1] org.hibernate.SQL                        : 
    select
        user0_.id as id1_7_0_,
        user0_.avatar as avatar2_7_0_,
        user0_.created_at as created_3_7_0_,
        user0_.credit_score as credit_s4_7_0_,
        user0_.email as email5_7_0_,
        user0_.id_card as id_card6_7_0_,
        user0_.nickname as nickname7_7_0_,
        user0_.password as password8_7_0_,
        user0_.phone_number as phone_nu9_7_0_,
        user0_.role as role10_7_0_,
        user0_.status as status11_7_0_,
        user0_.updated_at as updated12_7_0_,
        user0_.username as usernam13_7_0_ 
    from
        users user0_ 
    where
        user0_.id=?
Hibernate: 
    select
        user0_.id as id1_7_0_,
        user0_.avatar as avatar2_7_0_,
        user0_.created_at as created_3_7_0_,
        user0_.credit_score as credit_s4_7_0_,
        user0_.email as email5_7_0_,
        user0_.id_card as id_card6_7_0_,
        user0_.nickname as nickname7_7_0_,
        user0_.password as password8_7_0_,
        user0_.phone_number as phone_nu9_7_0_,
        user0_.role as role10_7_0_,
        user0_.status as status11_7_0_,
        user0_.updated_at as updated12_7_0_,
        user0_.username as usernam13_7_0_ 
    from
        users user0_ 
    where
        user0_.id=?
2026-04-28 14:26:33.991 DEBUG 53092 --- [   scheduling-1] org.hibernate.SQL                        : 
    select
        order0_.id as id1_3_,
        order0_.buyer_id as buyer_i15_3_,
        order0_.created_at as created_2_3_,
        order0_.order_no as order_no3_3_,
        order0_.payment_time as payment_4_3_,
        order0_.price as price5_3_,
        order0_.product_id as product16_3_,
        order0_.receive_time as receive_6_3_,
        order0_.seller_id as seller_17_3_,
        order0_.ship_time as ship_tim7_3_,
        order0_.shipping_address as shipping8_3_,
        order0_.shipping_name as shipping9_3_,
        order0_.shipping_phone as shippin10_3_,
        order0_.status as status11_3_,
        order0_.tracking_company as trackin12_3_,
        order0_.tracking_number as trackin13_3_,
        order0_.updated_at as updated14_3_ 
    from
        orders order0_ 
    where
        order0_.status='PENDING' 
        and order0_.created_at<?
Hibernate: 
    select
        order0_.id as id1_3_,
        order0_.buyer_id as buyer_i15_3_,
        order0_.created_at as created_2_3_,
        order0_.order_no as order_no3_3_,
        order0_.payment_time as payment_4_3_,
        order0_.price as price5_3_,
        order0_.product_id as product16_3_,
        order0_.receive_time as receive_6_3_,
        order0_.seller_id as seller_17_3_,
        order0_.ship_time as ship_tim7_3_,
        order0_.shipping_address as shipping8_3_,
        order0_.shipping_name as shipping9_3_,
        order0_.shipping_phone as shippin10_3_,
        order0_.status as status11_3_,
        order0_.tracking_company as trackin12_3_,
        order0_.tracking_number as trackin13_3_,
        order0_.updated_at as updated14_3_ 
    from
        orders order0_ 
    where
        order0_.status='PENDING' 
        and order0_.created_at<?
2026-04-28 14:27:33.999 DEBUG 53092 --- [   scheduling-1] org.hibernate.SQL                        : 
    select
        order0_.id as id1_3_,
        order0_.buyer_id as buyer_i15_3_,
        order0_.created_at as created_2_3_,
        order0_.order_no as order_no3_3_,
        order0_.payment_time as payment_4_3_,
        order0_.price as price5_3_,
        order0_.product_id as product16_3_,
        order0_.receive_time as receive_6_3_,
        order0_.seller_id as seller_17_3_,
        order0_.ship_time as ship_tim7_3_,
        order0_.shipping_address as shipping8_3_,
        order0_.shipping_name as shipping9_3_,
        order0_.shipping_phone as shippin10_3_,
        order0_.status as status11_3_,
        order0_.tracking_company as trackin12_3_,
        order0_.tracking_number as trackin13_3_,
        order0_.updated_at as updated14_3_ 
    from
        orders order0_ 
    where
        order0_.status='PENDING' 
        and order0_.created_at<?
Hibernate: 
    select
        order0_.id as id1_3_,
        order0_.buyer_id as buyer_i15_3_,
        order0_.created_at as created_2_3_,
        order0_.order_no as order_no3_3_,
        order0_.payment_time as payment_4_3_,
        order0_.price as price5_3_,
        order0_.product_id as product16_3_,
        order0_.receive_time as receive_6_3_,
        order0_.seller_id as seller_17_3_,
        order0_.ship_time as ship_tim7_3_,
        order0_.shipping_address as shipping8_3_,
        order0_.shipping_name as shipping9_3_,
        order0_.shipping_phone as shippin10_3_,
        order0_.status as status11_3_,
        order0_.tracking_company as trackin12_3_,
        order0_.tracking_number as trackin13_3_,
        order0_.updated_at as updated14_3_ 
    from
        orders order0_ 
    where
        order0_.status='PENDING' 
        and order0_.created_at<?
2026-04-28 14:28:34.006 DEBUG 53092 --- [   scheduling-1] org.hibernate.SQL                        : 
    select
        order0_.id as id1_3_,
        order0_.buyer_id as buyer_i15_3_,
        order0_.created_at as created_2_3_,
        order0_.order_no as order_no3_3_,
        order0_.payment_time as payment_4_3_,
        order0_.price as price5_3_,
        order0_.product_id as product16_3_,
        order0_.receive_time as receive_6_3_,
        order0_.seller_id as seller_17_3_,
        order0_.ship_time as ship_tim7_3_,
        order0_.shipping_address as shipping8_3_,
        order0_.shipping_name as shipping9_3_,
        order0_.shipping_phone as shippin10_3_,
        order0_.status as status11_3_,
        order0_.tracking_company as trackin12_3_,
        order0_.tracking_number as trackin13_3_,
        order0_.updated_at as updated14_3_ 
    from
        orders order0_ 
    where
        order0_.status='PENDING' 
        and order0_.created_at<?
Hibernate: 
    select
        order0_.id as id1_3_,
        order0_.buyer_id as buyer_i15_3_,
        order0_.created_at as created_2_3_,
        order0_.order_no as order_no3_3_,
        order0_.payment_time as payment_4_3_,
        order0_.price as price5_3_,
        order0_.product_id as product16_3_,
        order0_.receive_time as receive_6_3_,
        order0_.seller_id as seller_17_3_,
        order0_.ship_time as ship_tim7_3_,
        order0_.shipping_address as shipping8_3_,
        order0_.shipping_name as shipping9_3_,
        order0_.shipping_phone as shippin10_3_,
        order0_.status as status11_3_,
        order0_.tracking_company as trackin12_3_,
        order0_.tracking_number as trackin13_3_,
        order0_.updated_at as updated14_3_ 
    from
        orders order0_ 
    where
        order0_.status='PENDING' 
        and order0_.created_at<?
2026-04-28 14:28:37.660 DEBUG 53092 --- [nio-8080-exec-5] org.hibernate.SQL                        : 
    select
        user0_.id as id1_7_,
        user0_.avatar as avatar2_7_,
        user0_.created_at as created_3_7_,
        user0_.credit_score as credit_s4_7_,
        user0_.email as email5_7_,
        user0_.id_card as id_card6_7_,
        user0_.nickname as nickname7_7_,
        user0_.password as password8_7_,
        user0_.phone_number as phone_nu9_7_,
        user0_.role as role10_7_,
        user0_.status as status11_7_,
        user0_.updated_at as updated12_7_,
        user0_.username as usernam13_7_ 
    from
        users user0_ 
    where
        user0_.username=?
Hibernate: 
    select
        user0_.id as id1_7_,
        user0_.avatar as avatar2_7_,
        user0_.created_at as created_3_7_,
        user0_.credit_score as credit_s4_7_,
        user0_.email as email5_7_,
        user0_.id_card as id_card6_7_,
        user0_.nickname as nickname7_7_,
        user0_.password as password8_7_,
        user0_.phone_number as phone_nu9_7_,
        user0_.role as role10_7_,
        user0_.status as status11_7_,
        user0_.updated_at as updated12_7_,
        user0_.username as usernam13_7_ 
    from
        users user0_ 
    where
        user0_.username=?
2026-04-28 14:28:37.676 DEBUG 53092 --- [nio-8080-exec-7] org.hibernate.SQL                        : 
    select
        user0_.id as id1_7_,
        user0_.avatar as avatar2_7_,
        user0_.created_at as created_3_7_,
        user0_.credit_score as credit_s4_7_,
        user0_.email as email5_7_,
        user0_.id_card as id_card6_7_,
        user0_.nickname as nickname7_7_,
        user0_.password as password8_7_,
        user0_.phone_number as phone_nu9_7_,
        user0_.role as role10_7_,
        user0_.status as status11_7_,
        user0_.updated_at as updated12_7_,
        user0_.username as usernam13_7_ 
    from
        users user0_ 
    where
        user0_.username=?
Hibernate: 
    select
        user0_.id as id1_7_,
        user0_.avatar as avatar2_7_,
        user0_.created_at as created_3_7_,
        user0_.credit_score as credit_s4_7_,
        user0_.email as email5_7_,
        user0_.id_card as id_card6_7_,
        user0_.nickname as nickname7_7_,
        user0_.password as password8_7_,
        user0_.phone_number as phone_nu9_7_,
        user0_.role as role10_7_,
        user0_.status as status11_7_,
        user0_.updated_at as updated12_7_,
        user0_.username as usernam13_7_ 
    from
        users user0_ 
    where
        user0_.username=?
2026-04-28 14:28:37.696 DEBUG 53092 --- [nio-8080-exec-9] org.hibernate.SQL                        : 
    select
        user0_.id as id1_7_,
        user0_.avatar as avatar2_7_,
        user0_.created_at as created_3_7_,
        user0_.credit_score as credit_s4_7_,
        user0_.email as email5_7_,
        user0_.id_card as id_card6_7_,
        user0_.nickname as nickname7_7_,
        user0_.password as password8_7_,
        user0_.phone_number as phone_nu9_7_,
        user0_.role as role10_7_,
        user0_.status as status11_7_,
        user0_.updated_at as updated12_7_,
        user0_.username as usernam13_7_ 
    from
        users user0_ 
    where
        user0_.username=?
Hibernate: 
    select
        user0_.id as id1_7_,
        user0_.avatar as avatar2_7_,
        user0_.created_at as created_3_7_,
        user0_.credit_score as credit_s4_7_,
        user0_.email as email5_7_,
        user0_.id_card as id_card6_7_,
        user0_.nickname as nickname7_7_,
        user0_.password as password8_7_,
        user0_.phone_number as phone_nu9_7_,
        user0_.role as role10_7_,
        user0_.status as status11_7_,
        user0_.updated_at as updated12_7_,
        user0_.username as usernam13_7_ 
    from
        users user0_ 
    where
        user0_.username=?
2026-04-28 14:28:54.108 DEBUG 53092 --- [nio-8080-exec-6] org.hibernate.SQL                        : 
    select
        user0_.id as id1_7_,
        user0_.avatar as avatar2_7_,
        user0_.created_at as created_3_7_,
        user0_.credit_score as credit_s4_7_,
        user0_.email as email5_7_,
        user0_.id_card as id_card6_7_,
        user0_.nickname as nickname7_7_,
        user0_.password as password8_7_,
        user0_.phone_number as phone_nu9_7_,
        user0_.role as role10_7_,
        user0_.status as status11_7_,
        user0_.updated_at as updated12_7_,
        user0_.username as usernam13_7_ 
    from
        users user0_ 
    where
        user0_.username=?
Hibernate: 
    select
        user0_.id as id1_7_,
        user0_.avatar as avatar2_7_,
        user0_.created_at as created_3_7_,
        user0_.credit_score as credit_s4_7_,
        user0_.email as email5_7_,
        user0_.id_card as id_card6_7_,
        user0_.nickname as nickname7_7_,
        user0_.password as password8_7_,
        user0_.phone_number as phone_nu9_7_,
        user0_.role as role10_7_,
        user0_.status as status11_7_,
        user0_.updated_at as updated12_7_,
        user0_.username as usernam13_7_ 
    from
        users user0_ 
    where
        user0_.username=?
2026-04-28 14:29:11.722 DEBUG 53092 --- [nio-8080-exec-4] org.hibernate.SQL                        : 
    select
        user0_.id as id1_7_,
        user0_.avatar as avatar2_7_,
        user0_.created_at as created_3_7_,
        user0_.credit_score as credit_s4_7_,
        user0_.email as email5_7_,
        user0_.id_card as id_card6_7_,
        user0_.nickname as nickname7_7_,
        user0_.password as password8_7_,
        user0_.phone_number as phone_nu9_7_,
        user0_.role as role10_7_,
        user0_.status as status11_7_,
        user0_.updated_at as updated12_7_,
        user0_.username as usernam13_7_ 
    from
        users user0_ 
    where
        user0_.username=?
Hibernate: 
    select
        user0_.id as id1_7_,
        user0_.avatar as avatar2_7_,
        user0_.created_at as created_3_7_,
        user0_.credit_score as credit_s4_7_,
        user0_.email as email5_7_,
        user0_.id_card as id_card6_7_,
        user0_.nickname as nickname7_7_,
        user0_.password as password8_7_,
        user0_.phone_number as phone_nu9_7_,
        user0_.role as role10_7_,
        user0_.status as status11_7_,
        user0_.updated_at as updated12_7_,
        user0_.username as usernam13_7_ 
    from
        users user0_ 
    where
        user0_.username=?
2026-04-28 14:29:24.951  WARN 53092 --- [nio-8080-exec-5] .w.s.m.s.DefaultHandlerExceptionResolver : Resolved [org.springframework.http.converter.HttpMessageNotReadableException: JSON parse error: Unexpected character ('\' (code 92)): was expecting double-quote to start field name; nested exception is com.fasterxml.jackson.core.JsonParseException: Unexpected character ('\' (code 92)): was expecting double-quote to start field name<EOL> at [Source: (org.springframework.util.StreamUtils$NonClosingInputStream); line: 1, column: 3]]
2026-04-28 14:29:24.996  WARN 53092 --- [nio-8080-exec-7] .w.s.m.s.DefaultHandlerExceptionResolver : Resolved [org.springframework.http.converter.HttpMessageNotReadableException: JSON parse error: Unexpected character ('\' (code 92)): was expecting double-quote to start field name; nested exception is com.fasterxml.jackson.core.JsonParseException: Unexpected character ('\' (code 92)): was expecting double-quote to start field name<EOL> at [Source: (org.springframework.util.StreamUtils$NonClosingInputStream); line: 1, column: 3]]
2026-04-28 14:29:25.017  WARN 53092 --- [nio-8080-exec-9] .w.s.m.s.DefaultHandlerExceptionResolver : Resolved [org.springframework.http.converter.HttpMessageNotReadableException: JSON parse error: Unexpected character ('\' (code 92)): was expecting double-quote to start field name; nested exception is com.fasterxml.jackson.core.JsonParseException: Unexpected character ('\' (code 92)): was expecting double-quote to start field name<EOL> at [Source: (org.springframework.util.StreamUtils$NonClosingInputStream); line: 1, column: 3]]
2026-04-28 14:29:32.197 DEBUG 53092 --- [nio-8080-exec-2] org.hibernate.SQL                        : 
    select
        user0_.id as id1_7_,
        user0_.avatar as avatar2_7_,
        user0_.created_at as created_3_7_,
        user0_.credit_score as credit_s4_7_,
        user0_.email as email5_7_,
        user0_.id_card as id_card6_7_,
        user0_.nickname as nickname7_7_,
        user0_.password as password8_7_,
        user0_.phone_number as phone_nu9_7_,
        user0_.role as role10_7_,
        user0_.status as status11_7_,
        user0_.updated_at as updated12_7_,
        user0_.username as usernam13_7_ 
    from
        users user0_ 
    where
        user0_.username=?
Hibernate: 
    select
        user0_.id as id1_7_,
        user0_.avatar as avatar2_7_,
        user0_.created_at as created_3_7_,
        user0_.credit_score as credit_s4_7_,
        user0_.email as email5_7_,
        user0_.id_card as id_card6_7_,
        user0_.nickname as nickname7_7_,
        user0_.password as password8_7_,
        user0_.phone_number as phone_nu9_7_,
        user0_.role as role10_7_,
        user0_.status as status11_7_,
        user0_.updated_at as updated12_7_,
        user0_.username as usernam13_7_ 
    from
        users user0_ 
    where
        user0_.username=?
2026-04-28 14:29:34.022 DEBUG 53092 --- [   scheduling-1] org.hibernate.SQL                        : 
    select
        order0_.id as id1_3_,
        order0_.buyer_id as buyer_i15_3_,
        order0_.created_at as created_2_3_,
        order0_.order_no as order_no3_3_,
        order0_.payment_time as payment_4_3_,
        order0_.price as price5_3_,
        order0_.product_id as product16_3_,
        order0_.receive_time as receive_6_3_,
        order0_.seller_id as seller_17_3_,
        order0_.ship_time as ship_tim7_3_,
        order0_.shipping_address as shipping8_3_,
        order0_.shipping_name as shipping9_3_,
        order0_.shipping_phone as shippin10_3_,
        order0_.status as status11_3_,
        order0_.tracking_company as trackin12_3_,
        order0_.tracking_number as trackin13_3_,
        order0_.updated_at as updated14_3_ 
    from
        orders order0_ 
    where
        order0_.status='PENDING' 
        and order0_.created_at<?
Hibernate: 
    select
        order0_.id as id1_3_,
        order0_.buyer_id as buyer_i15_3_,
        order0_.created_at as created_2_3_,
        order0_.order_no as order_no3_3_,
        order0_.payment_time as payment_4_3_,
        order0_.price as price5_3_,
        order0_.product_id as product16_3_,
        order0_.receive_time as receive_6_3_,
        order0_.seller_id as seller_17_3_,
        order0_.ship_time as ship_tim7_3_,
        order0_.shipping_address as shipping8_3_,
        order0_.shipping_name as shipping9_3_,
        order0_.shipping_phone as shippin10_3_,
        order0_.status as status11_3_,
        order0_.tracking_company as trackin12_3_,
        order0_.tracking_number as trackin13_3_,
        order0_.updated_at as updated14_3_ 
    from
        orders order0_ 
    where
        order0_.status='PENDING' 
        and order0_.created_at<?
2026-04-28 14:29:38.628 DEBUG 53092 --- [nio-8080-exec-1] org.hibernate.SQL                        : 
    select
        user0_.id as id1_7_,
        user0_.avatar as avatar2_7_,
        user0_.created_at as created_3_7_,
        user0_.credit_score as credit_s4_7_,
        user0_.email as email5_7_,
        user0_.id_card as id_card6_7_,
        user0_.nickname as nickname7_7_,
        user0_.password as password8_7_,
        user0_.phone_number as phone_nu9_7_,
        user0_.role as role10_7_,
        user0_.status as status11_7_,
        user0_.updated_at as updated12_7_,
        user0_.username as usernam13_7_ 
    from
        users user0_ 
    where
        user0_.username=?
Hibernate: 
    select
        user0_.id as id1_7_,
        user0_.avatar as avatar2_7_,
        user0_.created_at as created_3_7_,
        user0_.credit_score as credit_s4_7_,
        user0_.email as email5_7_,
        user0_.id_card as id_card6_7_,
        user0_.nickname as nickname7_7_,
        user0_.password as password8_7_,
        user0_.phone_number as phone_nu9_7_,
        user0_.role as role10_7_,
        user0_.status as status11_7_,
        user0_.updated_at as updated12_7_,
        user0_.username as usernam13_7_ 
    from
        users user0_ 
    where
        user0_.username=?
2026-04-28 14:29:38.732 DEBUG 53092 --- [nio-8080-exec-3] org.hibernate.SQL                        : 
    select
        user0_.id as id1_7_,
        user0_.avatar as avatar2_7_,
        user0_.created_at as created_3_7_,
        user0_.credit_score as credit_s4_7_,
        user0_.email as email5_7_,
        user0_.id_card as id_card6_7_,
        user0_.nickname as nickname7_7_,
        user0_.password as password8_7_,
        user0_.phone_number as phone_nu9_7_,
        user0_.role as role10_7_,
        user0_.status as status11_7_,
        user0_.updated_at as updated12_7_,
        user0_.username as usernam13_7_ 
    from
        users user0_ 
    where
        user0_.username=?
Hibernate: 
    select
        user0_.id as id1_7_,
        user0_.avatar as avatar2_7_,
        user0_.created_at as created_3_7_,
        user0_.credit_score as credit_s4_7_,
        user0_.email as email5_7_,
        user0_.id_card as id_card6_7_,
        user0_.nickname as nickname7_7_,
        user0_.password as password8_7_,
        user0_.phone_number as phone_nu9_7_,
        user0_.role as role10_7_,
        user0_.status as status11_7_,
        user0_.updated_at as updated12_7_,
        user0_.username as usernam13_7_ 
    from
        users user0_ 
    where
        user0_.username=?
2026-04-28 14:29:38.822 DEBUG 53092 --- [nio-8080-exec-8] org.hibernate.SQL                        : 
    select
        user0_.id as id1_7_,
        user0_.avatar as avatar2_7_,
        user0_.created_at as created_3_7_,
        user0_.credit_score as credit_s4_7_,
        user0_.email as email5_7_,
        user0_.id_card as id_card6_7_,
        user0_.nickname as nickname7_7_,
        user0_.password as password8_7_,
        user0_.phone_number as phone_nu9_7_,
        user0_.role as role10_7_,
        user0_.status as status11_7_,
        user0_.updated_at as updated12_7_,
        user0_.username as usernam13_7_ 
    from
        users user0_ 
    where
        user0_.username=?
Hibernate: 
    select
        user0_.id as id1_7_,
        user0_.avatar as avatar2_7_,
        user0_.created_at as created_3_7_,
        user0_.credit_score as credit_s4_7_,
        user0_.email as email5_7_,
        user0_.id_card as id_card6_7_,
        user0_.nickname as nickname7_7_,
        user0_.password as password8_7_,
        user0_.phone_number as phone_nu9_7_,
        user0_.role as role10_7_,
        user0_.status as status11_7_,
        user0_.updated_at as updated12_7_,
        user0_.username as usernam13_7_ 
    from
        users user0_ 
    where
        user0_.username=?
2026-04-28 14:30:34.035 DEBUG 53092 --- [   scheduling-1] org.hibernate.SQL                        : 
    select
        order0_.id as id1_3_,
        order0_.buyer_id as buyer_i15_3_,
        order0_.created_at as created_2_3_,
        order0_.order_no as order_no3_3_,
        order0_.payment_time as payment_4_3_,
        order0_.price as price5_3_,
        order0_.product_id as product16_3_,
        order0_.receive_time as receive_6_3_,
        order0_.seller_id as seller_17_3_,
        order0_.ship_time as ship_tim7_3_,
        order0_.shipping_address as shipping8_3_,
        order0_.shipping_name as shipping9_3_,
        order0_.shipping_phone as shippin10_3_,
        order0_.status as status11_3_,
        order0_.tracking_company as trackin12_3_,
        order0_.tracking_number as trackin13_3_,
        order0_.updated_at as updated14_3_ 
    from
        orders order0_ 
    where
        order0_.status='PENDING' 
        and order0_.created_at<?
Hibernate: 
    select
        order0_.id as id1_3_,
        order0_.buyer_id as buyer_i15_3_,
        order0_.created_at as created_2_3_,
        order0_.order_no as order_no3_3_,
        order0_.payment_time as payment_4_3_,
        order0_.price as price5_3_,
        order0_.product_id as product16_3_,
        order0_.receive_time as receive_6_3_,
        order0_.seller_id as seller_17_3_,
        order0_.ship_time as ship_tim7_3_,
        order0_.shipping_address as shipping8_3_,
        order0_.shipping_name as shipping9_3_,
        order0_.shipping_phone as shippin10_3_,
        order0_.status as status11_3_,
        order0_.tracking_company as trackin12_3_,
        order0_.tracking_number as trackin13_3_,
        order0_.updated_at as updated14_3_ 
    from
        orders order0_ 
    where
        order0_.status='PENDING' 
        and order0_.created_at<?
2026-04-28 14:31:34.039 DEBUG 53092 --- [   scheduling-1] org.hibernate.SQL                        : 
    select
        order0_.id as id1_3_,
        order0_.buyer_id as buyer_i15_3_,
        order0_.created_at as created_2_3_,
        order0_.order_no as order_no3_3_,
        order0_.payment_time as payment_4_3_,
        order0_.price as price5_3_,
        order0_.product_id as product16_3_,
        order0_.receive_time as receive_6_3_,
        order0_.seller_id as seller_17_3_,
        order0_.ship_time as ship_tim7_3_,
        order0_.shipping_address as shipping8_3_,
        order0_.shipping_name as shipping9_3_,
        order0_.shipping_phone as shippin10_3_,
        order0_.status as status11_3_,
        order0_.tracking_company as trackin12_3_,
        order0_.tracking_number as trackin13_3_,
        order0_.updated_at as updated14_3_ 
    from
        orders order0_ 
    where
        order0_.status='PENDING' 
        and order0_.created_at<?
Hibernate: 
    select
        order0_.id as id1_3_,
        order0_.buyer_id as buyer_i15_3_,
        order0_.created_at as created_2_3_,
        order0_.order_no as order_no3_3_,
        order0_.payment_time as payment_4_3_,
        order0_.price as price5_3_,
        order0_.product_id as product16_3_,
        order0_.receive_time as receive_6_3_,
        order0_.seller_id as seller_17_3_,
        order0_.ship_time as ship_tim7_3_,
        order0_.shipping_address as shipping8_3_,
        order0_.shipping_name as shipping9_3_,
        order0_.shipping_phone as shippin10_3_,
        order0_.status as status11_3_,
        order0_.tracking_company as trackin12_3_,
        order0_.tracking_number as trackin13_3_,
        order0_.updated_at as updated14_3_ 
    from
        orders order0_ 
    where
        order0_.status='PENDING' 
        and order0_.created_at<?
2026-04-28 14:31:55.945 DEBUG 53092 --- [io-8080-exec-10] org.hibernate.SQL                        : 
    select
        user0_.id as id1_7_,
        user0_.avatar as avatar2_7_,
        user0_.created_at as created_3_7_,
        user0_.credit_score as credit_s4_7_,
        user0_.email as email5_7_,
        user0_.id_card as id_card6_7_,
        user0_.nickname as nickname7_7_,
        user0_.password as password8_7_,
        user0_.phone_number as phone_nu9_7_,
        user0_.role as role10_7_,
        user0_.status as status11_7_,
        user0_.updated_at as updated12_7_,
        user0_.username as usernam13_7_ 
    from
        users user0_ 
    where
        user0_.username=?
Hibernate: 
    select
        user0_.id as id1_7_,
        user0_.avatar as avatar2_7_,
        user0_.created_at as created_3_7_,
        user0_.credit_score as credit_s4_7_,
        user0_.email as email5_7_,
        user0_.id_card as id_card6_7_,
        user0_.nickname as nickname7_7_,
        user0_.password as password8_7_,
        user0_.phone_number as phone_nu9_7_,
        user0_.role as role10_7_,
        user0_.status as status11_7_,
        user0_.updated_at as updated12_7_,
        user0_.username as usernam13_7_ 
    from
        users user0_ 
    where
        user0_.username=?
2026-04-28 14:32:31.843 DEBUG 53092 --- [nio-8080-exec-1] org.hibernate.SQL                        : 
    select
        user0_.id as col_0_0_ 
    from
        users user0_ 
    where
        user0_.username=? limit ?
Hibernate: 
    select
        user0_.id as col_0_0_ 
    from
        users user0_ 
    where
        user0_.username=? limit ?
2026-04-28 14:32:31.925 DEBUG 53092 --- [nio-8080-exec-1] org.hibernate.SQL                        : 
    insert 
    into
        users
        (avatar, created_at, credit_score, email, id_card, nickname, password, phone_number, role, status, updated_at, username) 
    values
        (?, ?, ?, ?, ?, ?, ?, ?, ?, ?, ?, ?)
Hibernate: 
    insert 
    into
        users
        (avatar, created_at, credit_score, email, id_card, nickname, password, phone_number, role, status, updated_at, username) 
    values
        (?, ?, ?, ?, ?, ?, ?, ?, ?, ?, ?, ?)
2026-04-28 14:32:34.053 DEBUG 53092 --- [   scheduling-1] org.hibernate.SQL                        : 
    select
        order0_.id as id1_3_,
        order0_.buyer_id as buyer_i15_3_,
        order0_.created_at as created_2_3_,
        order0_.order_no as order_no3_3_,
        order0_.payment_time as payment_4_3_,
        order0_.price as price5_3_,
        order0_.product_id as product16_3_,
        order0_.receive_time as receive_6_3_,
        order0_.seller_id as seller_17_3_,
        order0_.ship_time as ship_tim7_3_,
        order0_.shipping_address as shipping8_3_,
        order0_.shipping_name as shipping9_3_,
        order0_.shipping_phone as shippin10_3_,
        order0_.status as status11_3_,
        order0_.tracking_company as trackin12_3_,
        order0_.tracking_number as trackin13_3_,
        order0_.updated_at as updated14_3_ 
    from
        orders order0_ 
    where
        order0_.status='PENDING' 
        and order0_.created_at<?
Hibernate: 
    select
        order0_.id as id1_3_,
        order0_.buyer_id as buyer_i15_3_,
        order0_.created_at as created_2_3_,
        order0_.order_no as order_no3_3_,
        order0_.payment_time as payment_4_3_,
        order0_.price as price5_3_,
        order0_.product_id as product16_3_,
        order0_.receive_time as receive_6_3_,
        order0_.seller_id as seller_17_3_,
        order0_.ship_time as ship_tim7_3_,
        order0_.shipping_address as shipping8_3_,
        order0_.shipping_name as shipping9_3_,
        order0_.shipping_phone as shippin10_3_,
        order0_.status as status11_3_,
        order0_.tracking_company as trackin12_3_,
        order0_.tracking_number as trackin13_3_,
        order0_.updated_at as updated14_3_ 
    from
        orders order0_ 
    where
        order0_.status='PENDING' 
        and order0_.created_at<?
2026-04-28 14:32:45.553 DEBUG 53092 --- [nio-8080-exec-3] org.hibernate.SQL                        : 
    select
        user0_.id as id1_7_,
        user0_.avatar as avatar2_7_,
        user0_.created_at as created_3_7_,
        user0_.credit_score as credit_s4_7_,
        user0_.email as email5_7_,
        user0_.id_card as id_card6_7_,
        user0_.nickname as nickname7_7_,
        user0_.password as password8_7_,
        user0_.phone_number as phone_nu9_7_,
        user0_.role as role10_7_,
        user0_.status as status11_7_,
        user0_.updated_at as updated12_7_,
        user0_.username as usernam13_7_ 
    from
        users user0_ 
    where
        user0_.username=?
Hibernate: 
    select
        user0_.id as id1_7_,
        user0_.avatar as avatar2_7_,
        user0_.created_at as created_3_7_,
        user0_.credit_score as credit_s4_7_,
        user0_.email as email5_7_,
        user0_.id_card as id_card6_7_,
        user0_.nickname as nickname7_7_,
        user0_.password as password8_7_,
        user0_.phone_number as phone_nu9_7_,
        user0_.role as role10_7_,
        user0_.status as status11_7_,
        user0_.updated_at as updated12_7_,
        user0_.username as usernam13_7_ 
    from
        users user0_ 
    where
        user0_.username=?
2026-04-28 14:32:46.928 DEBUG 53092 --- [nio-8080-exec-8] org.hibernate.SQL                        : 
    select
        user0_.id as id1_7_,
        user0_.avatar as avatar2_7_,
        user0_.created_at as created_3_7_,
        user0_.credit_score as credit_s4_7_,
        user0_.email as email5_7_,
        user0_.id_card as id_card6_7_,
        user0_.nickname as nickname7_7_,
        user0_.password as password8_7_,
        user0_.phone_number as phone_nu9_7_,
        user0_.role as role10_7_,
        user0_.status as status11_7_,
        user0_.updated_at as updated12_7_,
        user0_.username as usernam13_7_ 
    from
        users user0_ 
    where
        user0_.username=?
Hibernate: 
    select
        user0_.id as id1_7_,
        user0_.avatar as avatar2_7_,
        user0_.created_at as created_3_7_,
        user0_.credit_score as credit_s4_7_,
        user0_.email as email5_7_,
        user0_.id_card as id_card6_7_,
        user0_.nickname as nickname7_7_,
        user0_.password as password8_7_,
        user0_.phone_number as phone_nu9_7_,
        user0_.role as role10_7_,
        user0_.status as status11_7_,
        user0_.updated_at as updated12_7_,
        user0_.username as usernam13_7_ 
    from
        users user0_ 
    where
        user0_.username=?
2026-04-28 14:32:54.130 DEBUG 53092 --- [nio-8080-exec-5] org.hibernate.SQL                        : 
    select
        user0_.id as id1_7_,
        user0_.avatar as avatar2_7_,
        user0_.created_at as created_3_7_,
        user0_.credit_score as credit_s4_7_,
        user0_.email as email5_7_,
        user0_.id_card as id_card6_7_,
        user0_.nickname as nickname7_7_,
        user0_.password as password8_7_,
        user0_.phone_number as phone_nu9_7_,
        user0_.role as role10_7_,
        user0_.status as status11_7_,
        user0_.updated_at as updated12_7_,
        user0_.username as usernam13_7_ 
    from
        users user0_ 
    where
        user0_.username=?
Hibernate: 
    select
        user0_.id as id1_7_,
        user0_.avatar as avatar2_7_,
        user0_.created_at as created_3_7_,
        user0_.credit_score as credit_s4_7_,
        user0_.email as email5_7_,
        user0_.id_card as id_card6_7_,
        user0_.nickname as nickname7_7_,
        user0_.password as password8_7_,
        user0_.phone_number as phone_nu9_7_,
        user0_.role as role10_7_,
        user0_.status as status11_7_,
        user0_.updated_at as updated12_7_,
        user0_.username as usernam13_7_ 
    from
        users user0_ 
    where
        user0_.username=?
2026-04-28 14:33:19.259 DEBUG 53092 --- [nio-8080-exec-9] org.hibernate.SQL                        : 
    select
        user0_.id as id1_7_,
        user0_.avatar as avatar2_7_,
        user0_.created_at as created_3_7_,
        user0_.credit_score as credit_s4_7_,
        user0_.email as email5_7_,
        user0_.id_card as id_card6_7_,
        user0_.nickname as nickname7_7_,
        user0_.password as password8_7_,
        user0_.phone_number as phone_nu9_7_,
        user0_.role as role10_7_,
        user0_.status as status11_7_,
        user0_.updated_at as updated12_7_,
        user0_.username as usernam13_7_ 
    from
        users user0_ 
    where
        user0_.username=?
Hibernate: 
    select
        user0_.id as id1_7_,
        user0_.avatar as avatar2_7_,
        user0_.created_at as created_3_7_,
        user0_.credit_score as credit_s4_7_,
        user0_.email as email5_7_,
        user0_.id_card as id_card6_7_,
        user0_.nickname as nickname7_7_,
        user0_.password as password8_7_,
        user0_.phone_number as phone_nu9_7_,
        user0_.role as role10_7_,
        user0_.status as status11_7_,
        user0_.updated_at as updated12_7_,
        user0_.username as usernam13_7_ 
    from
        users user0_ 
    where
        user0_.username=?
2026-04-28 14:33:34.065 DEBUG 53092 --- [   scheduling-1] org.hibernate.SQL                        : 
    select
        order0_.id as id1_3_,
        order0_.buyer_id as buyer_i15_3_,
        order0_.created_at as created_2_3_,
        order0_.order_no as order_no3_3_,
        order0_.payment_time as payment_4_3_,
        order0_.price as price5_3_,
        order0_.product_id as product16_3_,
        order0_.receive_time as receive_6_3_,
        order0_.seller_id as seller_17_3_,
        order0_.ship_time as ship_tim7_3_,
        order0_.shipping_address as shipping8_3_,
        order0_.shipping_name as shipping9_3_,
        order0_.shipping_phone as shippin10_3_,
        order0_.status as status11_3_,
        order0_.tracking_company as trackin12_3_,
        order0_.tracking_number as trackin13_3_,
        order0_.updated_at as updated14_3_ 
    from
        orders order0_ 
    where
        order0_.status='PENDING' 
        and order0_.created_at<?
Hibernate: 
    select
        order0_.id as id1_3_,
        order0_.buyer_id as buyer_i15_3_,
        order0_.created_at as created_2_3_,
        order0_.order_no as order_no3_3_,
        order0_.payment_time as payment_4_3_,
        order0_.price as price5_3_,
        order0_.product_id as product16_3_,
        order0_.receive_time as receive_6_3_,
        order0_.seller_id as seller_17_3_,
        order0_.ship_time as ship_tim7_3_,
        order0_.shipping_address as shipping8_3_,
        order0_.shipping_name as shipping9_3_,
        order0_.shipping_phone as shippin10_3_,
        order0_.status as status11_3_,
        order0_.tracking_company as trackin12_3_,
        order0_.tracking_number as trackin13_3_,
        order0_.updated_at as updated14_3_ 
    from
        orders order0_ 
    where
        order0_.status='PENDING' 
        and order0_.created_at<?
2026-04-28 14:34:07.476 DEBUG 53092 --- [io-8080-exec-10] org.hibernate.SQL                        : 
    select
        user0_.id as id1_7_,
        user0_.avatar as avatar2_7_,
        user0_.created_at as created_3_7_,
        user0_.credit_score as credit_s4_7_,
        user0_.email as email5_7_,
        user0_.id_card as id_card6_7_,
        user0_.nickname as nickname7_7_,
        user0_.password as password8_7_,
        user0_.phone_number as phone_nu9_7_,
        user0_.role as role10_7_,
        user0_.status as status11_7_,
        user0_.updated_at as updated12_7_,
        user0_.username as usernam13_7_ 
    from
        users user0_ 
    where
        user0_.username=?
Hibernate: 
    select
        user0_.id as id1_7_,
        user0_.avatar as avatar2_7_,
        user0_.created_at as created_3_7_,
        user0_.credit_score as credit_s4_7_,
        user0_.email as email5_7_,
        user0_.id_card as id_card6_7_,
        user0_.nickname as nickname7_7_,
        user0_.password as password8_7_,
        user0_.phone_number as phone_nu9_7_,
        user0_.role as role10_7_,
        user0_.status as status11_7_,
        user0_.updated_at as updated12_7_,
        user0_.username as usernam13_7_ 
    from
        users user0_ 
    where
        user0_.username=?
2026-04-28 14:34:07.477  WARN 53092 --- [io-8080-exec-10] o.s.s.c.bcrypt.BCryptPasswordEncoder     : Encoded password does not look like BCrypt
2026-04-28 14:34:34.071 DEBUG 53092 --- [   scheduling-1] org.hibernate.SQL                        : 
    select
        order0_.id as id1_3_,
        order0_.buyer_id as buyer_i15_3_,
        order0_.created_at as created_2_3_,
        order0_.order_no as order_no3_3_,
        order0_.payment_time as payment_4_3_,
        order0_.price as price5_3_,
        order0_.product_id as product16_3_,
        order0_.receive_time as receive_6_3_,
        order0_.seller_id as seller_17_3_,
        order0_.ship_time as ship_tim7_3_,
        order0_.shipping_address as shipping8_3_,
        order0_.shipping_name as shipping9_3_,
        order0_.shipping_phone as shippin10_3_,
        order0_.status as status11_3_,
        order0_.tracking_company as trackin12_3_,
        order0_.tracking_number as trackin13_3_,
        order0_.updated_at as updated14_3_ 
    from
        orders order0_ 
    where
        order0_.status='PENDING' 
        and order0_.created_at<?
Hibernate: 
    select
        order0_.id as id1_3_,
        order0_.buyer_id as buyer_i15_3_,
        order0_.created_at as created_2_3_,
        order0_.order_no as order_no3_3_,
        order0_.payment_time as payment_4_3_,
        order0_.price as price5_3_,
        order0_.product_id as product16_3_,
        order0_.receive_time as receive_6_3_,
        order0_.seller_id as seller_17_3_,
        order0_.ship_time as ship_tim7_3_,
        order0_.shipping_address as shipping8_3_,
        order0_.shipping_name as shipping9_3_,
        order0_.shipping_phone as shippin10_3_,
        order0_.status as status11_3_,
        order0_.tracking_company as trackin12_3_,
        order0_.tracking_number as trackin13_3_,
        order0_.updated_at as updated14_3_ 
    from
        orders order0_ 
    where
        order0_.status='PENDING' 
        and order0_.created_at<?
2026-04-28 14:34:34.134 DEBUG 53092 --- [nio-8080-exec-6] org.hibernate.SQL                        : 
    select
        user0_.id as id1_7_,
        user0_.avatar as avatar2_7_,
        user0_.created_at as created_3_7_,
        user0_.credit_score as credit_s4_7_,
        user0_.email as email5_7_,
        user0_.id_card as id_card6_7_,
        user0_.nickname as nickname7_7_,
        user0_.password as password8_7_,
        user0_.phone_number as phone_nu9_7_,
        user0_.role as role10_7_,
        user0_.status as status11_7_,
        user0_.updated_at as updated12_7_,
        user0_.username as usernam13_7_ 
    from
        users user0_ 
    where
        user0_.username=?
Hibernate: 
    select
        user0_.id as id1_7_,
        user0_.avatar as avatar2_7_,
        user0_.created_at as created_3_7_,
        user0_.credit_score as credit_s4_7_,
        user0_.email as email5_7_,
        user0_.id_card as id_card6_7_,
        user0_.nickname as nickname7_7_,
        user0_.password as password8_7_,
        user0_.phone_number as phone_nu9_7_,
        user0_.role as role10_7_,
        user0_.status as status11_7_,
        user0_.updated_at as updated12_7_,
        user0_.username as usernam13_7_ 
    from
        users user0_ 
    where
        user0_.username=?
2026-04-28 14:34:34.187 DEBUG 53092 --- [nio-8080-exec-3] org.hibernate.SQL                        : 
    select
        user0_.id as id1_7_,
        user0_.avatar as avatar2_7_,
        user0_.created_at as created_3_7_,
        user0_.credit_score as credit_s4_7_,
        user0_.email as email5_7_,
        user0_.id_card as id_card6_7_,
        user0_.nickname as nickname7_7_,
        user0_.password as password8_7_,
        user0_.phone_number as phone_nu9_7_,
        user0_.role as role10_7_,
        user0_.status as status11_7_,
        user0_.updated_at as updated12_7_,
        user0_.username as usernam13_7_ 
    from
        users user0_ 
    where
        user0_.username=?
Hibernate: 
    select
        user0_.id as id1_7_,
        user0_.avatar as avatar2_7_,
        user0_.created_at as created_3_7_,
        user0_.credit_score as credit_s4_7_,
        user0_.email as email5_7_,
        user0_.id_card as id_card6_7_,
        user0_.nickname as nickname7_7_,
        user0_.password as password8_7_,
        user0_.phone_number as phone_nu9_7_,
        user0_.role as role10_7_,
        user0_.status as status11_7_,
        user0_.updated_at as updated12_7_,
        user0_.username as usernam13_7_ 
    from
        users user0_ 
    where
        user0_.username=?
2026-04-28 14:35:12.075 DEBUG 53092 --- [nio-8080-exec-9] org.hibernate.SQL                        : 
    select
        category0_.id as id1_0_,
        category0_.created_at as created_2_0_,
        category0_.icon as icon3_0_,
        category0_.name as name4_0_,
        category0_.sort_order as sort_ord5_0_ 
    from
        categories category0_ 
    order by
        category0_.sort_order asc
Hibernate: 
    select
        category0_.id as id1_0_,
        category0_.created_at as created_2_0_,
        category0_.icon as icon3_0_,
        category0_.name as name4_0_,
        category0_.sort_order as sort_ord5_0_ 
    from
        categories category0_ 
    order by
        category0_.sort_order asc
2026-04-28 14:35:12.075 DEBUG 53092 --- [io-8080-exec-10] org.hibernate.SQL                        : 
    select
        product0_.id as id1_5_,
        product0_.category_id as categor14_5_,
        product0_.condition_level as conditio2_5_,
        product0_.created_at as created_3_5_,
        product0_.description as descript4_5_,
        product0_.image_url as image_ur5_5_,
        product0_.location as location6_5_,
        product0_.name as name7_5_,
        product0_.original_price as original8_5_,
        product0_.price as price9_5_,
        product0_.reject_reason as reject_10_5_,
        product0_.seller_id as seller_15_5_,
        product0_.status as status11_5_,
        product0_.updated_at as updated12_5_,
        product0_.view_count as view_co13_5_ 
    from
        products product0_ 
    where
        product0_.status=? 
    order by
        product0_.created_at desc limit ?
Hibernate: 
    select
        product0_.id as id1_5_,
        product0_.category_id as categor14_5_,
        product0_.condition_level as conditio2_5_,
        product0_.created_at as created_3_5_,
        product0_.description as descript4_5_,
        product0_.image_url as image_ur5_5_,
        product0_.location as location6_5_,
        product0_.name as name7_5_,
        product0_.original_price as original8_5_,
        product0_.price as price9_5_,
        product0_.reject_reason as reject_10_5_,
        product0_.seller_id as seller_15_5_,
        product0_.status as status11_5_,
        product0_.updated_at as updated12_5_,
        product0_.view_count as view_co13_5_ 
    from
        products product0_ 
    where
        product0_.status=? 
    order by
        product0_.created_at desc limit ?
2026-04-28 14:35:12.078 DEBUG 53092 --- [io-8080-exec-10] org.hibernate.SQL                        : 
    select
        user0_.id as id1_7_0_,
        user0_.avatar as avatar2_7_0_,
        user0_.created_at as created_3_7_0_,
        user0_.credit_score as credit_s4_7_0_,
        user0_.email as email5_7_0_,
        user0_.id_card as id_card6_7_0_,
        user0_.nickname as nickname7_7_0_,
        user0_.password as password8_7_0_,
        user0_.phone_number as phone_nu9_7_0_,
        user0_.role as role10_7_0_,
        user0_.status as status11_7_0_,
        user0_.updated_at as updated12_7_0_,
        user0_.username as usernam13_7_0_ 
    from
        users user0_ 
    where
        user0_.id=?
Hibernate: 
    select
        user0_.id as id1_7_0_,
        user0_.avatar as avatar2_7_0_,
        user0_.created_at as created_3_7_0_,
        user0_.credit_score as credit_s4_7_0_,
        user0_.email as email5_7_0_,
        user0_.id_card as id_card6_7_0_,
        user0_.nickname as nickname7_7_0_,
        user0_.password as password8_7_0_,
        user0_.phone_number as phone_nu9_7_0_,
        user0_.role as role10_7_0_,
        user0_.status as status11_7_0_,
        user0_.updated_at as updated12_7_0_,
        user0_.username as usernam13_7_0_ 
    from
        users user0_ 
    where
        user0_.id=?
2026-04-28 14:35:12.079 DEBUG 53092 --- [io-8080-exec-10] org.hibernate.SQL                        : 
    select
        user0_.id as id1_7_0_,
        user0_.avatar as avatar2_7_0_,
        user0_.created_at as created_3_7_0_,
        user0_.credit_score as credit_s4_7_0_,
        user0_.email as email5_7_0_,
        user0_.id_card as id_card6_7_0_,
        user0_.nickname as nickname7_7_0_,
        user0_.password as password8_7_0_,
        user0_.phone_number as phone_nu9_7_0_,
        user0_.role as role10_7_0_,
        user0_.status as status11_7_0_,
        user0_.updated_at as updated12_7_0_,
        user0_.username as usernam13_7_0_ 
    from
        users user0_ 
    where
        user0_.id=?
Hibernate: 
    select
        user0_.id as id1_7_0_,
        user0_.avatar as avatar2_7_0_,
        user0_.created_at as created_3_7_0_,
        user0_.credit_score as credit_s4_7_0_,
        user0_.email as email5_7_0_,
        user0_.id_card as id_card6_7_0_,
        user0_.nickname as nickname7_7_0_,
        user0_.password as password8_7_0_,
        user0_.phone_number as phone_nu9_7_0_,
        user0_.role as role10_7_0_,
        user0_.status as status11_7_0_,
        user0_.updated_at as updated12_7_0_,
        user0_.username as usernam13_7_0_ 
    from
        users user0_ 
    where
        user0_.id=?
2026-04-28 14:35:23.573 DEBUG 53092 --- [nio-8080-exec-1] org.hibernate.SQL                        : 
    select
        user0_.id as id1_7_,
        user0_.avatar as avatar2_7_,
        user0_.created_at as created_3_7_,
        user0_.credit_score as credit_s4_7_,
        user0_.email as email5_7_,
        user0_.id_card as id_card6_7_,
        user0_.nickname as nickname7_7_,
        user0_.password as password8_7_,
        user0_.phone_number as phone_nu9_7_,
        user0_.role as role10_7_,
        user0_.status as status11_7_,
        user0_.updated_at as updated12_7_,
        user0_.username as usernam13_7_ 
    from
        users user0_ 
    where
        user0_.username=?
Hibernate: 
    select
        user0_.id as id1_7_,
        user0_.avatar as avatar2_7_,
        user0_.created_at as created_3_7_,
        user0_.credit_score as credit_s4_7_,
        user0_.email as email5_7_,
        user0_.id_card as id_card6_7_,
        user0_.nickname as nickname7_7_,
        user0_.password as password8_7_,
        user0_.phone_number as phone_nu9_7_,
        user0_.role as role10_7_,
        user0_.status as status11_7_,
        user0_.updated_at as updated12_7_,
        user0_.username as usernam13_7_ 
    from
        users user0_ 
    where
        user0_.username=?
2026-04-28 14:35:31.066 DEBUG 53092 --- [nio-8080-exec-3] org.hibernate.SQL                        : 
    select
        user0_.id as id1_7_0_,
        user0_.avatar as avatar2_7_0_,
        user0_.created_at as created_3_7_0_,
        user0_.credit_score as credit_s4_7_0_,
        user0_.email as email5_7_0_,
        user0_.id_card as id_card6_7_0_,
        user0_.nickname as nickname7_7_0_,
        user0_.password as password8_7_0_,
        user0_.phone_number as phone_nu9_7_0_,
        user0_.role as role10_7_0_,
        user0_.status as status11_7_0_,
        user0_.updated_at as updated12_7_0_,
        user0_.username as usernam13_7_0_ 
    from
        users user0_ 
    where
        user0_.id=?
Hibernate: 
    select
        user0_.id as id1_7_0_,
        user0_.avatar as avatar2_7_0_,
        user0_.created_at as created_3_7_0_,
        user0_.credit_score as credit_s4_7_0_,
        user0_.email as email5_7_0_,
        user0_.id_card as id_card6_7_0_,
        user0_.nickname as nickname7_7_0_,
        user0_.password as password8_7_0_,
        user0_.phone_number as phone_nu9_7_0_,
        user0_.role as role10_7_0_,
        user0_.status as status11_7_0_,
        user0_.updated_at as updated12_7_0_,
        user0_.username as usernam13_7_0_ 
    from
        users user0_ 
    where
        user0_.id=?
2026-04-28 14:35:31.070 DEBUG 53092 --- [nio-8080-exec-3] org.hibernate.SQL                        : 
    select
        user0_.id as id1_7_0_,
        user0_.avatar as avatar2_7_0_,
        user0_.created_at as created_3_7_0_,
        user0_.credit_score as credit_s4_7_0_,
        user0_.email as email5_7_0_,
        user0_.id_card as id_card6_7_0_,
        user0_.nickname as nickname7_7_0_,
        user0_.password as password8_7_0_,
        user0_.phone_number as phone_nu9_7_0_,
        user0_.role as role10_7_0_,
        user0_.status as status11_7_0_,
        user0_.updated_at as updated12_7_0_,
        user0_.username as usernam13_7_0_ 
    from
        users user0_ 
    where
        user0_.id=?
Hibernate: 
    select
        user0_.id as id1_7_0_,
        user0_.avatar as avatar2_7_0_,
        user0_.created_at as created_3_7_0_,
        user0_.credit_score as credit_s4_7_0_,
        user0_.email as email5_7_0_,
        user0_.id_card as id_card6_7_0_,
        user0_.nickname as nickname7_7_0_,
        user0_.password as password8_7_0_,
        user0_.phone_number as phone_nu9_7_0_,
        user0_.role as role10_7_0_,
        user0_.status as status11_7_0_,
        user0_.updated_at as updated12_7_0_,
        user0_.username as usernam13_7_0_ 
    from
        users user0_ 
    where
        user0_.id=?
2026-04-28 14:35:33.144 DEBUG 53092 --- [nio-8080-exec-9] org.hibernate.SQL                        : 
    select
        user0_.id as id1_7_0_,
        user0_.avatar as avatar2_7_0_,
        user0_.created_at as created_3_7_0_,
        user0_.credit_score as credit_s4_7_0_,
        user0_.email as email5_7_0_,
        user0_.id_card as id_card6_7_0_,
        user0_.nickname as nickname7_7_0_,
        user0_.password as password8_7_0_,
        user0_.phone_number as phone_nu9_7_0_,
        user0_.role as role10_7_0_,
        user0_.status as status11_7_0_,
        user0_.updated_at as updated12_7_0_,
        user0_.username as usernam13_7_0_ 
    from
        users user0_ 
    where
        user0_.id=?
2026-04-28 14:35:33.144 DEBUG 53092 --- [nio-8080-exec-7] org.hibernate.SQL                        : 
    select
        user0_.id as id1_7_0_,
        user0_.avatar as avatar2_7_0_,
        user0_.created_at as created_3_7_0_,
        user0_.credit_score as credit_s4_7_0_,
        user0_.email as email5_7_0_,
        user0_.id_card as id_card6_7_0_,
        user0_.nickname as nickname7_7_0_,
        user0_.password as password8_7_0_,
        user0_.phone_number as phone_nu9_7_0_,
        user0_.role as role10_7_0_,
        user0_.status as status11_7_0_,
        user0_.updated_at as updated12_7_0_,
        user0_.username as usernam13_7_0_ 
    from
        users user0_ 
    where
        user0_.id=?
Hibernate: 
    select
        user0_.id as id1_7_0_,
        user0_.avatar as avatar2_7_0_,
        user0_.created_at as created_3_7_0_,
        user0_.credit_score as credit_s4_7_0_,
        user0_.email as email5_7_0_,
        user0_.id_card as id_card6_7_0_,
        user0_.nickname as nickname7_7_0_,
        user0_.password as password8_7_0_,
        user0_.phone_number as phone_nu9_7_0_,
        user0_.role as role10_7_0_,
        user0_.status as status11_7_0_,
        user0_.updated_at as updated12_7_0_,
        user0_.username as usernam13_7_0_ 
    from
        users user0_ 
    where
        user0_.id=?
2026-04-28 14:35:33.144 DEBUG 53092 --- [io-8080-exec-10] org.hibernate.SQL                        : 
    select
        user0_.id as id1_7_0_,
        user0_.avatar as avatar2_7_0_,
        user0_.created_at as created_3_7_0_,
        user0_.credit_score as credit_s4_7_0_,
        user0_.email as email5_7_0_,
        user0_.id_card as id_card6_7_0_,
        user0_.nickname as nickname7_7_0_,
        user0_.password as password8_7_0_,
        user0_.phone_number as phone_nu9_7_0_,
        user0_.role as role10_7_0_,
        user0_.status as status11_7_0_,
        user0_.updated_at as updated12_7_0_,
        user0_.username as usernam13_7_0_ 
    from
        users user0_ 
    where
        user0_.id=?
Hibernate: 
    select
        user0_.id as id1_7_0_,
        user0_.avatar as avatar2_7_0_,
        user0_.created_at as created_3_7_0_,
        user0_.credit_score as credit_s4_7_0_,
        user0_.email as email5_7_0_,
        user0_.id_card as id_card6_7_0_,
        user0_.nickname as nickname7_7_0_,
        user0_.password as password8_7_0_,
        user0_.phone_number as phone_nu9_7_0_,
        user0_.role as role10_7_0_,
        user0_.status as status11_7_0_,
        user0_.updated_at as updated12_7_0_,
        user0_.username as usernam13_7_0_ 
    from
        users user0_ 
    where
        user0_.id=?
Hibernate: 
    select
        user0_.id as id1_7_0_,
        user0_.avatar as avatar2_7_0_,
        user0_.created_at as created_3_7_0_,
        user0_.credit_score as credit_s4_7_0_,
        user0_.email as email5_7_0_,
        user0_.id_card as id_card6_7_0_,
        user0_.nickname as nickname7_7_0_,
        user0_.password as password8_7_0_,
        user0_.phone_number as phone_nu9_7_0_,
        user0_.role as role10_7_0_,
        user0_.status as status11_7_0_,
        user0_.updated_at as updated12_7_0_,
        user0_.username as usernam13_7_0_ 
    from
        users user0_ 
    where
        user0_.id=?
2026-04-28 14:35:33.150 DEBUG 53092 --- [nio-8080-exec-9] org.hibernate.SQL                        : 
    select
        product0_.id as id1_5_,
        product0_.category_id as categor14_5_,
        product0_.condition_level as conditio2_5_,
        product0_.created_at as created_3_5_,
        product0_.description as descript4_5_,
        product0_.image_url as image_ur5_5_,
        product0_.location as location6_5_,
        product0_.name as name7_5_,
        product0_.original_price as original8_5_,
        product0_.price as price9_5_,
        product0_.reject_reason as reject_10_5_,
        product0_.seller_id as seller_15_5_,
        product0_.status as status11_5_,
        product0_.updated_at as updated12_5_,
        product0_.view_count as view_co13_5_ 
    from
        products product0_ 
    where
        product0_.status=? 
    order by
        product0_.created_at asc limit ?
Hibernate: 
    select
        product0_.id as id1_5_,
        product0_.category_id as categor14_5_,
        product0_.condition_level as conditio2_5_,
        product0_.created_at as created_3_5_,
        product0_.description as descript4_5_,
        product0_.image_url as image_ur5_5_,
        product0_.location as location6_5_,
        product0_.name as name7_5_,
        product0_.original_price as original8_5_,
        product0_.price as price9_5_,
        product0_.reject_reason as reject_10_5_,
        product0_.seller_id as seller_15_5_,
        product0_.status as status11_5_,
        product0_.updated_at as updated12_5_,
        product0_.view_count as view_co13_5_ 
    from
        products product0_ 
    where
        product0_.status=? 
    order by
        product0_.created_at asc limit ?
2026-04-28 14:35:33.150 DEBUG 53092 --- [nio-8080-exec-7] org.hibernate.SQL                        : 
    select
        user0_.id as id1_7_,
        user0_.avatar as avatar2_7_,
        user0_.created_at as created_3_7_,
        user0_.credit_score as credit_s4_7_,
        user0_.email as email5_7_,
        user0_.id_card as id_card6_7_,
        user0_.nickname as nickname7_7_,
        user0_.password as password8_7_,
        user0_.phone_number as phone_nu9_7_,
        user0_.role as role10_7_,
        user0_.status as status11_7_,
        user0_.updated_at as updated12_7_,
        user0_.username as usernam13_7_ 
    from
        users user0_ 
    where
        user0_.status=? 
    order by
        user0_.created_at asc limit ?
Hibernate: 
    select
        user0_.id as id1_7_,
        user0_.avatar as avatar2_7_,
        user0_.created_at as created_3_7_,
        user0_.credit_score as credit_s4_7_,
        user0_.email as email5_7_,
        user0_.id_card as id_card6_7_,
        user0_.nickname as nickname7_7_,
        user0_.password as password8_7_,
        user0_.phone_number as phone_nu9_7_,
        user0_.role as role10_7_,
        user0_.status as status11_7_,
        user0_.updated_at as updated12_7_,
        user0_.username as usernam13_7_ 
    from
        users user0_ 
    where
        user0_.status=? 
    order by
        user0_.created_at asc limit ?
2026-04-28 14:35:33.152 DEBUG 53092 --- [io-8080-exec-10] org.hibernate.SQL                        : 
    select
        review0_.id as id1_6_,
        review0_.audit_remark as audit_re2_6_,
        review0_.audit_status as audit_st3_6_,
        review0_.comment as comment4_6_,
        review0_.created_at as created_5_6_,
        review0_.desc_score as desc_sco6_6_,
        review0_.images as images7_6_,
        review0_.order_id as order_i11_6_,
        review0_.product_id as product12_6_,
        review0_.rating as rating8_6_,
        review0_.service_score as service_9_6_,
        review0_.ship_score as ship_sc10_6_,
        review0_.user_id as user_id13_6_ 
    from
        reviews review0_ 
    where
        review0_.audit_status=? 
    order by
        review0_.created_at asc limit ?
Hibernate: 
    select
        review0_.id as id1_6_,
        review0_.audit_remark as audit_re2_6_,
        review0_.audit_status as audit_st3_6_,
        review0_.comment as comment4_6_,
        review0_.created_at as created_5_6_,
        review0_.desc_score as desc_sco6_6_,
        review0_.images as images7_6_,
        review0_.order_id as order_i11_6_,
        review0_.product_id as product12_6_,
        review0_.rating as rating8_6_,
        review0_.service_score as service_9_6_,
        review0_.ship_score as ship_sc10_6_,
        review0_.user_id as user_id13_6_ 
    from
        reviews review0_ 
    where
        review0_.audit_status=? 
    order by
        review0_.created_at asc limit ?
2026-04-28 14:35:34.084 DEBUG 53092 --- [   scheduling-1] org.hibernate.SQL                        : 
    select
        order0_.id as id1_3_,
        order0_.buyer_id as buyer_i15_3_,
        order0_.created_at as created_2_3_,
        order0_.order_no as order_no3_3_,
        order0_.payment_time as payment_4_3_,
        order0_.price as price5_3_,
        order0_.product_id as product16_3_,
        order0_.receive_time as receive_6_3_,
        order0_.seller_id as seller_17_3_,
        order0_.ship_time as ship_tim7_3_,
        order0_.shipping_address as shipping8_3_,
        order0_.shipping_name as shipping9_3_,
        order0_.shipping_phone as shippin10_3_,
        order0_.status as status11_3_,
        order0_.tracking_company as trackin12_3_,
        order0_.tracking_number as trackin13_3_,
        order0_.updated_at as updated14_3_ 
    from
        orders order0_ 
    where
        order0_.status='PENDING' 
        and order0_.created_at<?
Hibernate: 
    select
        order0_.id as id1_3_,
        order0_.buyer_id as buyer_i15_3_,
        order0_.created_at as created_2_3_,
        order0_.order_no as order_no3_3_,
        order0_.payment_time as payment_4_3_,
        order0_.price as price5_3_,
        order0_.product_id as product16_3_,
        order0_.receive_time as receive_6_3_,
        order0_.seller_id as seller_17_3_,
        order0_.ship_time as ship_tim7_3_,
        order0_.shipping_address as shipping8_3_,
        order0_.shipping_name as shipping9_3_,
        order0_.shipping_phone as shippin10_3_,
        order0_.status as status11_3_,
        order0_.tracking_company as trackin12_3_,
        order0_.tracking_number as trackin13_3_,
        order0_.updated_at as updated14_3_ 
    from
        orders order0_ 
    where
        order0_.status='PENDING' 
        and order0_.created_at<?
2026-04-28 14:35:36.973 DEBUG 53092 --- [nio-8080-exec-1] org.hibernate.SQL                        : 
    select
        user0_.id as id1_7_0_,
        user0_.avatar as avatar2_7_0_,
        user0_.created_at as created_3_7_0_,
        user0_.credit_score as credit_s4_7_0_,
        user0_.email as email5_7_0_,
        user0_.id_card as id_card6_7_0_,
        user0_.nickname as nickname7_7_0_,
        user0_.password as password8_7_0_,
        user0_.phone_number as phone_nu9_7_0_,
        user0_.role as role10_7_0_,
        user0_.status as status11_7_0_,
        user0_.updated_at as updated12_7_0_,
        user0_.username as usernam13_7_0_ 
    from
        users user0_ 
    where
        user0_.id=?
Hibernate: 
    select
        user0_.id as id1_7_0_,
        user0_.avatar as avatar2_7_0_,
        user0_.created_at as created_3_7_0_,
        user0_.credit_score as credit_s4_7_0_,
        user0_.email as email5_7_0_,
        user0_.id_card as id_card6_7_0_,
        user0_.nickname as nickname7_7_0_,
        user0_.password as password8_7_0_,
        user0_.phone_number as phone_nu9_7_0_,
        user0_.role as role10_7_0_,
        user0_.status as status11_7_0_,
        user0_.updated_at as updated12_7_0_,
        user0_.username as usernam13_7_0_ 
    from
        users user0_ 
    where
        user0_.id=?
2026-04-28 14:35:36.976 DEBUG 53092 --- [nio-8080-exec-1] org.hibernate.SQL                        : 
    select
        user0_.id as id1_7_0_,
        user0_.avatar as avatar2_7_0_,
        user0_.created_at as created_3_7_0_,
        user0_.credit_score as credit_s4_7_0_,
        user0_.email as email5_7_0_,
        user0_.id_card as id_card6_7_0_,
        user0_.nickname as nickname7_7_0_,
        user0_.password as password8_7_0_,
        user0_.phone_number as phone_nu9_7_0_,
        user0_.role as role10_7_0_,
        user0_.status as status11_7_0_,
        user0_.updated_at as updated12_7_0_,
        user0_.username as usernam13_7_0_ 
    from
        users user0_ 
    where
        user0_.id=?
Hibernate: 
    select
        user0_.id as id1_7_0_,
        user0_.avatar as avatar2_7_0_,
        user0_.created_at as created_3_7_0_,
        user0_.credit_score as credit_s4_7_0_,
        user0_.email as email5_7_0_,
        user0_.id_card as id_card6_7_0_,
        user0_.nickname as nickname7_7_0_,
        user0_.password as password8_7_0_,
        user0_.phone_number as phone_nu9_7_0_,
        user0_.role as role10_7_0_,
        user0_.status as status11_7_0_,
        user0_.updated_at as updated12_7_0_,
        user0_.username as usernam13_7_0_ 
    from
        users user0_ 
    where
        user0_.id=?
2026-04-28 14:35:36.984 DEBUG 53092 --- [nio-8080-exec-1] org.hibernate.SQL                        : 
    update
        users 
    set
        avatar=?,
        credit_score=?,
        email=?,
        id_card=?,
        nickname=?,
        password=?,
        phone_number=?,
        role=?,
        status=?,
        updated_at=?,
        username=? 
    where
        id=?
Hibernate: 
    update
        users 
    set
        avatar=?,
        credit_score=?,
        email=?,
        id_card=?,
        nickname=?,
        password=?,
        phone_number=?,
        role=?,
        status=?,
        updated_at=?,
        username=? 
    where
        id=?
2026-04-28 14:35:38.030 DEBUG 53092 --- [nio-8080-exec-3] org.hibernate.SQL                        : 
    select
        user0_.id as id1_7_0_,
        user0_.avatar as avatar2_7_0_,
        user0_.created_at as created_3_7_0_,
        user0_.credit_score as credit_s4_7_0_,
        user0_.email as email5_7_0_,
        user0_.id_card as id_card6_7_0_,
        user0_.nickname as nickname7_7_0_,
        user0_.password as password8_7_0_,
        user0_.phone_number as phone_nu9_7_0_,
        user0_.role as role10_7_0_,
        user0_.status as status11_7_0_,
        user0_.updated_at as updated12_7_0_,
        user0_.username as usernam13_7_0_ 
    from
        users user0_ 
    where
        user0_.id=?
Hibernate: 
    select
        user0_.id as id1_7_0_,
        user0_.avatar as avatar2_7_0_,
        user0_.created_at as created_3_7_0_,
        user0_.credit_score as credit_s4_7_0_,
        user0_.email as email5_7_0_,
        user0_.id_card as id_card6_7_0_,
        user0_.nickname as nickname7_7_0_,
        user0_.password as password8_7_0_,
        user0_.phone_number as phone_nu9_7_0_,
        user0_.role as role10_7_0_,
        user0_.status as status11_7_0_,
        user0_.updated_at as updated12_7_0_,
        user0_.username as usernam13_7_0_ 
    from
        users user0_ 
    where
        user0_.id=?
2026-04-28 14:35:38.033 DEBUG 53092 --- [nio-8080-exec-3] org.hibernate.SQL                        : 
    select
        user0_.id as id1_7_0_,
        user0_.avatar as avatar2_7_0_,
        user0_.created_at as created_3_7_0_,
        user0_.credit_score as credit_s4_7_0_,
        user0_.email as email5_7_0_,
        user0_.id_card as id_card6_7_0_,
        user0_.nickname as nickname7_7_0_,
        user0_.password as password8_7_0_,
        user0_.phone_number as phone_nu9_7_0_,
        user0_.role as role10_7_0_,
        user0_.status as status11_7_0_,
        user0_.updated_at as updated12_7_0_,
        user0_.username as usernam13_7_0_ 
    from
        users user0_ 
    where
        user0_.id=?
Hibernate: 
    select
        user0_.id as id1_7_0_,
        user0_.avatar as avatar2_7_0_,
        user0_.created_at as created_3_7_0_,
        user0_.credit_score as credit_s4_7_0_,
        user0_.email as email5_7_0_,
        user0_.id_card as id_card6_7_0_,
        user0_.nickname as nickname7_7_0_,
        user0_.password as password8_7_0_,
        user0_.phone_number as phone_nu9_7_0_,
        user0_.role as role10_7_0_,
        user0_.status as status11_7_0_,
        user0_.updated_at as updated12_7_0_,
        user0_.username as usernam13_7_0_ 
    from
        users user0_ 
    where
        user0_.id=?
2026-04-28 14:35:38.650 DEBUG 53092 --- [nio-8080-exec-4] org.hibernate.SQL                        : 
    select
        user0_.id as id1_7_0_,
        user0_.avatar as avatar2_7_0_,
        user0_.created_at as created_3_7_0_,
        user0_.credit_score as credit_s4_7_0_,
        user0_.email as email5_7_0_,
        user0_.id_card as id_card6_7_0_,
        user0_.nickname as nickname7_7_0_,
        user0_.password as password8_7_0_,
        user0_.phone_number as phone_nu9_7_0_,
        user0_.role as role10_7_0_,
        user0_.status as status11_7_0_,
        user0_.updated_at as updated12_7_0_,
        user0_.username as usernam13_7_0_ 
    from
        users user0_ 
    where
        user0_.id=?
Hibernate: 
    select
        user0_.id as id1_7_0_,
        user0_.avatar as avatar2_7_0_,
        user0_.created_at as created_3_7_0_,
        user0_.credit_score as credit_s4_7_0_,
        user0_.email as email5_7_0_,
        user0_.id_card as id_card6_7_0_,
        user0_.nickname as nickname7_7_0_,
        user0_.password as password8_7_0_,
        user0_.phone_number as phone_nu9_7_0_,
        user0_.role as role10_7_0_,
        user0_.status as status11_7_0_,
        user0_.updated_at as updated12_7_0_,
        user0_.username as usernam13_7_0_ 
    from
        users user0_ 
    where
        user0_.id=?
2026-04-28 14:35:38.655 DEBUG 53092 --- [nio-8080-exec-4] org.hibernate.SQL                        : 
    select
        count(message0_.id) as col_0_0_ 
    from
        messages message0_ 
    where
        message0_.receiver_id=? 
        and message0_.is_read=0
Hibernate: 
    select
        count(message0_.id) as col_0_0_ 
    from
        messages message0_ 
    where
        message0_.receiver_id=? 
        and message0_.is_read=0
2026-04-28 14:35:40.318 DEBUG 53092 --- [nio-8080-exec-9] org.hibernate.SQL                        : 
    select
        user0_.id as id1_7_0_,
        user0_.avatar as avatar2_7_0_,
        user0_.created_at as created_3_7_0_,
        user0_.credit_score as credit_s4_7_0_,
        user0_.email as email5_7_0_,
        user0_.id_card as id_card6_7_0_,
        user0_.nickname as nickname7_7_0_,
        user0_.password as password8_7_0_,
        user0_.phone_number as phone_nu9_7_0_,
        user0_.role as role10_7_0_,
        user0_.status as status11_7_0_,
        user0_.updated_at as updated12_7_0_,
        user0_.username as usernam13_7_0_ 
    from
        users user0_ 
    where
        user0_.id=?
Hibernate: 
    select
        user0_.id as id1_7_0_,
        user0_.avatar as avatar2_7_0_,
        user0_.created_at as created_3_7_0_,
        user0_.credit_score as credit_s4_7_0_,
        user0_.email as email5_7_0_,
        user0_.id_card as id_card6_7_0_,
        user0_.nickname as nickname7_7_0_,
        user0_.password as password8_7_0_,
        user0_.phone_number as phone_nu9_7_0_,
        user0_.role as role10_7_0_,
        user0_.status as status11_7_0_,
        user0_.updated_at as updated12_7_0_,
        user0_.username as usernam13_7_0_ 
    from
        users user0_ 
    where
        user0_.id=?
2026-04-28 14:35:40.320 DEBUG 53092 --- [nio-8080-exec-9] org.hibernate.SQL                        : 
    select
        distinct case 
            when message0_.sender_id=? then message0_.receiver_id 
            else message0_.sender_id 
        end as col_0_0_ 
    from
        messages message0_ 
    where
        message0_.sender_id=? 
        or message0_.receiver_id=?
Hibernate: 
    select
        distinct case 
            when message0_.sender_id=? then message0_.receiver_id 
            else message0_.sender_id 
        end as col_0_0_ 
    from
        messages message0_ 
    where
        message0_.sender_id=? 
        or message0_.receiver_id=?
2026-04-28 14:35:40.327 DEBUG 53092 --- [nio-8080-exec-7] org.hibernate.SQL                        : 
    select
        user0_.id as id1_7_0_,
        user0_.avatar as avatar2_7_0_,
        user0_.created_at as created_3_7_0_,
        user0_.credit_score as credit_s4_7_0_,
        user0_.email as email5_7_0_,
        user0_.id_card as id_card6_7_0_,
        user0_.nickname as nickname7_7_0_,
        user0_.password as password8_7_0_,
        user0_.phone_number as phone_nu9_7_0_,
        user0_.role as role10_7_0_,
        user0_.status as status11_7_0_,
        user0_.updated_at as updated12_7_0_,
        user0_.username as usernam13_7_0_ 
    from
        users user0_ 
    where
        user0_.id=?
Hibernate: 
    select
        user0_.id as id1_7_0_,
        user0_.avatar as avatar2_7_0_,
        user0_.created_at as created_3_7_0_,
        user0_.credit_score as credit_s4_7_0_,
        user0_.email as email5_7_0_,
        user0_.id_card as id_card6_7_0_,
        user0_.nickname as nickname7_7_0_,
        user0_.password as password8_7_0_,
        user0_.phone_number as phone_nu9_7_0_,
        user0_.role as role10_7_0_,
        user0_.status as status11_7_0_,
        user0_.updated_at as updated12_7_0_,
        user0_.username as usernam13_7_0_ 
    from
        users user0_ 
    where
        user0_.id=?
2026-04-28 14:35:40.329 DEBUG 53092 --- [nio-8080-exec-7] org.hibernate.SQL                        : 
    select
        count(message0_.id) as col_0_0_ 
    from
        messages message0_ 
    where
        message0_.receiver_id=? 
        and message0_.is_read=0
Hibernate: 
    select
        count(message0_.id) as col_0_0_ 
    from
        messages message0_ 
    where
        message0_.receiver_id=? 
        and message0_.is_read=0
2026-04-28 14:35:41.245 DEBUG 53092 --- [nio-8080-exec-2] org.hibernate.SQL                        : 
    select
        user0_.id as id1_7_0_,
        user0_.avatar as avatar2_7_0_,
        user0_.created_at as created_3_7_0_,
        user0_.credit_score as credit_s4_7_0_,
        user0_.email as email5_7_0_,
        user0_.id_card as id_card6_7_0_,
        user0_.nickname as nickname7_7_0_,
        user0_.password as password8_7_0_,
        user0_.phone_number as phone_nu9_7_0_,
        user0_.role as role10_7_0_,
        user0_.status as status11_7_0_,
        user0_.updated_at as updated12_7_0_,
        user0_.username as usernam13_7_0_ 
    from
        users user0_ 
    where
        user0_.id=?
Hibernate: 
    select
        user0_.id as id1_7_0_,
        user0_.avatar as avatar2_7_0_,
        user0_.created_at as created_3_7_0_,
        user0_.credit_score as credit_s4_7_0_,
        user0_.email as email5_7_0_,
        user0_.id_card as id_card6_7_0_,
        user0_.nickname as nickname7_7_0_,
        user0_.password as password8_7_0_,
        user0_.phone_number as phone_nu9_7_0_,
        user0_.role as role10_7_0_,
        user0_.status as status11_7_0_,
        user0_.updated_at as updated12_7_0_,
        user0_.username as usernam13_7_0_ 
    from
        users user0_ 
    where
        user0_.id=?
2026-04-28 14:35:41.247 DEBUG 53092 --- [nio-8080-exec-2] org.hibernate.SQL                        : 
    select
        category0_.id as id1_0_,
        category0_.created_at as created_2_0_,
        category0_.icon as icon3_0_,
        category0_.name as name4_0_,
        category0_.sort_order as sort_ord5_0_ 
    from
        categories category0_ 
    order by
        category0_.sort_order asc
Hibernate: 
    select
        category0_.id as id1_0_,
        category0_.created_at as created_2_0_,
        category0_.icon as icon3_0_,
        category0_.name as name4_0_,
        category0_.sort_order as sort_ord5_0_ 
    from
        categories category0_ 
    order by
        category0_.sort_order asc
2026-04-28 14:35:53.657 DEBUG 53092 --- [nio-8080-exec-6] org.hibernate.SQL                        : 
    select
        user0_.id as id1_7_0_,
        user0_.avatar as avatar2_7_0_,
        user0_.created_at as created_3_7_0_,
        user0_.credit_score as credit_s4_7_0_,
        user0_.email as email5_7_0_,
        user0_.id_card as id_card6_7_0_,
        user0_.nickname as nickname7_7_0_,
        user0_.password as password8_7_0_,
        user0_.phone_number as phone_nu9_7_0_,
        user0_.role as role10_7_0_,
        user0_.status as status11_7_0_,
        user0_.updated_at as updated12_7_0_,
        user0_.username as usernam13_7_0_ 
    from
        users user0_ 
    where
        user0_.id=?
Hibernate: 
    select
        user0_.id as id1_7_0_,
        user0_.avatar as avatar2_7_0_,
        user0_.created_at as created_3_7_0_,
        user0_.credit_score as credit_s4_7_0_,
        user0_.email as email5_7_0_,
        user0_.id_card as id_card6_7_0_,
        user0_.nickname as nickname7_7_0_,
        user0_.password as password8_7_0_,
        user0_.phone_number as phone_nu9_7_0_,
        user0_.role as role10_7_0_,
        user0_.status as status11_7_0_,
        user0_.updated_at as updated12_7_0_,
        user0_.username as usernam13_7_0_ 
    from
        users user0_ 
    where
        user0_.id=?
2026-04-28 14:35:53.659 DEBUG 53092 --- [nio-8080-exec-6] org.hibernate.SQL                        : 
    select
        count(message0_.id) as col_0_0_ 
    from
        messages message0_ 
    where
        message0_.receiver_id=? 
        and message0_.is_read=0
Hibernate: 
    select
        count(message0_.id) as col_0_0_ 
    from
        messages message0_ 
    where
        message0_.receiver_id=? 
        and message0_.is_read=0
2026-04-28 14:35:56.856 DEBUG 53092 --- [nio-8080-exec-5] org.hibernate.SQL                        : 
    select
        user0_.id as id1_7_0_,
        user0_.avatar as avatar2_7_0_,
        user0_.created_at as created_3_7_0_,
        user0_.credit_score as credit_s4_7_0_,
        user0_.email as email5_7_0_,
        user0_.id_card as id_card6_7_0_,
        user0_.nickname as nickname7_7_0_,
        user0_.password as password8_7_0_,
        user0_.phone_number as phone_nu9_7_0_,
        user0_.role as role10_7_0_,
        user0_.status as status11_7_0_,
        user0_.updated_at as updated12_7_0_,
        user0_.username as usernam13_7_0_ 
    from
        users user0_ 
    where
        user0_.id=?
2026-04-28 14:35:56.856 DEBUG 53092 --- [nio-8080-exec-7] org.hibernate.SQL                        : 
    select
        user0_.id as id1_7_0_,
        user0_.avatar as avatar2_7_0_,
        user0_.created_at as created_3_7_0_,
        user0_.credit_score as credit_s4_7_0_,
        user0_.email as email5_7_0_,
        user0_.id_card as id_card6_7_0_,
        user0_.nickname as nickname7_7_0_,
        user0_.password as password8_7_0_,
        user0_.phone_number as phone_nu9_7_0_,
        user0_.role as role10_7_0_,
        user0_.status as status11_7_0_,
        user0_.updated_at as updated12_7_0_,
        user0_.username as usernam13_7_0_ 
    from
        users user0_ 
    where
        user0_.id=?
Hibernate: 
    select
        user0_.id as id1_7_0_,
        user0_.avatar as avatar2_7_0_,
        user0_.created_at as created_3_7_0_,
        user0_.credit_score as credit_s4_7_0_,
        user0_.email as email5_7_0_,
        user0_.id_card as id_card6_7_0_,
        user0_.nickname as nickname7_7_0_,
        user0_.password as password8_7_0_,
        user0_.phone_number as phone_nu9_7_0_,
        user0_.role as role10_7_0_,
        user0_.status as status11_7_0_,
        user0_.updated_at as updated12_7_0_,
        user0_.username as usernam13_7_0_ 
    from
        users user0_ 
    where
        user0_.id=?
2026-04-28 14:35:56.856 DEBUG 53092 --- [nio-8080-exec-9] org.hibernate.SQL                        : 
    select
        user0_.id as id1_7_0_,
        user0_.avatar as avatar2_7_0_,
        user0_.created_at as created_3_7_0_,
        user0_.credit_score as credit_s4_7_0_,
        user0_.email as email5_7_0_,
        user0_.id_card as id_card6_7_0_,
        user0_.nickname as nickname7_7_0_,
        user0_.password as password8_7_0_,
        user0_.phone_number as phone_nu9_7_0_,
        user0_.role as role10_7_0_,
        user0_.status as status11_7_0_,
        user0_.updated_at as updated12_7_0_,
        user0_.username as usernam13_7_0_ 
    from
        users user0_ 
    where
        user0_.id=?
Hibernate: 
    select
        user0_.id as id1_7_0_,
        user0_.avatar as avatar2_7_0_,
        user0_.created_at as created_3_7_0_,
        user0_.credit_score as credit_s4_7_0_,
        user0_.email as email5_7_0_,
        user0_.id_card as id_card6_7_0_,
        user0_.nickname as nickname7_7_0_,
        user0_.password as password8_7_0_,
        user0_.phone_number as phone_nu9_7_0_,
        user0_.role as role10_7_0_,
        user0_.status as status11_7_0_,
        user0_.updated_at as updated12_7_0_,
        user0_.username as usernam13_7_0_ 
    from
        users user0_ 
    where
        user0_.id=?
Hibernate: 
    select
        user0_.id as id1_7_0_,
        user0_.avatar as avatar2_7_0_,
        user0_.created_at as created_3_7_0_,
        user0_.credit_score as credit_s4_7_0_,
        user0_.email as email5_7_0_,
        user0_.id_card as id_card6_7_0_,
        user0_.nickname as nickname7_7_0_,
        user0_.password as password8_7_0_,
        user0_.phone_number as phone_nu9_7_0_,
        user0_.role as role10_7_0_,
        user0_.status as status11_7_0_,
        user0_.updated_at as updated12_7_0_,
        user0_.username as usernam13_7_0_ 
    from
        users user0_ 
    where
        user0_.id=?
2026-04-28 14:35:56.858 DEBUG 53092 --- [nio-8080-exec-9] org.hibernate.SQL                        : 
    select
        product0_.id as id1_5_0_,
        product0_.category_id as categor14_5_0_,
        product0_.condition_level as conditio2_5_0_,
        product0_.created_at as created_3_5_0_,
        product0_.description as descript4_5_0_,
        product0_.image_url as image_ur5_5_0_,
        product0_.location as location6_5_0_,
        product0_.name as name7_5_0_,
        product0_.original_price as original8_5_0_,
        product0_.price as price9_5_0_,
        product0_.reject_reason as reject_10_5_0_,
        product0_.seller_id as seller_15_5_0_,
        product0_.status as status11_5_0_,
        product0_.updated_at as updated12_5_0_,
        product0_.view_count as view_co13_5_0_ 
    from
        products product0_ 
    where
        product0_.id=?
Hibernate: 
    select
        product0_.id as id1_5_0_,
        product0_.category_id as categor14_5_0_,
        product0_.condition_level as conditio2_5_0_,
        product0_.created_at as created_3_5_0_,
        product0_.description as descript4_5_0_,
        product0_.image_url as image_ur5_5_0_,
        product0_.location as location6_5_0_,
        product0_.name as name7_5_0_,
        product0_.original_price as original8_5_0_,
        product0_.price as price9_5_0_,
        product0_.reject_reason as reject_10_5_0_,
        product0_.seller_id as seller_15_5_0_,
        product0_.status as status11_5_0_,
        product0_.updated_at as updated12_5_0_,
        product0_.view_count as view_co13_5_0_ 
    from
        products product0_ 
    where
        product0_.id=?
2026-04-28 14:35:56.859 DEBUG 53092 --- [nio-8080-exec-7] org.hibernate.SQL                        : 
    select
        favorite0_.id as col_0_0_ 
    from
        favorites favorite0_ 
    where
        favorite0_.user_id=? 
        and favorite0_.product_id=? limit ?
Hibernate: 
    select
        favorite0_.id as col_0_0_ 
    from
        favorites favorite0_ 
    where
        favorite0_.user_id=? 
        and favorite0_.product_id=? limit ?
2026-04-28 14:35:56.864 DEBUG 53092 --- [nio-8080-exec-5] org.hibernate.SQL                        : 
    select
        review0_.id as id1_6_,
        review0_.audit_remark as audit_re2_6_,
        review0_.audit_status as audit_st3_6_,
        review0_.comment as comment4_6_,
        review0_.created_at as created_5_6_,
        review0_.desc_score as desc_sco6_6_,
        review0_.images as images7_6_,
        review0_.order_id as order_i11_6_,
        review0_.product_id as product12_6_,
        review0_.rating as rating8_6_,
        review0_.service_score as service_9_6_,
        review0_.ship_score as ship_sc10_6_,
        review0_.user_id as user_id13_6_ 
    from
        reviews review0_ 
    left outer join
        products product1_ 
            on review0_.product_id=product1_.id 
    where
        product1_.id=? 
        and review0_.audit_status=? 
    order by
        review0_.created_at desc limit ?
Hibernate: 
    select
        review0_.id as id1_6_,
        review0_.audit_remark as audit_re2_6_,
        review0_.audit_status as audit_st3_6_,
        review0_.comment as comment4_6_,
        review0_.created_at as created_5_6_,
        review0_.desc_score as desc_sco6_6_,
        review0_.images as images7_6_,
        review0_.order_id as order_i11_6_,
        review0_.product_id as product12_6_,
        review0_.rating as rating8_6_,
        review0_.service_score as service_9_6_,
        review0_.ship_score as ship_sc10_6_,
        review0_.user_id as user_id13_6_ 
    from
        reviews review0_ 
    left outer join
        products product1_ 
            on review0_.product_id=product1_.id 
    where
        product1_.id=? 
        and review0_.audit_status=? 
    order by
        review0_.created_at desc limit ?
2026-04-28 14:35:56.865 DEBUG 53092 --- [nio-8080-exec-9] org.hibernate.SQL                        : 
    update
        products 
    set
        view_count=view_count+1 
    where
        id=?
Hibernate: 
    update
        products 
    set
        view_count=view_count+1 
    where
        id=?
2026-04-28 14:35:56.867 DEBUG 53092 --- [nio-8080-exec-9] org.hibernate.SQL                        : 
    select
        category0_.id as id1_0_0_,
        category0_.created_at as created_2_0_0_,
        category0_.icon as icon3_0_0_,
        category0_.name as name4_0_0_,
        category0_.sort_order as sort_ord5_0_0_ 
    from
        categories category0_ 
    where
        category0_.id=?
Hibernate: 
    select
        category0_.id as id1_0_0_,
        category0_.created_at as created_2_0_0_,
        category0_.icon as icon3_0_0_,
        category0_.name as name4_0_0_,
        category0_.sort_order as sort_ord5_0_0_ 
    from
        categories category0_ 
    where
        category0_.id=?
2026-04-28 14:35:56.871 DEBUG 53092 --- [nio-8080-exec-9] org.hibernate.SQL                        : 
    select
        productima0_.id as id1_4_,
        productima0_.created_at as created_2_4_,
        productima0_.image_url as image_ur3_4_,
        productima0_.product_id as product_5_4_,
        productima0_.sort_order as sort_ord4_4_ 
    from
        product_images productima0_ 
    left outer join
        products product1_ 
            on productima0_.product_id=product1_.id 
    where
        product1_.id=? 
    order by
        productima0_.sort_order asc
Hibernate: 
    select
        productima0_.id as id1_4_,
        productima0_.created_at as created_2_4_,
        productima0_.image_url as image_ur3_4_,
        productima0_.product_id as product_5_4_,
        productima0_.sort_order as sort_ord4_4_ 
    from
        product_images productima0_ 
    left outer join
        products product1_ 
            on productima0_.product_id=product1_.id 
    where
        product1_.id=? 
    order by
        productima0_.sort_order asc
2026-04-28 14:35:56.872 DEBUG 53092 --- [nio-8080-exec-9] org.hibernate.SQL                        : 
    select
        user0_.id as id1_7_0_,
        user0_.avatar as avatar2_7_0_,
        user0_.created_at as created_3_7_0_,
        user0_.credit_score as credit_s4_7_0_,
        user0_.email as email5_7_0_,
        user0_.id_card as id_card6_7_0_,
        user0_.nickname as nickname7_7_0_,
        user0_.password as password8_7_0_,
        user0_.phone_number as phone_nu9_7_0_,
        user0_.role as role10_7_0_,
        user0_.status as status11_7_0_,
        user0_.updated_at as updated12_7_0_,
        user0_.username as usernam13_7_0_ 
    from
        users user0_ 
    where
        user0_.id=?
Hibernate: 
    select
        user0_.id as id1_7_0_,
        user0_.avatar as avatar2_7_0_,
        user0_.created_at as created_3_7_0_,
        user0_.credit_score as credit_s4_7_0_,
        user0_.email as email5_7_0_,
        user0_.id_card as id_card6_7_0_,
        user0_.nickname as nickname7_7_0_,
        user0_.password as password8_7_0_,
        user0_.phone_number as phone_nu9_7_0_,
        user0_.role as role10_7_0_,
        user0_.status as status11_7_0_,
        user0_.updated_at as updated12_7_0_,
        user0_.username as usernam13_7_0_ 
    from
        users user0_ 
    where
        user0_.id=?
2026-04-28 14:35:56.874 DEBUG 53092 --- [nio-8080-exec-9] org.hibernate.SQL                        : 
    select
        avg(review0_.rating) as col_0_0_ 
    from
        reviews review0_ 
    where
        review0_.product_id=? 
        and review0_.audit_status=1
Hibernate: 
    select
        avg(review0_.rating) as col_0_0_ 
    from
        reviews review0_ 
    where
        review0_.product_id=? 
        and review0_.audit_status=1
2026-04-28 14:35:56.875 DEBUG 53092 --- [nio-8080-exec-9] org.hibernate.SQL                        : 
    select
        count(review0_.id) as col_0_0_ 
    from
        reviews review0_ 
    where
        review0_.product_id=? 
        and review0_.audit_status=1
Hibernate: 
    select
        count(review0_.id) as col_0_0_ 
    from
        reviews review0_ 
    where
        review0_.product_id=? 
        and review0_.audit_status=1
2026-04-28 14:35:59.196 DEBUG 53092 --- [nio-8080-exec-4] org.hibernate.SQL                        : 
    select
        user0_.id as id1_7_0_,
        user0_.avatar as avatar2_7_0_,
        user0_.created_at as created_3_7_0_,
        user0_.credit_score as credit_s4_7_0_,
        user0_.email as email5_7_0_,
        user0_.id_card as id_card6_7_0_,
        user0_.nickname as nickname7_7_0_,
        user0_.password as password8_7_0_,
        user0_.phone_number as phone_nu9_7_0_,
        user0_.role as role10_7_0_,
        user0_.status as status11_7_0_,
        user0_.updated_at as updated12_7_0_,
        user0_.username as usernam13_7_0_ 
    from
        users user0_ 
    where
        user0_.id=?
2026-04-28 14:35:59.196 DEBUG 53092 --- [nio-8080-exec-6] org.hibernate.SQL                        : 
    select
        user0_.id as id1_7_0_,
        user0_.avatar as avatar2_7_0_,
        user0_.created_at as created_3_7_0_,
        user0_.credit_score as credit_s4_7_0_,
        user0_.email as email5_7_0_,
        user0_.id_card as id_card6_7_0_,
        user0_.nickname as nickname7_7_0_,
        user0_.password as password8_7_0_,
        user0_.phone_number as phone_nu9_7_0_,
        user0_.role as role10_7_0_,
        user0_.status as status11_7_0_,
        user0_.updated_at as updated12_7_0_,
        user0_.username as usernam13_7_0_ 
    from
        users user0_ 
    where
        user0_.id=?
Hibernate: 
    select
        user0_.id as id1_7_0_,
        user0_.avatar as avatar2_7_0_,
        user0_.created_at as created_3_7_0_,
        user0_.credit_score as credit_s4_7_0_,
        user0_.email as email5_7_0_,
        user0_.id_card as id_card6_7_0_,
        user0_.nickname as nickname7_7_0_,
        user0_.password as password8_7_0_,
        user0_.phone_number as phone_nu9_7_0_,
        user0_.role as role10_7_0_,
        user0_.status as status11_7_0_,
        user0_.updated_at as updated12_7_0_,
        user0_.username as usernam13_7_0_ 
    from
        users user0_ 
    where
        user0_.id=?
Hibernate: 
    select
        user0_.id as id1_7_0_,
        user0_.avatar as avatar2_7_0_,
        user0_.created_at as created_3_7_0_,
        user0_.credit_score as credit_s4_7_0_,
        user0_.email as email5_7_0_,
        user0_.id_card as id_card6_7_0_,
        user0_.nickname as nickname7_7_0_,
        user0_.password as password8_7_0_,
        user0_.phone_number as phone_nu9_7_0_,
        user0_.role as role10_7_0_,
        user0_.status as status11_7_0_,
        user0_.updated_at as updated12_7_0_,
        user0_.username as usernam13_7_0_ 
    from
        users user0_ 
    where
        user0_.id=?
2026-04-28 14:35:59.196 DEBUG 53092 --- [nio-8080-exec-8] org.hibernate.SQL                        : 
    select
        user0_.id as id1_7_0_,
        user0_.avatar as avatar2_7_0_,
        user0_.created_at as created_3_7_0_,
        user0_.credit_score as credit_s4_7_0_,
        user0_.email as email5_7_0_,
        user0_.id_card as id_card6_7_0_,
        user0_.nickname as nickname7_7_0_,
        user0_.password as password8_7_0_,
        user0_.phone_number as phone_nu9_7_0_,
        user0_.role as role10_7_0_,
        user0_.status as status11_7_0_,
        user0_.updated_at as updated12_7_0_,
        user0_.username as usernam13_7_0_ 
    from
        users user0_ 
    where
        user0_.id=?
Hibernate: 
    select
        user0_.id as id1_7_0_,
        user0_.avatar as avatar2_7_0_,
        user0_.created_at as created_3_7_0_,
        user0_.credit_score as credit_s4_7_0_,
        user0_.email as email5_7_0_,
        user0_.id_card as id_card6_7_0_,
        user0_.nickname as nickname7_7_0_,
        user0_.password as password8_7_0_,
        user0_.phone_number as phone_nu9_7_0_,
        user0_.role as role10_7_0_,
        user0_.status as status11_7_0_,
        user0_.updated_at as updated12_7_0_,
        user0_.username as usernam13_7_0_ 
    from
        users user0_ 
    where
        user0_.id=?
2026-04-28 14:35:59.198 DEBUG 53092 --- [nio-8080-exec-8] org.hibernate.SQL                        : 
    select
        favorite0_.id as col_0_0_ 
    from
        favorites favorite0_ 
    where
        favorite0_.user_id=? 
        and favorite0_.product_id=? limit ?
Hibernate: 
    select
        favorite0_.id as col_0_0_ 
    from
        favorites favorite0_ 
    where
        favorite0_.user_id=? 
        and favorite0_.product_id=? limit ?
2026-04-28 14:35:59.199 DEBUG 53092 --- [nio-8080-exec-6] org.hibernate.SQL                        : 
    select
        product0_.id as id1_5_0_,
        product0_.category_id as categor14_5_0_,
        product0_.condition_level as conditio2_5_0_,
        product0_.created_at as created_3_5_0_,
        product0_.description as descript4_5_0_,
        product0_.image_url as image_ur5_5_0_,
        product0_.location as location6_5_0_,
        product0_.name as name7_5_0_,
        product0_.original_price as original8_5_0_,
        product0_.price as price9_5_0_,
        product0_.reject_reason as reject_10_5_0_,
        product0_.seller_id as seller_15_5_0_,
        product0_.status as status11_5_0_,
        product0_.updated_at as updated12_5_0_,
        product0_.view_count as view_co13_5_0_ 
    from
        products product0_ 
    where
        product0_.id=?
Hibernate: 
    select
        product0_.id as id1_5_0_,
        product0_.category_id as categor14_5_0_,
        product0_.condition_level as conditio2_5_0_,
        product0_.created_at as created_3_5_0_,
        product0_.description as descript4_5_0_,
        product0_.image_url as image_ur5_5_0_,
        product0_.location as location6_5_0_,
        product0_.name as name7_5_0_,
        product0_.original_price as original8_5_0_,
        product0_.price as price9_5_0_,
        product0_.reject_reason as reject_10_5_0_,
        product0_.seller_id as seller_15_5_0_,
        product0_.status as status11_5_0_,
        product0_.updated_at as updated12_5_0_,
        product0_.view_count as view_co13_5_0_ 
    from
        products product0_ 
    where
        product0_.id=?
2026-04-28 14:35:59.199 DEBUG 53092 --- [nio-8080-exec-4] org.hibernate.SQL                        : 
    select
        review0_.id as id1_6_,
        review0_.audit_remark as audit_re2_6_,
        review0_.audit_status as audit_st3_6_,
        review0_.comment as comment4_6_,
        review0_.created_at as created_5_6_,
        review0_.desc_score as desc_sco6_6_,
        review0_.images as images7_6_,
        review0_.order_id as order_i11_6_,
        review0_.product_id as product12_6_,
        review0_.rating as rating8_6_,
        review0_.service_score as service_9_6_,
        review0_.ship_score as ship_sc10_6_,
        review0_.user_id as user_id13_6_ 
    from
        reviews review0_ 
    left outer join
        products product1_ 
            on review0_.product_id=product1_.id 
    where
        product1_.id=? 
        and review0_.audit_status=? 
    order by
        review0_.created_at desc limit ?
Hibernate: 
    select
        review0_.id as id1_6_,
        review0_.audit_remark as audit_re2_6_,
        review0_.audit_status as audit_st3_6_,
        review0_.comment as comment4_6_,
        review0_.created_at as created_5_6_,
        review0_.desc_score as desc_sco6_6_,
        review0_.images as images7_6_,
        review0_.order_id as order_i11_6_,
        review0_.product_id as product12_6_,
        review0_.rating as rating8_6_,
        review0_.service_score as service_9_6_,
        review0_.ship_score as ship_sc10_6_,
        review0_.user_id as user_id13_6_ 
    from
        reviews review0_ 
    left outer join
        products product1_ 
            on review0_.product_id=product1_.id 
    where
        product1_.id=? 
        and review0_.audit_status=? 
    order by
        review0_.created_at desc limit ?
2026-04-28 14:35:59.200 DEBUG 53092 --- [nio-8080-exec-6] org.hibernate.SQL                        : 
    update
        products 
    set
        view_count=view_count+1 
    where
        id=?
Hibernate: 
    update
        products 
    set
        view_count=view_count+1 
    where
        id=?
2026-04-28 14:35:59.200 DEBUG 53092 --- [nio-8080-exec-4] org.hibernate.SQL                        : 
    select
        product0_.id as id1_5_0_,
        product0_.category_id as categor14_5_0_,
        product0_.condition_level as conditio2_5_0_,
        product0_.created_at as created_3_5_0_,
        product0_.description as descript4_5_0_,
        product0_.image_url as image_ur5_5_0_,
        product0_.location as location6_5_0_,
        product0_.name as name7_5_0_,
        product0_.original_price as original8_5_0_,
        product0_.price as price9_5_0_,
        product0_.reject_reason as reject_10_5_0_,
        product0_.seller_id as seller_15_5_0_,
        product0_.status as status11_5_0_,
        product0_.updated_at as updated12_5_0_,
        product0_.view_count as view_co13_5_0_ 
    from
        products product0_ 
    where
        product0_.id=?
Hibernate: 
    select
        product0_.id as id1_5_0_,
        product0_.category_id as categor14_5_0_,
        product0_.condition_level as conditio2_5_0_,
        product0_.created_at as created_3_5_0_,
        product0_.description as descript4_5_0_,
        product0_.image_url as image_ur5_5_0_,
        product0_.location as location6_5_0_,
        product0_.name as name7_5_0_,
        product0_.original_price as original8_5_0_,
        product0_.price as price9_5_0_,
        product0_.reject_reason as reject_10_5_0_,
        product0_.seller_id as seller_15_5_0_,
        product0_.status as status11_5_0_,
        product0_.updated_at as updated12_5_0_,
        product0_.view_count as view_co13_5_0_ 
    from
        products product0_ 
    where
        product0_.id=?
2026-04-28 14:35:59.201 DEBUG 53092 --- [nio-8080-exec-6] org.hibernate.SQL                        : 
    select
        category0_.id as id1_0_0_,
        category0_.created_at as created_2_0_0_,
        category0_.icon as icon3_0_0_,
        category0_.name as name4_0_0_,
        category0_.sort_order as sort_ord5_0_0_ 
    from
        categories category0_ 
    where
        category0_.id=?
Hibernate: 
    select
        category0_.id as id1_0_0_,
        category0_.created_at as created_2_0_0_,
        category0_.icon as icon3_0_0_,
        category0_.name as name4_0_0_,
        category0_.sort_order as sort_ord5_0_0_ 
    from
        categories category0_ 
    where
        category0_.id=?
2026-04-28 14:35:59.201 DEBUG 53092 --- [nio-8080-exec-4] org.hibernate.SQL                        : 
    select
        user0_.id as id1_7_0_,
        user0_.avatar as avatar2_7_0_,
        user0_.created_at as created_3_7_0_,
        user0_.credit_score as credit_s4_7_0_,
        user0_.email as email5_7_0_,
        user0_.id_card as id_card6_7_0_,
        user0_.nickname as nickname7_7_0_,
        user0_.password as password8_7_0_,
        user0_.phone_number as phone_nu9_7_0_,
        user0_.role as role10_7_0_,
        user0_.status as status11_7_0_,
        user0_.updated_at as updated12_7_0_,
        user0_.username as usernam13_7_0_ 
    from
        users user0_ 
    where
        user0_.id=?
Hibernate: 
    select
        user0_.id as id1_7_0_,
        user0_.avatar as avatar2_7_0_,
        user0_.created_at as created_3_7_0_,
        user0_.credit_score as credit_s4_7_0_,
        user0_.email as email5_7_0_,
        user0_.id_card as id_card6_7_0_,
        user0_.nickname as nickname7_7_0_,
        user0_.password as password8_7_0_,
        user0_.phone_number as phone_nu9_7_0_,
        user0_.role as role10_7_0_,
        user0_.status as status11_7_0_,
        user0_.updated_at as updated12_7_0_,
        user0_.username as usernam13_7_0_ 
    from
        users user0_ 
    where
        user0_.id=?
2026-04-28 14:35:59.202 DEBUG 53092 --- [nio-8080-exec-6] org.hibernate.SQL                        : 
    select
        productima0_.id as id1_4_,
        productima0_.created_at as created_2_4_,
        productima0_.image_url as image_ur3_4_,
        productima0_.product_id as product_5_4_,
        productima0_.sort_order as sort_ord4_4_ 
    from
        product_images productima0_ 
    left outer join
        products product1_ 
            on productima0_.product_id=product1_.id 
    where
        product1_.id=? 
    order by
        productima0_.sort_order asc
Hibernate: 
    select
        productima0_.id as id1_4_,
        productima0_.created_at as created_2_4_,
        productima0_.image_url as image_ur3_4_,
        productima0_.product_id as product_5_4_,
        productima0_.sort_order as sort_ord4_4_ 
    from
        product_images productima0_ 
    left outer join
        products product1_ 
            on productima0_.product_id=product1_.id 
    where
        product1_.id=? 
    order by
        productima0_.sort_order asc
2026-04-28 14:35:59.203 DEBUG 53092 --- [nio-8080-exec-6] org.hibernate.SQL                        : 
    select
        user0_.id as id1_7_0_,
        user0_.avatar as avatar2_7_0_,
        user0_.created_at as created_3_7_0_,
        user0_.credit_score as credit_s4_7_0_,
        user0_.email as email5_7_0_,
        user0_.id_card as id_card6_7_0_,
        user0_.nickname as nickname7_7_0_,
        user0_.password as password8_7_0_,
        user0_.phone_number as phone_nu9_7_0_,
        user0_.role as role10_7_0_,
        user0_.status as status11_7_0_,
        user0_.updated_at as updated12_7_0_,
        user0_.username as usernam13_7_0_ 
    from
        users user0_ 
    where
        user0_.id=?
Hibernate: 
    select
        user0_.id as id1_7_0_,
        user0_.avatar as avatar2_7_0_,
        user0_.created_at as created_3_7_0_,
        user0_.credit_score as credit_s4_7_0_,
        user0_.email as email5_7_0_,
        user0_.id_card as id_card6_7_0_,
        user0_.nickname as nickname7_7_0_,
        user0_.password as password8_7_0_,
        user0_.phone_number as phone_nu9_7_0_,
        user0_.role as role10_7_0_,
        user0_.status as status11_7_0_,
        user0_.updated_at as updated12_7_0_,
        user0_.username as usernam13_7_0_ 
    from
        users user0_ 
    where
        user0_.id=?
2026-04-28 14:35:59.204 DEBUG 53092 --- [nio-8080-exec-6] org.hibernate.SQL                        : 
    select
        avg(review0_.rating) as col_0_0_ 
    from
        reviews review0_ 
    where
        review0_.product_id=? 
        and review0_.audit_status=1
Hibernate: 
    select
        avg(review0_.rating) as col_0_0_ 
    from
        reviews review0_ 
    where
        review0_.product_id=? 
        and review0_.audit_status=1
2026-04-28 14:35:59.205 DEBUG 53092 --- [nio-8080-exec-6] org.hibernate.SQL                        : 
    select
        count(review0_.id) as col_0_0_ 
    from
        reviews review0_ 
    where
        review0_.product_id=? 
        and review0_.audit_status=1
Hibernate: 
    select
        count(review0_.id) as col_0_0_ 
    from
        reviews review0_ 
    where
        review0_.product_id=? 
        and review0_.audit_status=1
2026-04-28 14:36:03.641 DEBUG 53092 --- [nio-8080-exec-7] org.hibernate.SQL                        : 
    select
        user0_.id as id1_7_0_,
        user0_.avatar as avatar2_7_0_,
        user0_.created_at as created_3_7_0_,
        user0_.credit_score as credit_s4_7_0_,
        user0_.email as email5_7_0_,
        user0_.id_card as id_card6_7_0_,
        user0_.nickname as nickname7_7_0_,
        user0_.password as password8_7_0_,
        user0_.phone_number as phone_nu9_7_0_,
        user0_.role as role10_7_0_,
        user0_.status as status11_7_0_,
        user0_.updated_at as updated12_7_0_,
        user0_.username as usernam13_7_0_ 
    from
        users user0_ 
    where
        user0_.id=?
Hibernate: 
    select
        user0_.id as id1_7_0_,
        user0_.avatar as avatar2_7_0_,
        user0_.created_at as created_3_7_0_,
        user0_.credit_score as credit_s4_7_0_,
        user0_.email as email5_7_0_,
        user0_.id_card as id_card6_7_0_,
        user0_.nickname as nickname7_7_0_,
        user0_.password as password8_7_0_,
        user0_.phone_number as phone_nu9_7_0_,
        user0_.role as role10_7_0_,
        user0_.status as status11_7_0_,
        user0_.updated_at as updated12_7_0_,
        user0_.username as usernam13_7_0_ 
    from
        users user0_ 
    where
        user0_.id=?
2026-04-28 14:36:03.643 DEBUG 53092 --- [nio-8080-exec-7] org.hibernate.SQL                        : 
    select
        distinct case 
            when message0_.sender_id=? then message0_.receiver_id 
            else message0_.sender_id 
        end as col_0_0_ 
    from
        messages message0_ 
    where
        message0_.sender_id=? 
        or message0_.receiver_id=?
Hibernate: 
    select
        distinct case 
            when message0_.sender_id=? then message0_.receiver_id 
            else message0_.sender_id 
        end as col_0_0_ 
    from
        messages message0_ 
    where
        message0_.sender_id=? 
        or message0_.receiver_id=?
2026-04-28 14:36:03.652 DEBUG 53092 --- [nio-8080-exec-9] org.hibernate.SQL                        : 
    select
        user0_.id as id1_7_0_,
        user0_.avatar as avatar2_7_0_,
        user0_.created_at as created_3_7_0_,
        user0_.credit_score as credit_s4_7_0_,
        user0_.email as email5_7_0_,
        user0_.id_card as id_card6_7_0_,
        user0_.nickname as nickname7_7_0_,
        user0_.password as password8_7_0_,
        user0_.phone_number as phone_nu9_7_0_,
        user0_.role as role10_7_0_,
        user0_.status as status11_7_0_,
        user0_.updated_at as updated12_7_0_,
        user0_.username as usernam13_7_0_ 
    from
        users user0_ 
    where
        user0_.id=?
Hibernate: 
    select
        user0_.id as id1_7_0_,
        user0_.avatar as avatar2_7_0_,
        user0_.created_at as created_3_7_0_,
        user0_.credit_score as credit_s4_7_0_,
        user0_.email as email5_7_0_,
        user0_.id_card as id_card6_7_0_,
        user0_.nickname as nickname7_7_0_,
        user0_.password as password8_7_0_,
        user0_.phone_number as phone_nu9_7_0_,
        user0_.role as role10_7_0_,
        user0_.status as status11_7_0_,
        user0_.updated_at as updated12_7_0_,
        user0_.username as usernam13_7_0_ 
    from
        users user0_ 
    where
        user0_.id=?
2026-04-28 14:36:03.654 DEBUG 53092 --- [nio-8080-exec-9] org.hibernate.SQL                        : 
    select
        count(message0_.id) as col_0_0_ 
    from
        messages message0_ 
    where
        message0_.receiver_id=? 
        and message0_.is_read=0
Hibernate: 
    select
        count(message0_.id) as col_0_0_ 
    from
        messages message0_ 
    where
        message0_.receiver_id=? 
        and message0_.is_read=0
2026-04-28 14:36:03.998 DEBUG 53092 --- [nio-8080-exec-1] org.hibernate.SQL                        : 
    select
        user0_.id as id1_7_0_,
        user0_.avatar as avatar2_7_0_,
        user0_.created_at as created_3_7_0_,
        user0_.credit_score as credit_s4_7_0_,
        user0_.email as email5_7_0_,
        user0_.id_card as id_card6_7_0_,
        user0_.nickname as nickname7_7_0_,
        user0_.password as password8_7_0_,
        user0_.phone_number as phone_nu9_7_0_,
        user0_.role as role10_7_0_,
        user0_.status as status11_7_0_,
        user0_.updated_at as updated12_7_0_,
        user0_.username as usernam13_7_0_ 
    from
        users user0_ 
    where
        user0_.id=?
Hibernate: 
    select
        user0_.id as id1_7_0_,
        user0_.avatar as avatar2_7_0_,
        user0_.created_at as created_3_7_0_,
        user0_.credit_score as credit_s4_7_0_,
        user0_.email as email5_7_0_,
        user0_.id_card as id_card6_7_0_,
        user0_.nickname as nickname7_7_0_,
        user0_.password as password8_7_0_,
        user0_.phone_number as phone_nu9_7_0_,
        user0_.role as role10_7_0_,
        user0_.status as status11_7_0_,
        user0_.updated_at as updated12_7_0_,
        user0_.username as usernam13_7_0_ 
    from
        users user0_ 
    where
        user0_.id=?
2026-04-28 14:36:04.001 DEBUG 53092 --- [nio-8080-exec-1] org.hibernate.SQL                        : 
    select
        user0_.id as id1_7_0_,
        user0_.avatar as avatar2_7_0_,
        user0_.created_at as created_3_7_0_,
        user0_.credit_score as credit_s4_7_0_,
        user0_.email as email5_7_0_,
        user0_.id_card as id_card6_7_0_,
        user0_.nickname as nickname7_7_0_,
        user0_.password as password8_7_0_,
        user0_.phone_number as phone_nu9_7_0_,
        user0_.role as role10_7_0_,
        user0_.status as status11_7_0_,
        user0_.updated_at as updated12_7_0_,
        user0_.username as usernam13_7_0_ 
    from
        users user0_ 
    where
        user0_.id=?
Hibernate: 
    select
        user0_.id as id1_7_0_,
        user0_.avatar as avatar2_7_0_,
        user0_.created_at as created_3_7_0_,
        user0_.credit_score as credit_s4_7_0_,
        user0_.email as email5_7_0_,
        user0_.id_card as id_card6_7_0_,
        user0_.nickname as nickname7_7_0_,
        user0_.password as password8_7_0_,
        user0_.phone_number as phone_nu9_7_0_,
        user0_.role as role10_7_0_,
        user0_.status as status11_7_0_,
        user0_.updated_at as updated12_7_0_,
        user0_.username as usernam13_7_0_ 
    from
        users user0_ 
    where
        user0_.id=?
2026-04-28 14:36:08.659 DEBUG 53092 --- [nio-8080-exec-8] org.hibernate.SQL                        : 
    select
        user0_.id as id1_7_0_,
        user0_.avatar as avatar2_7_0_,
        user0_.created_at as created_3_7_0_,
        user0_.credit_score as credit_s4_7_0_,
        user0_.email as email5_7_0_,
        user0_.id_card as id_card6_7_0_,
        user0_.nickname as nickname7_7_0_,
        user0_.password as password8_7_0_,
        user0_.phone_number as phone_nu9_7_0_,
        user0_.role as role10_7_0_,
        user0_.status as status11_7_0_,
        user0_.updated_at as updated12_7_0_,
        user0_.username as usernam13_7_0_ 
    from
        users user0_ 
    where
        user0_.id=?
Hibernate: 
    select
        user0_.id as id1_7_0_,
        user0_.avatar as avatar2_7_0_,
        user0_.created_at as created_3_7_0_,
        user0_.credit_score as credit_s4_7_0_,
        user0_.email as email5_7_0_,
        user0_.id_card as id_card6_7_0_,
        user0_.nickname as nickname7_7_0_,
        user0_.password as password8_7_0_,
        user0_.phone_number as phone_nu9_7_0_,
        user0_.role as role10_7_0_,
        user0_.status as status11_7_0_,
        user0_.updated_at as updated12_7_0_,
        user0_.username as usernam13_7_0_ 
    from
        users user0_ 
    where
        user0_.id=?
2026-04-28 14:36:08.662 DEBUG 53092 --- [nio-8080-exec-8] org.hibernate.SQL                        : 
    select
        count(message0_.id) as col_0_0_ 
    from
        messages message0_ 
    where
        message0_.receiver_id=? 
        and message0_.is_read=0
Hibernate: 
    select
        count(message0_.id) as col_0_0_ 
    from
        messages message0_ 
    where
        message0_.receiver_id=? 
        and message0_.is_read=0
2026-04-28 14:36:23.660 DEBUG 53092 --- [nio-8080-exec-6] org.hibernate.SQL                        : 
    select
        user0_.id as id1_7_0_,
        user0_.avatar as avatar2_7_0_,
        user0_.created_at as created_3_7_0_,
        user0_.credit_score as credit_s4_7_0_,
        user0_.email as email5_7_0_,
        user0_.id_card as id_card6_7_0_,
        user0_.nickname as nickname7_7_0_,
        user0_.password as password8_7_0_,
        user0_.phone_number as phone_nu9_7_0_,
        user0_.role as role10_7_0_,
        user0_.status as status11_7_0_,
        user0_.updated_at as updated12_7_0_,
        user0_.username as usernam13_7_0_ 
    from
        users user0_ 
    where
        user0_.id=?
Hibernate: 
    select
        user0_.id as id1_7_0_,
        user0_.avatar as avatar2_7_0_,
        user0_.created_at as created_3_7_0_,
        user0_.credit_score as credit_s4_7_0_,
        user0_.email as email5_7_0_,
        user0_.id_card as id_card6_7_0_,
        user0_.nickname as nickname7_7_0_,
        user0_.password as password8_7_0_,
        user0_.phone_number as phone_nu9_7_0_,
        user0_.role as role10_7_0_,
        user0_.status as status11_7_0_,
        user0_.updated_at as updated12_7_0_,
        user0_.username as usernam13_7_0_ 
    from
        users user0_ 
    where
        user0_.id=?
2026-04-28 14:36:23.662 DEBUG 53092 --- [nio-8080-exec-6] org.hibernate.SQL                        : 
    select
        count(message0_.id) as col_0_0_ 
    from
        messages message0_ 
    where
        message0_.receiver_id=? 
        and message0_.is_read=0
Hibernate: 
    select
        count(message0_.id) as col_0_0_ 
    from
        messages message0_ 
    where
        message0_.receiver_id=? 
        and message0_.is_read=0
2026-04-28 14:36:34.094 DEBUG 53092 --- [   scheduling-1] org.hibernate.SQL                        : 
    select
        order0_.id as id1_3_,
        order0_.buyer_id as buyer_i15_3_,
        order0_.created_at as created_2_3_,
        order0_.order_no as order_no3_3_,
        order0_.payment_time as payment_4_3_,
        order0_.price as price5_3_,
        order0_.product_id as product16_3_,
        order0_.receive_time as receive_6_3_,
        order0_.seller_id as seller_17_3_,
        order0_.ship_time as ship_tim7_3_,
        order0_.shipping_address as shipping8_3_,
        order0_.shipping_name as shipping9_3_,
        order0_.shipping_phone as shippin10_3_,
        order0_.status as status11_3_,
        order0_.tracking_company as trackin12_3_,
        order0_.tracking_number as trackin13_3_,
        order0_.updated_at as updated14_3_ 
    from
        orders order0_ 
    where
        order0_.status='PENDING' 
        and order0_.created_at<?
Hibernate: 
    select
        order0_.id as id1_3_,
        order0_.buyer_id as buyer_i15_3_,
        order0_.created_at as created_2_3_,
        order0_.order_no as order_no3_3_,
        order0_.payment_time as payment_4_3_,
        order0_.price as price5_3_,
        order0_.product_id as product16_3_,
        order0_.receive_time as receive_6_3_,
        order0_.seller_id as seller_17_3_,
        order0_.ship_time as ship_tim7_3_,
        order0_.shipping_address as shipping8_3_,
        order0_.shipping_name as shipping9_3_,
        order0_.shipping_phone as shippin10_3_,
        order0_.status as status11_3_,
        order0_.tracking_company as trackin12_3_,
        order0_.tracking_number as trackin13_3_,
        order0_.updated_at as updated14_3_ 
    from
        orders order0_ 
    where
        order0_.status='PENDING' 
        and order0_.created_at<?
2026-04-28 14:36:38.665 DEBUG 53092 --- [nio-8080-exec-7] org.hibernate.SQL                        : 
    select
        user0_.id as id1_7_0_,
        user0_.avatar as avatar2_7_0_,
        user0_.created_at as created_3_7_0_,
        user0_.credit_score as credit_s4_7_0_,
        user0_.email as email5_7_0_,
        user0_.id_card as id_card6_7_0_,
        user0_.nickname as nickname7_7_0_,
        user0_.password as password8_7_0_,
        user0_.phone_number as phone_nu9_7_0_,
        user0_.role as role10_7_0_,
        user0_.status as status11_7_0_,
        user0_.updated_at as updated12_7_0_,
        user0_.username as usernam13_7_0_ 
    from
        users user0_ 
    where
        user0_.id=?
Hibernate: 
    select
        user0_.id as id1_7_0_,
        user0_.avatar as avatar2_7_0_,
        user0_.created_at as created_3_7_0_,
        user0_.credit_score as credit_s4_7_0_,
        user0_.email as email5_7_0_,
        user0_.id_card as id_card6_7_0_,
        user0_.nickname as nickname7_7_0_,
        user0_.password as password8_7_0_,
        user0_.phone_number as phone_nu9_7_0_,
        user0_.role as role10_7_0_,
        user0_.status as status11_7_0_,
        user0_.updated_at as updated12_7_0_,
        user0_.username as usernam13_7_0_ 
    from
        users user0_ 
    where
        user0_.id=?
2026-04-28 14:36:38.667 DEBUG 53092 --- [nio-8080-exec-7] org.hibernate.SQL                        : 
    select
        count(message0_.id) as col_0_0_ 
    from
        messages message0_ 
    where
        message0_.receiver_id=? 
        and message0_.is_read=0
Hibernate: 
    select
        count(message0_.id) as col_0_0_ 
    from
        messages message0_ 
    where
        message0_.receiver_id=? 
        and message0_.is_read=0
2026-04-28 14:36:54.108 DEBUG 53092 --- [nio-8080-exec-9] org.hibernate.SQL                        : 
    select
        user0_.id as id1_7_0_,
        user0_.avatar as avatar2_7_0_,
        user0_.created_at as created_3_7_0_,
        user0_.credit_score as credit_s4_7_0_,
        user0_.email as email5_7_0_,
        user0_.id_card as id_card6_7_0_,
        user0_.nickname as nickname7_7_0_,
        user0_.password as password8_7_0_,
        user0_.phone_number as phone_nu9_7_0_,
        user0_.role as role10_7_0_,
        user0_.status as status11_7_0_,
        user0_.updated_at as updated12_7_0_,
        user0_.username as usernam13_7_0_ 
    from
        users user0_ 
    where
        user0_.id=?
Hibernate: 
    select
        user0_.id as id1_7_0_,
        user0_.avatar as avatar2_7_0_,
        user0_.created_at as created_3_7_0_,
        user0_.credit_score as credit_s4_7_0_,
        user0_.email as email5_7_0_,
        user0_.id_card as id_card6_7_0_,
        user0_.nickname as nickname7_7_0_,
        user0_.password as password8_7_0_,
        user0_.phone_number as phone_nu9_7_0_,
        user0_.role as role10_7_0_,
        user0_.status as status11_7_0_,
        user0_.updated_at as updated12_7_0_,
        user0_.username as usernam13_7_0_ 
    from
        users user0_ 
    where
        user0_.id=?
2026-04-28 14:36:54.110 DEBUG 53092 --- [nio-8080-exec-9] org.hibernate.SQL                        : 
    select
        count(message0_.id) as col_0_0_ 
    from
        messages message0_ 
    where
        message0_.receiver_id=? 
        and message0_.is_read=0
Hibernate: 
    select
        count(message0_.id) as col_0_0_ 
    from
        messages message0_ 
    where
        message0_.receiver_id=? 
        and message0_.is_read=0
2026-04-28 14:37:09.099 DEBUG 53092 --- [nio-8080-exec-8] org.hibernate.SQL                        : 
    select
        user0_.id as id1_7_0_,
        user0_.avatar as avatar2_7_0_,
        user0_.created_at as created_3_7_0_,
        user0_.credit_score as credit_s4_7_0_,
        user0_.email as email5_7_0_,
        user0_.id_card as id_card6_7_0_,
        user0_.nickname as nickname7_7_0_,
        user0_.password as password8_7_0_,
        user0_.phone_number as phone_nu9_7_0_,
        user0_.role as role10_7_0_,
        user0_.status as status11_7_0_,
        user0_.updated_at as updated12_7_0_,
        user0_.username as usernam13_7_0_ 
    from
        users user0_ 
    where
        user0_.id=?
Hibernate: 
    select
        user0_.id as id1_7_0_,
        user0_.avatar as avatar2_7_0_,
        user0_.created_at as created_3_7_0_,
        user0_.credit_score as credit_s4_7_0_,
        user0_.email as email5_7_0_,
        user0_.id_card as id_card6_7_0_,
        user0_.nickname as nickname7_7_0_,
        user0_.password as password8_7_0_,
        user0_.phone_number as phone_nu9_7_0_,
        user0_.role as role10_7_0_,
        user0_.status as status11_7_0_,
        user0_.updated_at as updated12_7_0_,
        user0_.username as usernam13_7_0_ 
    from
        users user0_ 
    where
        user0_.id=?
2026-04-28 14:37:09.101 DEBUG 53092 --- [nio-8080-exec-8] org.hibernate.SQL                        : 
    select
        count(message0_.id) as col_0_0_ 
    from
        messages message0_ 
    where
        message0_.receiver_id=? 
        and message0_.is_read=0
Hibernate: 
    select
        count(message0_.id) as col_0_0_ 
    from
        messages message0_ 
    where
        message0_.receiver_id=? 
        and message0_.is_read=0
2026-04-28 14:37:24.098 DEBUG 53092 --- [nio-8080-exec-6] org.hibernate.SQL                        : 
    select
        user0_.id as id1_7_0_,
        user0_.avatar as avatar2_7_0_,
        user0_.created_at as created_3_7_0_,
        user0_.credit_score as credit_s4_7_0_,
        user0_.email as email5_7_0_,
        user0_.id_card as id_card6_7_0_,
        user0_.nickname as nickname7_7_0_,
        user0_.password as password8_7_0_,
        user0_.phone_number as phone_nu9_7_0_,
        user0_.role as role10_7_0_,
        user0_.status as status11_7_0_,
        user0_.updated_at as updated12_7_0_,
        user0_.username as usernam13_7_0_ 
    from
        users user0_ 
    where
        user0_.id=?
Hibernate: 
    select
        user0_.id as id1_7_0_,
        user0_.avatar as avatar2_7_0_,
        user0_.created_at as created_3_7_0_,
        user0_.credit_score as credit_s4_7_0_,
        user0_.email as email5_7_0_,
        user0_.id_card as id_card6_7_0_,
        user0_.nickname as nickname7_7_0_,
        user0_.password as password8_7_0_,
        user0_.phone_number as phone_nu9_7_0_,
        user0_.role as role10_7_0_,
        user0_.status as status11_7_0_,
        user0_.updated_at as updated12_7_0_,
        user0_.username as usernam13_7_0_ 
    from
        users user0_ 
    where
        user0_.id=?
2026-04-28 14:37:24.101 DEBUG 53092 --- [nio-8080-exec-6] org.hibernate.SQL                        : 
    select
        count(message0_.id) as col_0_0_ 
    from
        messages message0_ 
    where
        message0_.receiver_id=? 
        and message0_.is_read=0
Hibernate: 
    select
        count(message0_.id) as col_0_0_ 
    from
        messages message0_ 
    where
        message0_.receiver_id=? 
        and message0_.is_read=0
2026-04-28 14:37:34.107 DEBUG 53092 --- [   scheduling-1] org.hibernate.SQL                        : 
    select
        order0_.id as id1_3_,
        order0_.buyer_id as buyer_i15_3_,
        order0_.created_at as created_2_3_,
        order0_.order_no as order_no3_3_,
        order0_.payment_time as payment_4_3_,
        order0_.price as price5_3_,
        order0_.product_id as product16_3_,
        order0_.receive_time as receive_6_3_,
        order0_.seller_id as seller_17_3_,
        order0_.ship_time as ship_tim7_3_,
        order0_.shipping_address as shipping8_3_,
        order0_.shipping_name as shipping9_3_,
        order0_.shipping_phone as shippin10_3_,
        order0_.status as status11_3_,
        order0_.tracking_company as trackin12_3_,
        order0_.tracking_number as trackin13_3_,
        order0_.updated_at as updated14_3_ 
    from
        orders order0_ 
    where
        order0_.status='PENDING' 
        and order0_.created_at<?
Hibernate: 
    select
        order0_.id as id1_3_,
        order0_.buyer_id as buyer_i15_3_,
        order0_.created_at as created_2_3_,
        order0_.order_no as order_no3_3_,
        order0_.payment_time as payment_4_3_,
        order0_.price as price5_3_,
        order0_.product_id as product16_3_,
        order0_.receive_time as receive_6_3_,
        order0_.seller_id as seller_17_3_,
        order0_.ship_time as ship_tim7_3_,
        order0_.shipping_address as shipping8_3_,
        order0_.shipping_name as shipping9_3_,
        order0_.shipping_phone as shippin10_3_,
        order0_.status as status11_3_,
        order0_.tracking_company as trackin12_3_,
        order0_.tracking_number as trackin13_3_,
        order0_.updated_at as updated14_3_ 
    from
        orders order0_ 
    where
        order0_.status='PENDING' 
        and order0_.created_at<?
2026-04-28 14:37:39.100 DEBUG 53092 --- [nio-8080-exec-7] org.hibernate.SQL                        : 
    select
        user0_.id as id1_7_0_,
        user0_.avatar as avatar2_7_0_,
        user0_.created_at as created_3_7_0_,
        user0_.credit_score as credit_s4_7_0_,
        user0_.email as email5_7_0_,
        user0_.id_card as id_card6_7_0_,
        user0_.nickname as nickname7_7_0_,
        user0_.password as password8_7_0_,
        user0_.phone_number as phone_nu9_7_0_,
        user0_.role as role10_7_0_,
        user0_.status as status11_7_0_,
        user0_.updated_at as updated12_7_0_,
        user0_.username as usernam13_7_0_ 
    from
        users user0_ 
    where
        user0_.id=?
Hibernate: 
    select
        user0_.id as id1_7_0_,
        user0_.avatar as avatar2_7_0_,
        user0_.created_at as created_3_7_0_,
        user0_.credit_score as credit_s4_7_0_,
        user0_.email as email5_7_0_,
        user0_.id_card as id_card6_7_0_,
        user0_.nickname as nickname7_7_0_,
        user0_.password as password8_7_0_,
        user0_.phone_number as phone_nu9_7_0_,
        user0_.role as role10_7_0_,
        user0_.status as status11_7_0_,
        user0_.updated_at as updated12_7_0_,
        user0_.username as usernam13_7_0_ 
    from
        users user0_ 
    where
        user0_.id=?
2026-04-28 14:37:39.102 DEBUG 53092 --- [nio-8080-exec-7] org.hibernate.SQL                        : 
    select
        count(message0_.id) as col_0_0_ 
    from
        messages message0_ 
    where
        message0_.receiver_id=? 
        and message0_.is_read=0
Hibernate: 
    select
        count(message0_.id) as col_0_0_ 
    from
        messages message0_ 
    where
        message0_.receiver_id=? 
        and message0_.is_read=0
2026-04-28 14:37:55.097 DEBUG 53092 --- [nio-8080-exec-9] org.hibernate.SQL                        : 
    select
        user0_.id as id1_7_0_,
        user0_.avatar as avatar2_7_0_,
        user0_.created_at as created_3_7_0_,
        user0_.credit_score as credit_s4_7_0_,
        user0_.email as email5_7_0_,
        user0_.id_card as id_card6_7_0_,
        user0_.nickname as nickname7_7_0_,
        user0_.password as password8_7_0_,
        user0_.phone_number as phone_nu9_7_0_,
        user0_.role as role10_7_0_,
        user0_.status as status11_7_0_,
        user0_.updated_at as updated12_7_0_,
        user0_.username as usernam13_7_0_ 
    from
        users user0_ 
    where
        user0_.id=?
Hibernate: 
    select
        user0_.id as id1_7_0_,
        user0_.avatar as avatar2_7_0_,
        user0_.created_at as created_3_7_0_,
        user0_.credit_score as credit_s4_7_0_,
        user0_.email as email5_7_0_,
        user0_.id_card as id_card6_7_0_,
        user0_.nickname as nickname7_7_0_,
        user0_.password as password8_7_0_,
        user0_.phone_number as phone_nu9_7_0_,
        user0_.role as role10_7_0_,
        user0_.status as status11_7_0_,
        user0_.updated_at as updated12_7_0_,
        user0_.username as usernam13_7_0_ 
    from
        users user0_ 
    where
        user0_.id=?
2026-04-28 14:37:55.099 DEBUG 53092 --- [nio-8080-exec-9] org.hibernate.SQL                        : 
    select
        count(message0_.id) as col_0_0_ 
    from
        messages message0_ 
    where
        message0_.receiver_id=? 
        and message0_.is_read=0
Hibernate: 
    select
        count(message0_.id) as col_0_0_ 
    from
        messages message0_ 
    where
        message0_.receiver_id=? 
        and message0_.is_read=0
2026-04-28 14:38:34.119 DEBUG 53092 --- [   scheduling-1] org.hibernate.SQL                        : 
    select
        order0_.id as id1_3_,
        order0_.buyer_id as buyer_i15_3_,
        order0_.created_at as created_2_3_,
        order0_.order_no as order_no3_3_,
        order0_.payment_time as payment_4_3_,
        order0_.price as price5_3_,
        order0_.product_id as product16_3_,
        order0_.receive_time as receive_6_3_,
        order0_.seller_id as seller_17_3_,
        order0_.ship_time as ship_tim7_3_,
        order0_.shipping_address as shipping8_3_,
        order0_.shipping_name as shipping9_3_,
        order0_.shipping_phone as shippin10_3_,
        order0_.status as status11_3_,
        order0_.tracking_company as trackin12_3_,
        order0_.tracking_number as trackin13_3_,
        order0_.updated_at as updated14_3_ 
    from
        orders order0_ 
    where
        order0_.status='PENDING' 
        and order0_.created_at<?
Hibernate: 
    select
        order0_.id as id1_3_,
        order0_.buyer_id as buyer_i15_3_,
        order0_.created_at as created_2_3_,
        order0_.order_no as order_no3_3_,
        order0_.payment_time as payment_4_3_,
        order0_.price as price5_3_,
        order0_.product_id as product16_3_,
        order0_.receive_time as receive_6_3_,
        order0_.seller_id as seller_17_3_,
        order0_.ship_time as ship_tim7_3_,
        order0_.shipping_address as shipping8_3_,
        order0_.shipping_name as shipping9_3_,
        order0_.shipping_phone as shippin10_3_,
        order0_.status as status11_3_,
        order0_.tracking_company as trackin12_3_,
        order0_.tracking_number as trackin13_3_,
        order0_.updated_at as updated14_3_ 
    from
        orders order0_ 
    where
        order0_.status='PENDING' 
        and order0_.created_at<?
2026-04-28 14:38:37.293 DEBUG 53092 --- [nio-8080-exec-1] org.hibernate.SQL                        : 
    select
        product0_.id as id1_5_,
        product0_.category_id as categor14_5_,
        product0_.condition_level as conditio2_5_,
        product0_.created_at as created_3_5_,
        product0_.description as descript4_5_,
        product0_.image_url as image_ur5_5_,
        product0_.location as location6_5_,
        product0_.name as name7_5_,
        product0_.original_price as original8_5_,
        product0_.price as price9_5_,
        product0_.reject_reason as reject_10_5_,
        product0_.seller_id as seller_15_5_,
        product0_.status as status11_5_,
        product0_.updated_at as updated12_5_,
        product0_.view_count as view_co13_5_ 
    from
        products product0_ 
    where
        product0_.status=? 
    order by
        product0_.created_at desc limit ?
Hibernate: 
    select
        product0_.id as id1_5_,
        product0_.category_id as categor14_5_,
        product0_.condition_level as conditio2_5_,
        product0_.created_at as created_3_5_,
        product0_.description as descript4_5_,
        product0_.image_url as image_ur5_5_,
        product0_.location as location6_5_,
        product0_.name as name7_5_,
        product0_.original_price as original8_5_,
        product0_.price as price9_5_,
        product0_.reject_reason as reject_10_5_,
        product0_.seller_id as seller_15_5_,
        product0_.status as status11_5_,
        product0_.updated_at as updated12_5_,
        product0_.view_count as view_co13_5_ 
    from
        products product0_ 
    where
        product0_.status=? 
    order by
        product0_.created_at desc limit ?
2026-04-28 14:38:37.297 DEBUG 53092 --- [nio-8080-exec-1] org.hibernate.SQL                        : 
    select
        count(product0_.id) as col_0_0_ 
    from
        products product0_ 
    where
        product0_.status=?
Hibernate: 
    select
        count(product0_.id) as col_0_0_ 
    from
        products product0_ 
    where
        product0_.status=?
2026-04-28 14:38:37.298 DEBUG 53092 --- [nio-8080-exec-1] org.hibernate.SQL                        : 
    select
        user0_.id as id1_7_0_,
        user0_.avatar as avatar2_7_0_,
        user0_.created_at as created_3_7_0_,
        user0_.credit_score as credit_s4_7_0_,
        user0_.email as email5_7_0_,
        user0_.id_card as id_card6_7_0_,
        user0_.nickname as nickname7_7_0_,
        user0_.password as password8_7_0_,
        user0_.phone_number as phone_nu9_7_0_,
        user0_.role as role10_7_0_,
        user0_.status as status11_7_0_,
        user0_.updated_at as updated12_7_0_,
        user0_.username as usernam13_7_0_ 
    from
        users user0_ 
    where
        user0_.id=?
Hibernate: 
    select
        user0_.id as id1_7_0_,
        user0_.avatar as avatar2_7_0_,
        user0_.created_at as created_3_7_0_,
        user0_.credit_score as credit_s4_7_0_,
        user0_.email as email5_7_0_,
        user0_.id_card as id_card6_7_0_,
        user0_.nickname as nickname7_7_0_,
        user0_.password as password8_7_0_,
        user0_.phone_number as phone_nu9_7_0_,
        user0_.role as role10_7_0_,
        user0_.status as status11_7_0_,
        user0_.updated_at as updated12_7_0_,
        user0_.username as usernam13_7_0_ 
    from
        users user0_ 
    where
        user0_.id=?
2026-04-28 14:38:37.300 DEBUG 53092 --- [nio-8080-exec-1] org.hibernate.SQL                        : 
    select
        user0_.id as id1_7_0_,
        user0_.avatar as avatar2_7_0_,
        user0_.created_at as created_3_7_0_,
        user0_.credit_score as credit_s4_7_0_,
        user0_.email as email5_7_0_,
        user0_.id_card as id_card6_7_0_,
        user0_.nickname as nickname7_7_0_,
        user0_.password as password8_7_0_,
        user0_.phone_number as phone_nu9_7_0_,
        user0_.role as role10_7_0_,
        user0_.status as status11_7_0_,
        user0_.updated_at as updated12_7_0_,
        user0_.username as usernam13_7_0_ 
    from
        users user0_ 
    where
        user0_.id=?
Hibernate: 
    select
        user0_.id as id1_7_0_,
        user0_.avatar as avatar2_7_0_,
        user0_.created_at as created_3_7_0_,
        user0_.credit_score as credit_s4_7_0_,
        user0_.email as email5_7_0_,
        user0_.id_card as id_card6_7_0_,
        user0_.nickname as nickname7_7_0_,
        user0_.password as password8_7_0_,
        user0_.phone_number as phone_nu9_7_0_,
        user0_.role as role10_7_0_,
        user0_.status as status11_7_0_,
        user0_.updated_at as updated12_7_0_,
        user0_.username as usernam13_7_0_ 
    from
        users user0_ 
    where
        user0_.id=?
2026-04-28 14:38:37.301 DEBUG 53092 --- [nio-8080-exec-1] org.hibernate.SQL                        : 
    select
        user0_.id as id1_7_0_,
        user0_.avatar as avatar2_7_0_,
        user0_.created_at as created_3_7_0_,
        user0_.credit_score as credit_s4_7_0_,
        user0_.email as email5_7_0_,
        user0_.id_card as id_card6_7_0_,
        user0_.nickname as nickname7_7_0_,
        user0_.password as password8_7_0_,
        user0_.phone_number as phone_nu9_7_0_,
        user0_.role as role10_7_0_,
        user0_.status as status11_7_0_,
        user0_.updated_at as updated12_7_0_,
        user0_.username as usernam13_7_0_ 
    from
        users user0_ 
    where
        user0_.id=?
Hibernate: 
    select
        user0_.id as id1_7_0_,
        user0_.avatar as avatar2_7_0_,
        user0_.created_at as created_3_7_0_,
        user0_.credit_score as credit_s4_7_0_,
        user0_.email as email5_7_0_,
        user0_.id_card as id_card6_7_0_,
        user0_.nickname as nickname7_7_0_,
        user0_.password as password8_7_0_,
        user0_.phone_number as phone_nu9_7_0_,
        user0_.role as role10_7_0_,
        user0_.status as status11_7_0_,
        user0_.updated_at as updated12_7_0_,
        user0_.username as usernam13_7_0_ 
    from
        users user0_ 
    where
        user0_.id=?
2026-04-28 14:38:37.302 DEBUG 53092 --- [nio-8080-exec-1] org.hibernate.SQL                        : 
    select
        user0_.id as id1_7_0_,
        user0_.avatar as avatar2_7_0_,
        user0_.created_at as created_3_7_0_,
        user0_.credit_score as credit_s4_7_0_,
        user0_.email as email5_7_0_,
        user0_.id_card as id_card6_7_0_,
        user0_.nickname as nickname7_7_0_,
        user0_.password as password8_7_0_,
        user0_.phone_number as phone_nu9_7_0_,
        user0_.role as role10_7_0_,
        user0_.status as status11_7_0_,
        user0_.updated_at as updated12_7_0_,
        user0_.username as usernam13_7_0_ 
    from
        users user0_ 
    where
        user0_.id=?
Hibernate: 
    select
        user0_.id as id1_7_0_,
        user0_.avatar as avatar2_7_0_,
        user0_.created_at as created_3_7_0_,
        user0_.credit_score as credit_s4_7_0_,
        user0_.email as email5_7_0_,
        user0_.id_card as id_card6_7_0_,
        user0_.nickname as nickname7_7_0_,
        user0_.password as password8_7_0_,
        user0_.phone_number as phone_nu9_7_0_,
        user0_.role as role10_7_0_,
        user0_.status as status11_7_0_,
        user0_.updated_at as updated12_7_0_,
        user0_.username as usernam13_7_0_ 
    from
        users user0_ 
    where
        user0_.id=?
2026-04-28 14:38:37.334 DEBUG 53092 --- [io-8080-exec-10] org.hibernate.SQL                        : 
    select
        product0_.id as id1_5_0_,
        product0_.category_id as categor14_5_0_,
        product0_.condition_level as conditio2_5_0_,
        product0_.created_at as created_3_5_0_,
        product0_.description as descript4_5_0_,
        product0_.image_url as image_ur5_5_0_,
        product0_.location as location6_5_0_,
        product0_.name as name7_5_0_,
        product0_.original_price as original8_5_0_,
        product0_.price as price9_5_0_,
        product0_.reject_reason as reject_10_5_0_,
        product0_.seller_id as seller_15_5_0_,
        product0_.status as status11_5_0_,
        product0_.updated_at as updated12_5_0_,
        product0_.view_count as view_co13_5_0_ 
    from
        products product0_ 
    where
        product0_.id=?
Hibernate: 
    select
        product0_.id as id1_5_0_,
        product0_.category_id as categor14_5_0_,
        product0_.condition_level as conditio2_5_0_,
        product0_.created_at as created_3_5_0_,
        product0_.description as descript4_5_0_,
        product0_.image_url as image_ur5_5_0_,
        product0_.location as location6_5_0_,
        product0_.name as name7_5_0_,
        product0_.original_price as original8_5_0_,
        product0_.price as price9_5_0_,
        product0_.reject_reason as reject_10_5_0_,
        product0_.seller_id as seller_15_5_0_,
        product0_.status as status11_5_0_,
        product0_.updated_at as updated12_5_0_,
        product0_.view_count as view_co13_5_0_ 
    from
        products product0_ 
    where
        product0_.id=?
2026-04-28 14:38:37.335 DEBUG 53092 --- [io-8080-exec-10] org.hibernate.SQL                        : 
    update
        products 
    set
        view_count=view_count+1 
    where
        id=?
Hibernate: 
    update
        products 
    set
        view_count=view_count+1 
    where
        id=?
2026-04-28 14:38:37.336 DEBUG 53092 --- [io-8080-exec-10] org.hibernate.SQL                        : 
    select
        category0_.id as id1_0_0_,
        category0_.created_at as created_2_0_0_,
        category0_.icon as icon3_0_0_,
        category0_.name as name4_0_0_,
        category0_.sort_order as sort_ord5_0_0_ 
    from
        categories category0_ 
    where
        category0_.id=?
Hibernate: 
    select
        category0_.id as id1_0_0_,
        category0_.created_at as created_2_0_0_,
        category0_.icon as icon3_0_0_,
        category0_.name as name4_0_0_,
        category0_.sort_order as sort_ord5_0_0_ 
    from
        categories category0_ 
    where
        category0_.id=?
2026-04-28 14:38:37.338 DEBUG 53092 --- [io-8080-exec-10] org.hibernate.SQL                        : 
    select
        productima0_.id as id1_4_,
        productima0_.created_at as created_2_4_,
        productima0_.image_url as image_ur3_4_,
        productima0_.product_id as product_5_4_,
        productima0_.sort_order as sort_ord4_4_ 
    from
        product_images productima0_ 
    left outer join
        products product1_ 
            on productima0_.product_id=product1_.id 
    where
        product1_.id=? 
    order by
        productima0_.sort_order asc
Hibernate: 
    select
        productima0_.id as id1_4_,
        productima0_.created_at as created_2_4_,
        productima0_.image_url as image_ur3_4_,
        productima0_.product_id as product_5_4_,
        productima0_.sort_order as sort_ord4_4_ 
    from
        product_images productima0_ 
    left outer join
        products product1_ 
            on productima0_.product_id=product1_.id 
    where
        product1_.id=? 
    order by
        productima0_.sort_order asc
2026-04-28 14:38:37.338 DEBUG 53092 --- [io-8080-exec-10] org.hibernate.SQL                        : 
    select
        user0_.id as id1_7_0_,
        user0_.avatar as avatar2_7_0_,
        user0_.created_at as created_3_7_0_,
        user0_.credit_score as credit_s4_7_0_,
        user0_.email as email5_7_0_,
        user0_.id_card as id_card6_7_0_,
        user0_.nickname as nickname7_7_0_,
        user0_.password as password8_7_0_,
        user0_.phone_number as phone_nu9_7_0_,
        user0_.role as role10_7_0_,
        user0_.status as status11_7_0_,
        user0_.updated_at as updated12_7_0_,
        user0_.username as usernam13_7_0_ 
    from
        users user0_ 
    where
        user0_.id=?
Hibernate: 
    select
        user0_.id as id1_7_0_,
        user0_.avatar as avatar2_7_0_,
        user0_.created_at as created_3_7_0_,
        user0_.credit_score as credit_s4_7_0_,
        user0_.email as email5_7_0_,
        user0_.id_card as id_card6_7_0_,
        user0_.nickname as nickname7_7_0_,
        user0_.password as password8_7_0_,
        user0_.phone_number as phone_nu9_7_0_,
        user0_.role as role10_7_0_,
        user0_.status as status11_7_0_,
        user0_.updated_at as updated12_7_0_,
        user0_.username as usernam13_7_0_ 
    from
        users user0_ 
    where
        user0_.id=?
2026-04-28 14:38:37.339 DEBUG 53092 --- [io-8080-exec-10] org.hibernate.SQL                        : 
    select
        avg(review0_.rating) as col_0_0_ 
    from
        reviews review0_ 
    where
        review0_.product_id=? 
        and review0_.audit_status=1
Hibernate: 
    select
        avg(review0_.rating) as col_0_0_ 
    from
        reviews review0_ 
    where
        review0_.product_id=? 
        and review0_.audit_status=1
2026-04-28 14:38:37.340 DEBUG 53092 --- [io-8080-exec-10] org.hibernate.SQL                        : 
    select
        count(review0_.id) as col_0_0_ 
    from
        reviews review0_ 
    where
        review0_.product_id=? 
        and review0_.audit_status=1
Hibernate: 
    select
        count(review0_.id) as col_0_0_ 
    from
        reviews review0_ 
    where
        review0_.product_id=? 
        and review0_.audit_status=1
2026-04-28 14:38:55.107 DEBUG 53092 --- [nio-8080-exec-6] org.hibernate.SQL                        : 
    select
        user0_.id as id1_7_0_,
        user0_.avatar as avatar2_7_0_,
        user0_.created_at as created_3_7_0_,
        user0_.credit_score as credit_s4_7_0_,
        user0_.email as email5_7_0_,
        user0_.id_card as id_card6_7_0_,
        user0_.nickname as nickname7_7_0_,
        user0_.password as password8_7_0_,
        user0_.phone_number as phone_nu9_7_0_,
        user0_.role as role10_7_0_,
        user0_.status as status11_7_0_,
        user0_.updated_at as updated12_7_0_,
        user0_.username as usernam13_7_0_ 
    from
        users user0_ 
    where
        user0_.id=?
Hibernate: 
    select
        user0_.id as id1_7_0_,
        user0_.avatar as avatar2_7_0_,
        user0_.created_at as created_3_7_0_,
        user0_.credit_score as credit_s4_7_0_,
        user0_.email as email5_7_0_,
        user0_.id_card as id_card6_7_0_,
        user0_.nickname as nickname7_7_0_,
        user0_.password as password8_7_0_,
        user0_.phone_number as phone_nu9_7_0_,
        user0_.role as role10_7_0_,
        user0_.status as status11_7_0_,
        user0_.updated_at as updated12_7_0_,
        user0_.username as usernam13_7_0_ 
    from
        users user0_ 
    where
        user0_.id=?
2026-04-28 14:38:55.110 DEBUG 53092 --- [nio-8080-exec-6] org.hibernate.SQL                        : 
    select
        count(message0_.id) as col_0_0_ 
    from
        messages message0_ 
    where
        message0_.receiver_id=? 
        and message0_.is_read=0
Hibernate: 
    select
        count(message0_.id) as col_0_0_ 
    from
        messages message0_ 
    where
        message0_.receiver_id=? 
        and message0_.is_read=0
2026-04-28 14:39:21.611 DEBUG 53092 --- [nio-8080-exec-5] org.hibernate.SQL                        : 
    select
        user0_.id as id1_7_0_,
        user0_.avatar as avatar2_7_0_,
        user0_.created_at as created_3_7_0_,
        user0_.credit_score as credit_s4_7_0_,
        user0_.email as email5_7_0_,
        user0_.id_card as id_card6_7_0_,
        user0_.nickname as nickname7_7_0_,
        user0_.password as password8_7_0_,
        user0_.phone_number as phone_nu9_7_0_,
        user0_.role as role10_7_0_,
        user0_.status as status11_7_0_,
        user0_.updated_at as updated12_7_0_,
        user0_.username as usernam13_7_0_ 
    from
        users user0_ 
    where
        user0_.id=?
Hibernate: 
    select
        user0_.id as id1_7_0_,
        user0_.avatar as avatar2_7_0_,
        user0_.created_at as created_3_7_0_,
        user0_.credit_score as credit_s4_7_0_,
        user0_.email as email5_7_0_,
        user0_.id_card as id_card6_7_0_,
        user0_.nickname as nickname7_7_0_,
        user0_.password as password8_7_0_,
        user0_.phone_number as phone_nu9_7_0_,
        user0_.role as role10_7_0_,
        user0_.status as status11_7_0_,
        user0_.updated_at as updated12_7_0_,
        user0_.username as usernam13_7_0_ 
    from
        users user0_ 
    where
        user0_.id=?
2026-04-28 14:39:21.614 DEBUG 53092 --- [nio-8080-exec-5] org.hibernate.SQL                        : 
    select
        count(message0_.id) as col_0_0_ 
    from
        messages message0_ 
    where
        message0_.receiver_id=? 
        and message0_.is_read=0
Hibernate: 
    select
        count(message0_.id) as col_0_0_ 
    from
        messages message0_ 
    where
        message0_.receiver_id=? 
        and message0_.is_read=0
2026-04-28 14:39:21.618 DEBUG 53092 --- [nio-8080-exec-9] org.hibernate.SQL                        : 
    select
        user0_.id as id1_7_0_,
        user0_.avatar as avatar2_7_0_,
        user0_.created_at as created_3_7_0_,
        user0_.credit_score as credit_s4_7_0_,
        user0_.email as email5_7_0_,
        user0_.id_card as id_card6_7_0_,
        user0_.nickname as nickname7_7_0_,
        user0_.password as password8_7_0_,
        user0_.phone_number as phone_nu9_7_0_,
        user0_.role as role10_7_0_,
        user0_.status as status11_7_0_,
        user0_.updated_at as updated12_7_0_,
        user0_.username as usernam13_7_0_ 
    from
        users user0_ 
    where
        user0_.id=?
Hibernate: 
    select
        user0_.id as id1_7_0_,
        user0_.avatar as avatar2_7_0_,
        user0_.created_at as created_3_7_0_,
        user0_.credit_score as credit_s4_7_0_,
        user0_.email as email5_7_0_,
        user0_.id_card as id_card6_7_0_,
        user0_.nickname as nickname7_7_0_,
        user0_.password as password8_7_0_,
        user0_.phone_number as phone_nu9_7_0_,
        user0_.role as role10_7_0_,
        user0_.status as status11_7_0_,
        user0_.updated_at as updated12_7_0_,
        user0_.username as usernam13_7_0_ 
    from
        users user0_ 
    where
        user0_.id=?
2026-04-28 14:39:21.621 DEBUG 53092 --- [nio-8080-exec-9] org.hibernate.SQL                        : 
    select
        count(message0_.id) as col_0_0_ 
    from
        messages message0_ 
    where
        message0_.receiver_id=? 
        and message0_.is_read=0
Hibernate: 
    select
        count(message0_.id) as col_0_0_ 
    from
        messages message0_ 
    where
        message0_.receiver_id=? 
        and message0_.is_read=0
2026-04-28 14:39:23.648 DEBUG 53092 --- [nio-8080-exec-1] org.hibernate.SQL                        : 
    select
        user0_.id as id1_7_0_,
        user0_.avatar as avatar2_7_0_,
        user0_.created_at as created_3_7_0_,
        user0_.credit_score as credit_s4_7_0_,
        user0_.email as email5_7_0_,
        user0_.id_card as id_card6_7_0_,
        user0_.nickname as nickname7_7_0_,
        user0_.password as password8_7_0_,
        user0_.phone_number as phone_nu9_7_0_,
        user0_.role as role10_7_0_,
        user0_.status as status11_7_0_,
        user0_.updated_at as updated12_7_0_,
        user0_.username as usernam13_7_0_ 
    from
        users user0_ 
    where
        user0_.id=?
Hibernate: 
    select
        user0_.id as id1_7_0_,
        user0_.avatar as avatar2_7_0_,
        user0_.created_at as created_3_7_0_,
        user0_.credit_score as credit_s4_7_0_,
        user0_.email as email5_7_0_,
        user0_.id_card as id_card6_7_0_,
        user0_.nickname as nickname7_7_0_,
        user0_.password as password8_7_0_,
        user0_.phone_number as phone_nu9_7_0_,
        user0_.role as role10_7_0_,
        user0_.status as status11_7_0_,
        user0_.updated_at as updated12_7_0_,
        user0_.username as usernam13_7_0_ 
    from
        users user0_ 
    where
        user0_.id=?
2026-04-28 14:39:23.650 DEBUG 53092 --- [nio-8080-exec-1] org.hibernate.SQL                        : 
    select
        count(message0_.id) as col_0_0_ 
    from
        messages message0_ 
    where
        message0_.receiver_id=? 
        and message0_.is_read=0
Hibernate: 
    select
        count(message0_.id) as col_0_0_ 
    from
        messages message0_ 
    where
        message0_.receiver_id=? 
        and message0_.is_read=0
2026-04-28 14:39:25.899 DEBUG 53092 --- [nio-8080-exec-8] org.hibernate.SQL                        : 
    select
        user0_.id as id1_7_0_,
        user0_.avatar as avatar2_7_0_,
        user0_.created_at as created_3_7_0_,
        user0_.credit_score as credit_s4_7_0_,
        user0_.email as email5_7_0_,
        user0_.id_card as id_card6_7_0_,
        user0_.nickname as nickname7_7_0_,
        user0_.password as password8_7_0_,
        user0_.phone_number as phone_nu9_7_0_,
        user0_.role as role10_7_0_,
        user0_.status as status11_7_0_,
        user0_.updated_at as updated12_7_0_,
        user0_.username as usernam13_7_0_ 
    from
        users user0_ 
    where
        user0_.id=?
2026-04-28 14:39:25.899 DEBUG 53092 --- [nio-8080-exec-4] org.hibernate.SQL                        : 
    select
        user0_.id as id1_7_0_,
        user0_.avatar as avatar2_7_0_,
        user0_.created_at as created_3_7_0_,
        user0_.credit_score as credit_s4_7_0_,
        user0_.email as email5_7_0_,
        user0_.id_card as id_card6_7_0_,
        user0_.nickname as nickname7_7_0_,
        user0_.password as password8_7_0_,
        user0_.phone_number as phone_nu9_7_0_,
        user0_.role as role10_7_0_,
        user0_.status as status11_7_0_,
        user0_.updated_at as updated12_7_0_,
        user0_.username as usernam13_7_0_ 
    from
        users user0_ 
    where
        user0_.id=?
Hibernate: 
    select
        user0_.id as id1_7_0_,
        user0_.avatar as avatar2_7_0_,
        user0_.created_at as created_3_7_0_,
        user0_.credit_score as credit_s4_7_0_,
        user0_.email as email5_7_0_,
        user0_.id_card as id_card6_7_0_,
        user0_.nickname as nickname7_7_0_,
        user0_.password as password8_7_0_,
        user0_.phone_number as phone_nu9_7_0_,
        user0_.role as role10_7_0_,
        user0_.status as status11_7_0_,
        user0_.updated_at as updated12_7_0_,
        user0_.username as usernam13_7_0_ 
    from
        users user0_ 
    where
        user0_.id=?
Hibernate: 
    select
        user0_.id as id1_7_0_,
        user0_.avatar as avatar2_7_0_,
        user0_.created_at as created_3_7_0_,
        user0_.credit_score as credit_s4_7_0_,
        user0_.email as email5_7_0_,
        user0_.id_card as id_card6_7_0_,
        user0_.nickname as nickname7_7_0_,
        user0_.password as password8_7_0_,
        user0_.phone_number as phone_nu9_7_0_,
        user0_.role as role10_7_0_,
        user0_.status as status11_7_0_,
        user0_.updated_at as updated12_7_0_,
        user0_.username as usernam13_7_0_ 
    from
        users user0_ 
    where
        user0_.id=?
2026-04-28 14:39:25.902 DEBUG 53092 --- [nio-8080-exec-8] org.hibernate.SQL                        : 
    select
        category0_.id as id1_0_,
        category0_.created_at as created_2_0_,
        category0_.icon as icon3_0_,
        category0_.name as name4_0_,
        category0_.sort_order as sort_ord5_0_ 
    from
        categories category0_ 
    order by
        category0_.sort_order asc
Hibernate: 
    select
        category0_.id as id1_0_,
        category0_.created_at as created_2_0_,
        category0_.icon as icon3_0_,
        category0_.name as name4_0_,
        category0_.sort_order as sort_ord5_0_ 
    from
        categories category0_ 
    order by
        category0_.sort_order asc
2026-04-28 14:39:25.902 DEBUG 53092 --- [nio-8080-exec-4] org.hibernate.SQL                        : 
    select
        product0_.id as id1_5_,
        product0_.category_id as categor14_5_,
        product0_.condition_level as conditio2_5_,
        product0_.created_at as created_3_5_,
        product0_.description as descript4_5_,
        product0_.image_url as image_ur5_5_,
        product0_.location as location6_5_,
        product0_.name as name7_5_,
        product0_.original_price as original8_5_,
        product0_.price as price9_5_,
        product0_.reject_reason as reject_10_5_,
        product0_.seller_id as seller_15_5_,
        product0_.status as status11_5_,
        product0_.updated_at as updated12_5_,
        product0_.view_count as view_co13_5_ 
    from
        products product0_ 
    where
        product0_.status=? 
    order by
        product0_.created_at desc limit ?
Hibernate: 
    select
        product0_.id as id1_5_,
        product0_.category_id as categor14_5_,
        product0_.condition_level as conditio2_5_,
        product0_.created_at as created_3_5_,
        product0_.description as descript4_5_,
        product0_.image_url as image_ur5_5_,
        product0_.location as location6_5_,
        product0_.name as name7_5_,
        product0_.original_price as original8_5_,
        product0_.price as price9_5_,
        product0_.reject_reason as reject_10_5_,
        product0_.seller_id as seller_15_5_,
        product0_.status as status11_5_,
        product0_.updated_at as updated12_5_,
        product0_.view_count as view_co13_5_ 
    from
        products product0_ 
    where
        product0_.status=? 
    order by
        product0_.created_at desc limit ?
2026-04-28 14:39:25.906 DEBUG 53092 --- [nio-8080-exec-4] org.hibernate.SQL                        : 
    select
        count(product0_.id) as col_0_0_ 
    from
        products product0_ 
    where
        product0_.status=?
Hibernate: 
    select
        count(product0_.id) as col_0_0_ 
    from
        products product0_ 
    where
        product0_.status=?
2026-04-28 14:39:25.907 DEBUG 53092 --- [nio-8080-exec-4] org.hibernate.SQL                        : 
    select
        user0_.id as id1_7_0_,
        user0_.avatar as avatar2_7_0_,
        user0_.created_at as created_3_7_0_,
        user0_.credit_score as credit_s4_7_0_,
        user0_.email as email5_7_0_,
        user0_.id_card as id_card6_7_0_,
        user0_.nickname as nickname7_7_0_,
        user0_.password as password8_7_0_,
        user0_.phone_number as phone_nu9_7_0_,
        user0_.role as role10_7_0_,
        user0_.status as status11_7_0_,
        user0_.updated_at as updated12_7_0_,
        user0_.username as usernam13_7_0_ 
    from
        users user0_ 
    where
        user0_.id=?
Hibernate: 
    select
        user0_.id as id1_7_0_,
        user0_.avatar as avatar2_7_0_,
        user0_.created_at as created_3_7_0_,
        user0_.credit_score as credit_s4_7_0_,
        user0_.email as email5_7_0_,
        user0_.id_card as id_card6_7_0_,
        user0_.nickname as nickname7_7_0_,
        user0_.password as password8_7_0_,
        user0_.phone_number as phone_nu9_7_0_,
        user0_.role as role10_7_0_,
        user0_.status as status11_7_0_,
        user0_.updated_at as updated12_7_0_,
        user0_.username as usernam13_7_0_ 
    from
        users user0_ 
    where
        user0_.id=?
2026-04-28 14:39:25.908 DEBUG 53092 --- [nio-8080-exec-4] org.hibernate.SQL                        : 
    select
        user0_.id as id1_7_0_,
        user0_.avatar as avatar2_7_0_,
        user0_.created_at as created_3_7_0_,
        user0_.credit_score as credit_s4_7_0_,
        user0_.email as email5_7_0_,
        user0_.id_card as id_card6_7_0_,
        user0_.nickname as nickname7_7_0_,
        user0_.password as password8_7_0_,
        user0_.phone_number as phone_nu9_7_0_,
        user0_.role as role10_7_0_,
        user0_.status as status11_7_0_,
        user0_.updated_at as updated12_7_0_,
        user0_.username as usernam13_7_0_ 
    from
        users user0_ 
    where
        user0_.id=?
Hibernate: 
    select
        user0_.id as id1_7_0_,
        user0_.avatar as avatar2_7_0_,
        user0_.created_at as created_3_7_0_,
        user0_.credit_score as credit_s4_7_0_,
        user0_.email as email5_7_0_,
        user0_.id_card as id_card6_7_0_,
        user0_.nickname as nickname7_7_0_,
        user0_.password as password8_7_0_,
        user0_.phone_number as phone_nu9_7_0_,
        user0_.role as role10_7_0_,
        user0_.status as status11_7_0_,
        user0_.updated_at as updated12_7_0_,
        user0_.username as usernam13_7_0_ 
    from
        users user0_ 
    where
        user0_.id=?
2026-04-28 14:39:25.908 DEBUG 53092 --- [nio-8080-exec-4] org.hibernate.SQL                        : 
    select
        user0_.id as id1_7_0_,
        user0_.avatar as avatar2_7_0_,
        user0_.created_at as created_3_7_0_,
        user0_.credit_score as credit_s4_7_0_,
        user0_.email as email5_7_0_,
        user0_.id_card as id_card6_7_0_,
        user0_.nickname as nickname7_7_0_,
        user0_.password as password8_7_0_,
        user0_.phone_number as phone_nu9_7_0_,
        user0_.role as role10_7_0_,
        user0_.status as status11_7_0_,
        user0_.updated_at as updated12_7_0_,
        user0_.username as usernam13_7_0_ 
    from
        users user0_ 
    where
        user0_.id=?
Hibernate: 
    select
        user0_.id as id1_7_0_,
        user0_.avatar as avatar2_7_0_,
        user0_.created_at as created_3_7_0_,
        user0_.credit_score as credit_s4_7_0_,
        user0_.email as email5_7_0_,
        user0_.id_card as id_card6_7_0_,
        user0_.nickname as nickname7_7_0_,
        user0_.password as password8_7_0_,
        user0_.phone_number as phone_nu9_7_0_,
        user0_.role as role10_7_0_,
        user0_.status as status11_7_0_,
        user0_.updated_at as updated12_7_0_,
        user0_.username as usernam13_7_0_ 
    from
        users user0_ 
    where
        user0_.id=?
2026-04-28 14:39:25.909 DEBUG 53092 --- [nio-8080-exec-4] org.hibernate.SQL                        : 
    select
        user0_.id as id1_7_0_,
        user0_.avatar as avatar2_7_0_,
        user0_.created_at as created_3_7_0_,
        user0_.credit_score as credit_s4_7_0_,
        user0_.email as email5_7_0_,
        user0_.id_card as id_card6_7_0_,
        user0_.nickname as nickname7_7_0_,
        user0_.password as password8_7_0_,
        user0_.phone_number as phone_nu9_7_0_,
        user0_.role as role10_7_0_,
        user0_.status as status11_7_0_,
        user0_.updated_at as updated12_7_0_,
        user0_.username as usernam13_7_0_ 
    from
        users user0_ 
    where
        user0_.id=?
Hibernate: 
    select
        user0_.id as id1_7_0_,
        user0_.avatar as avatar2_7_0_,
        user0_.created_at as created_3_7_0_,
        user0_.credit_score as credit_s4_7_0_,
        user0_.email as email5_7_0_,
        user0_.id_card as id_card6_7_0_,
        user0_.nickname as nickname7_7_0_,
        user0_.password as password8_7_0_,
        user0_.phone_number as phone_nu9_7_0_,
        user0_.role as role10_7_0_,
        user0_.status as status11_7_0_,
        user0_.updated_at as updated12_7_0_,
        user0_.username as usernam13_7_0_ 
    from
        users user0_ 
    where
        user0_.id=?
2026-04-28 14:39:25.910 DEBUG 53092 --- [nio-8080-exec-4] org.hibernate.SQL                        : 
    select
        user0_.id as id1_7_0_,
        user0_.avatar as avatar2_7_0_,
        user0_.created_at as created_3_7_0_,
        user0_.credit_score as credit_s4_7_0_,
        user0_.email as email5_7_0_,
        user0_.id_card as id_card6_7_0_,
        user0_.nickname as nickname7_7_0_,
        user0_.password as password8_7_0_,
        user0_.phone_number as phone_nu9_7_0_,
        user0_.role as role10_7_0_,
        user0_.status as status11_7_0_,
        user0_.updated_at as updated12_7_0_,
        user0_.username as usernam13_7_0_ 
    from
        users user0_ 
    where
        user0_.id=?
Hibernate: 
    select
        user0_.id as id1_7_0_,
        user0_.avatar as avatar2_7_0_,
        user0_.created_at as created_3_7_0_,
        user0_.credit_score as credit_s4_7_0_,
        user0_.email as email5_7_0_,
        user0_.id_card as id_card6_7_0_,
        user0_.nickname as nickname7_7_0_,
        user0_.password as password8_7_0_,
        user0_.phone_number as phone_nu9_7_0_,
        user0_.role as role10_7_0_,
        user0_.status as status11_7_0_,
        user0_.updated_at as updated12_7_0_,
        user0_.username as usernam13_7_0_ 
    from
        users user0_ 
    where
        user0_.id=?
2026-04-28 14:39:30.157 DEBUG 53092 --- [nio-8080-exec-3] org.hibernate.SQL                        : 
    select
        user0_.id as id1_7_0_,
        user0_.avatar as avatar2_7_0_,
        user0_.created_at as created_3_7_0_,
        user0_.credit_score as credit_s4_7_0_,
        user0_.email as email5_7_0_,
        user0_.id_card as id_card6_7_0_,
        user0_.nickname as nickname7_7_0_,
        user0_.password as password8_7_0_,
        user0_.phone_number as phone_nu9_7_0_,
        user0_.role as role10_7_0_,
        user0_.status as status11_7_0_,
        user0_.updated_at as updated12_7_0_,
        user0_.username as usernam13_7_0_ 
    from
        users user0_ 
    where
        user0_.id=?
Hibernate: 
    select
        user0_.id as id1_7_0_,
        user0_.avatar as avatar2_7_0_,
        user0_.created_at as created_3_7_0_,
        user0_.credit_score as credit_s4_7_0_,
        user0_.email as email5_7_0_,
        user0_.id_card as id_card6_7_0_,
        user0_.nickname as nickname7_7_0_,
        user0_.password as password8_7_0_,
        user0_.phone_number as phone_nu9_7_0_,
        user0_.role as role10_7_0_,
        user0_.status as status11_7_0_,
        user0_.updated_at as updated12_7_0_,
        user0_.username as usernam13_7_0_ 
    from
        users user0_ 
    where
        user0_.id=?
2026-04-28 14:39:30.159 DEBUG 53092 --- [nio-8080-exec-3] org.hibernate.SQL                        : 
    select
        product0_.id as id1_5_,
        product0_.category_id as categor14_5_,
        product0_.condition_level as conditio2_5_,
        product0_.created_at as created_3_5_,
        product0_.description as descript4_5_,
        product0_.image_url as image_ur5_5_,
        product0_.location as location6_5_,
        product0_.name as name7_5_,
        product0_.original_price as original8_5_,
        product0_.price as price9_5_,
        product0_.reject_reason as reject_10_5_,
        product0_.seller_id as seller_15_5_,
        product0_.status as status11_5_,
        product0_.updated_at as updated12_5_,
        product0_.view_count as view_co13_5_ 
    from
        products product0_ 
    where
        product0_.status=? 
    order by
        product0_.created_at desc limit ?,
        ?
Hibernate: 
    select
        product0_.id as id1_5_,
        product0_.category_id as categor14_5_,
        product0_.condition_level as conditio2_5_,
        product0_.created_at as created_3_5_,
        product0_.description as descript4_5_,
        product0_.image_url as image_ur5_5_,
        product0_.location as location6_5_,
        product0_.name as name7_5_,
        product0_.original_price as original8_5_,
        product0_.price as price9_5_,
        product0_.reject_reason as reject_10_5_,
        product0_.seller_id as seller_15_5_,
        product0_.status as status11_5_,
        product0_.updated_at as updated12_5_,
        product0_.view_count as view_co13_5_ 
    from
        products product0_ 
    where
        product0_.status=? 
    order by
        product0_.created_at desc limit ?,
        ?
2026-04-28 14:39:30.162 DEBUG 53092 --- [nio-8080-exec-3] org.hibernate.SQL                        : 
    select
        count(product0_.id) as col_0_0_ 
    from
        products product0_ 
    where
        product0_.status=?
Hibernate: 
    select
        count(product0_.id) as col_0_0_ 
    from
        products product0_ 
    where
        product0_.status=?
2026-04-28 14:39:30.162 DEBUG 53092 --- [nio-8080-exec-3] org.hibernate.SQL                        : 
    select
        user0_.id as id1_7_0_,
        user0_.avatar as avatar2_7_0_,
        user0_.created_at as created_3_7_0_,
        user0_.credit_score as credit_s4_7_0_,
        user0_.email as email5_7_0_,
        user0_.id_card as id_card6_7_0_,
        user0_.nickname as nickname7_7_0_,
        user0_.password as password8_7_0_,
        user0_.phone_number as phone_nu9_7_0_,
        user0_.role as role10_7_0_,
        user0_.status as status11_7_0_,
        user0_.updated_at as updated12_7_0_,
        user0_.username as usernam13_7_0_ 
    from
        users user0_ 
    where
        user0_.id=?
Hibernate: 
    select
        user0_.id as id1_7_0_,
        user0_.avatar as avatar2_7_0_,
        user0_.created_at as created_3_7_0_,
        user0_.credit_score as credit_s4_7_0_,
        user0_.email as email5_7_0_,
        user0_.id_card as id_card6_7_0_,
        user0_.nickname as nickname7_7_0_,
        user0_.password as password8_7_0_,
        user0_.phone_number as phone_nu9_7_0_,
        user0_.role as role10_7_0_,
        user0_.status as status11_7_0_,
        user0_.updated_at as updated12_7_0_,
        user0_.username as usernam13_7_0_ 
    from
        users user0_ 
    where
        user0_.id=?
2026-04-28 14:39:30.163 DEBUG 53092 --- [nio-8080-exec-3] org.hibernate.SQL                        : 
    select
        user0_.id as id1_7_0_,
        user0_.avatar as avatar2_7_0_,
        user0_.created_at as created_3_7_0_,
        user0_.credit_score as credit_s4_7_0_,
        user0_.email as email5_7_0_,
        user0_.id_card as id_card6_7_0_,
        user0_.nickname as nickname7_7_0_,
        user0_.password as password8_7_0_,
        user0_.phone_number as phone_nu9_7_0_,
        user0_.role as role10_7_0_,
        user0_.status as status11_7_0_,
        user0_.updated_at as updated12_7_0_,
        user0_.username as usernam13_7_0_ 
    from
        users user0_ 
    where
        user0_.id=?
Hibernate: 
    select
        user0_.id as id1_7_0_,
        user0_.avatar as avatar2_7_0_,
        user0_.created_at as created_3_7_0_,
        user0_.credit_score as credit_s4_7_0_,
        user0_.email as email5_7_0_,
        user0_.id_card as id_card6_7_0_,
        user0_.nickname as nickname7_7_0_,
        user0_.password as password8_7_0_,
        user0_.phone_number as phone_nu9_7_0_,
        user0_.role as role10_7_0_,
        user0_.status as status11_7_0_,
        user0_.updated_at as updated12_7_0_,
        user0_.username as usernam13_7_0_ 
    from
        users user0_ 
    where
        user0_.id=?
2026-04-28 14:39:30.164 DEBUG 53092 --- [nio-8080-exec-3] org.hibernate.SQL                        : 
    select
        user0_.id as id1_7_0_,
        user0_.avatar as avatar2_7_0_,
        user0_.created_at as created_3_7_0_,
        user0_.credit_score as credit_s4_7_0_,
        user0_.email as email5_7_0_,
        user0_.id_card as id_card6_7_0_,
        user0_.nickname as nickname7_7_0_,
        user0_.password as password8_7_0_,
        user0_.phone_number as phone_nu9_7_0_,
        user0_.role as role10_7_0_,
        user0_.status as status11_7_0_,
        user0_.updated_at as updated12_7_0_,
        user0_.username as usernam13_7_0_ 
    from
        users user0_ 
    where
        user0_.id=?
Hibernate: 
    select
        user0_.id as id1_7_0_,
        user0_.avatar as avatar2_7_0_,
        user0_.created_at as created_3_7_0_,
        user0_.credit_score as credit_s4_7_0_,
        user0_.email as email5_7_0_,
        user0_.id_card as id_card6_7_0_,
        user0_.nickname as nickname7_7_0_,
        user0_.password as password8_7_0_,
        user0_.phone_number as phone_nu9_7_0_,
        user0_.role as role10_7_0_,
        user0_.status as status11_7_0_,
        user0_.updated_at as updated12_7_0_,
        user0_.username as usernam13_7_0_ 
    from
        users user0_ 
    where
        user0_.id=?
2026-04-28 14:39:30.164 DEBUG 53092 --- [nio-8080-exec-3] org.hibernate.SQL                        : 
    select
        user0_.id as id1_7_0_,
        user0_.avatar as avatar2_7_0_,
        user0_.created_at as created_3_7_0_,
        user0_.credit_score as credit_s4_7_0_,
        user0_.email as email5_7_0_,
        user0_.id_card as id_card6_7_0_,
        user0_.nickname as nickname7_7_0_,
        user0_.password as password8_7_0_,
        user0_.phone_number as phone_nu9_7_0_,
        user0_.role as role10_7_0_,
        user0_.status as status11_7_0_,
        user0_.updated_at as updated12_7_0_,
        user0_.username as usernam13_7_0_ 
    from
        users user0_ 
    where
        user0_.id=?
Hibernate: 
    select
        user0_.id as id1_7_0_,
        user0_.avatar as avatar2_7_0_,
        user0_.created_at as created_3_7_0_,
        user0_.credit_score as credit_s4_7_0_,
        user0_.email as email5_7_0_,
        user0_.id_card as id_card6_7_0_,
        user0_.nickname as nickname7_7_0_,
        user0_.password as password8_7_0_,
        user0_.phone_number as phone_nu9_7_0_,
        user0_.role as role10_7_0_,
        user0_.status as status11_7_0_,
        user0_.updated_at as updated12_7_0_,
        user0_.username as usernam13_7_0_ 
    from
        users user0_ 
    where
        user0_.id=?
2026-04-28 14:39:30.165 DEBUG 53092 --- [nio-8080-exec-3] org.hibernate.SQL                        : 
    select
        user0_.id as id1_7_0_,
        user0_.avatar as avatar2_7_0_,
        user0_.created_at as created_3_7_0_,
        user0_.credit_score as credit_s4_7_0_,
        user0_.email as email5_7_0_,
        user0_.id_card as id_card6_7_0_,
        user0_.nickname as nickname7_7_0_,
        user0_.password as password8_7_0_,
        user0_.phone_number as phone_nu9_7_0_,
        user0_.role as role10_7_0_,
        user0_.status as status11_7_0_,
        user0_.updated_at as updated12_7_0_,
        user0_.username as usernam13_7_0_ 
    from
        users user0_ 
    where
        user0_.id=?
Hibernate: 
    select
        user0_.id as id1_7_0_,
        user0_.avatar as avatar2_7_0_,
        user0_.created_at as created_3_7_0_,
        user0_.credit_score as credit_s4_7_0_,
        user0_.email as email5_7_0_,
        user0_.id_card as id_card6_7_0_,
        user0_.nickname as nickname7_7_0_,
        user0_.password as password8_7_0_,
        user0_.phone_number as phone_nu9_7_0_,
        user0_.role as role10_7_0_,
        user0_.status as status11_7_0_,
        user0_.updated_at as updated12_7_0_,
        user0_.username as usernam13_7_0_ 
    from
        users user0_ 
    where
        user0_.id=?
2026-04-28 14:39:34.128 DEBUG 53092 --- [   scheduling-1] org.hibernate.SQL                        : 
    select
        order0_.id as id1_3_,
        order0_.buyer_id as buyer_i15_3_,
        order0_.created_at as created_2_3_,
        order0_.order_no as order_no3_3_,
        order0_.payment_time as payment_4_3_,
        order0_.price as price5_3_,
        order0_.product_id as product16_3_,
        order0_.receive_time as receive_6_3_,
        order0_.seller_id as seller_17_3_,
        order0_.ship_time as ship_tim7_3_,
        order0_.shipping_address as shipping8_3_,
        order0_.shipping_name as shipping9_3_,
        order0_.shipping_phone as shippin10_3_,
        order0_.status as status11_3_,
        order0_.tracking_company as trackin12_3_,
        order0_.tracking_number as trackin13_3_,
        order0_.updated_at as updated14_3_ 
    from
        orders order0_ 
    where
        order0_.status='PENDING' 
        and order0_.created_at<?
Hibernate: 
    select
        order0_.id as id1_3_,
        order0_.buyer_id as buyer_i15_3_,
        order0_.created_at as created_2_3_,
        order0_.order_no as order_no3_3_,
        order0_.payment_time as payment_4_3_,
        order0_.price as price5_3_,
        order0_.product_id as product16_3_,
        order0_.receive_time as receive_6_3_,
        order0_.seller_id as seller_17_3_,
        order0_.ship_time as ship_tim7_3_,
        order0_.shipping_address as shipping8_3_,
        order0_.shipping_name as shipping9_3_,
        order0_.shipping_phone as shippin10_3_,
        order0_.status as status11_3_,
        order0_.tracking_company as trackin12_3_,
        order0_.tracking_number as trackin13_3_,
        order0_.updated_at as updated14_3_ 
    from
        orders order0_ 
    where
        order0_.status='PENDING' 
        and order0_.created_at<?
2026-04-28 14:39:36.816 DEBUG 53092 --- [nio-8080-exec-1] org.hibernate.SQL                        : 
    select
        user0_.id as id1_7_0_,
        user0_.avatar as avatar2_7_0_,
        user0_.created_at as created_3_7_0_,
        user0_.credit_score as credit_s4_7_0_,
        user0_.email as email5_7_0_,
        user0_.id_card as id_card6_7_0_,
        user0_.nickname as nickname7_7_0_,
        user0_.password as password8_7_0_,
        user0_.phone_number as phone_nu9_7_0_,
        user0_.role as role10_7_0_,
        user0_.status as status11_7_0_,
        user0_.updated_at as updated12_7_0_,
        user0_.username as usernam13_7_0_ 
    from
        users user0_ 
    where
        user0_.id=?
Hibernate: 
    select
        user0_.id as id1_7_0_,
        user0_.avatar as avatar2_7_0_,
        user0_.created_at as created_3_7_0_,
        user0_.credit_score as credit_s4_7_0_,
        user0_.email as email5_7_0_,
        user0_.id_card as id_card6_7_0_,
        user0_.nickname as nickname7_7_0_,
        user0_.password as password8_7_0_,
        user0_.phone_number as phone_nu9_7_0_,
        user0_.role as role10_7_0_,
        user0_.status as status11_7_0_,
        user0_.updated_at as updated12_7_0_,
        user0_.username as usernam13_7_0_ 
    from
        users user0_ 
    where
        user0_.id=?
2026-04-28 14:39:36.816 DEBUG 53092 --- [nio-8080-exec-2] org.hibernate.SQL                        : 
    select
        user0_.id as id1_7_0_,
        user0_.avatar as avatar2_7_0_,
        user0_.created_at as created_3_7_0_,
        user0_.credit_score as credit_s4_7_0_,
        user0_.email as email5_7_0_,
        user0_.id_card as id_card6_7_0_,
        user0_.nickname as nickname7_7_0_,
        user0_.password as password8_7_0_,
        user0_.phone_number as phone_nu9_7_0_,
        user0_.role as role10_7_0_,
        user0_.status as status11_7_0_,
        user0_.updated_at as updated12_7_0_,
        user0_.username as usernam13_7_0_ 
    from
        users user0_ 
    where
        user0_.id=?
2026-04-28 14:39:36.816 DEBUG 53092 --- [io-8080-exec-10] org.hibernate.SQL                        : 
    select
        user0_.id as id1_7_0_,
        user0_.avatar as avatar2_7_0_,
        user0_.created_at as created_3_7_0_,
        user0_.credit_score as credit_s4_7_0_,
        user0_.email as email5_7_0_,
        user0_.id_card as id_card6_7_0_,
        user0_.nickname as nickname7_7_0_,
        user0_.password as password8_7_0_,
        user0_.phone_number as phone_nu9_7_0_,
        user0_.role as role10_7_0_,
        user0_.status as status11_7_0_,
        user0_.updated_at as updated12_7_0_,
        user0_.username as usernam13_7_0_ 
    from
        users user0_ 
    where
        user0_.id=?
Hibernate: 
    select
        user0_.id as id1_7_0_,
        user0_.avatar as avatar2_7_0_,
        user0_.created_at as created_3_7_0_,
        user0_.credit_score as credit_s4_7_0_,
        user0_.email as email5_7_0_,
        user0_.id_card as id_card6_7_0_,
        user0_.nickname as nickname7_7_0_,
        user0_.password as password8_7_0_,
        user0_.phone_number as phone_nu9_7_0_,
        user0_.role as role10_7_0_,
        user0_.status as status11_7_0_,
        user0_.updated_at as updated12_7_0_,
        user0_.username as usernam13_7_0_ 
    from
        users user0_ 
    where
        user0_.id=?
Hibernate: 
    select
        user0_.id as id1_7_0_,
        user0_.avatar as avatar2_7_0_,
        user0_.created_at as created_3_7_0_,
        user0_.credit_score as credit_s4_7_0_,
        user0_.email as email5_7_0_,
        user0_.id_card as id_card6_7_0_,
        user0_.nickname as nickname7_7_0_,
        user0_.password as password8_7_0_,
        user0_.phone_number as phone_nu9_7_0_,
        user0_.role as role10_7_0_,
        user0_.status as status11_7_0_,
        user0_.updated_at as updated12_7_0_,
        user0_.username as usernam13_7_0_ 
    from
        users user0_ 
    where
        user0_.id=?
2026-04-28 14:39:36.819 DEBUG 53092 --- [nio-8080-exec-2] org.hibernate.SQL                        : 
    select
        favorite0_.id as col_0_0_ 
    from
        favorites favorite0_ 
    where
        favorite0_.user_id=? 
        and favorite0_.product_id=? limit ?
Hibernate: 
    select
        favorite0_.id as col_0_0_ 
    from
        favorites favorite0_ 
    where
        favorite0_.user_id=? 
        and favorite0_.product_id=? limit ?
2026-04-28 14:39:36.819 DEBUG 53092 --- [nio-8080-exec-1] org.hibernate.SQL                        : 
    select
        product0_.id as id1_5_0_,
        product0_.category_id as categor14_5_0_,
        product0_.condition_level as conditio2_5_0_,
        product0_.created_at as created_3_5_0_,
        product0_.description as descript4_5_0_,
        product0_.image_url as image_ur5_5_0_,
        product0_.location as location6_5_0_,
        product0_.name as name7_5_0_,
        product0_.original_price as original8_5_0_,
        product0_.price as price9_5_0_,
        product0_.reject_reason as reject_10_5_0_,
        product0_.seller_id as seller_15_5_0_,
        product0_.status as status11_5_0_,
        product0_.updated_at as updated12_5_0_,
        product0_.view_count as view_co13_5_0_ 
    from
        products product0_ 
    where
        product0_.id=?
Hibernate: 
    select
        product0_.id as id1_5_0_,
        product0_.category_id as categor14_5_0_,
        product0_.condition_level as conditio2_5_0_,
        product0_.created_at as created_3_5_0_,
        product0_.description as descript4_5_0_,
        product0_.image_url as image_ur5_5_0_,
        product0_.location as location6_5_0_,
        product0_.name as name7_5_0_,
        product0_.original_price as original8_5_0_,
        product0_.price as price9_5_0_,
        product0_.reject_reason as reject_10_5_0_,
        product0_.seller_id as seller_15_5_0_,
        product0_.status as status11_5_0_,
        product0_.updated_at as updated12_5_0_,
        product0_.view_count as view_co13_5_0_ 
    from
        products product0_ 
    where
        product0_.id=?
2026-04-28 14:39:36.819 DEBUG 53092 --- [io-8080-exec-10] org.hibernate.SQL                        : 
    select
        review0_.id as id1_6_,
        review0_.audit_remark as audit_re2_6_,
        review0_.audit_status as audit_st3_6_,
        review0_.comment as comment4_6_,
        review0_.created_at as created_5_6_,
        review0_.desc_score as desc_sco6_6_,
        review0_.images as images7_6_,
        review0_.order_id as order_i11_6_,
        review0_.product_id as product12_6_,
        review0_.rating as rating8_6_,
        review0_.service_score as service_9_6_,
        review0_.ship_score as ship_sc10_6_,
        review0_.user_id as user_id13_6_ 
    from
        reviews review0_ 
    left outer join
        products product1_ 
            on review0_.product_id=product1_.id 
    where
        product1_.id=? 
        and review0_.audit_status=? 
    order by
        review0_.created_at desc limit ?
Hibernate: 
    select
        review0_.id as id1_6_,
        review0_.audit_remark as audit_re2_6_,
        review0_.audit_status as audit_st3_6_,
        review0_.comment as comment4_6_,
        review0_.created_at as created_5_6_,
        review0_.desc_score as desc_sco6_6_,
        review0_.images as images7_6_,
        review0_.order_id as order_i11_6_,
        review0_.product_id as product12_6_,
        review0_.rating as rating8_6_,
        review0_.service_score as service_9_6_,
        review0_.ship_score as ship_sc10_6_,
        review0_.user_id as user_id13_6_ 
    from
        reviews review0_ 
    left outer join
        products product1_ 
            on review0_.product_id=product1_.id 
    where
        product1_.id=? 
        and review0_.audit_status=? 
    order by
        review0_.created_at desc limit ?
2026-04-28 14:39:36.821 DEBUG 53092 --- [nio-8080-exec-1] org.hibernate.SQL                        : 
    update
        products 
    set
        view_count=view_count+1 
    where
        id=?
Hibernate: 
    update
        products 
    set
        view_count=view_count+1 
    where
        id=?
2026-04-28 14:39:36.822 DEBUG 53092 --- [nio-8080-exec-1] org.hibernate.SQL                        : 
    select
        category0_.id as id1_0_0_,
        category0_.created_at as created_2_0_0_,
        category0_.icon as icon3_0_0_,
        category0_.name as name4_0_0_,
        category0_.sort_order as sort_ord5_0_0_ 
    from
        categories category0_ 
    where
        category0_.id=?
Hibernate: 
    select
        category0_.id as id1_0_0_,
        category0_.created_at as created_2_0_0_,
        category0_.icon as icon3_0_0_,
        category0_.name as name4_0_0_,
        category0_.sort_order as sort_ord5_0_0_ 
    from
        categories category0_ 
    where
        category0_.id=?
2026-04-28 14:39:36.823 DEBUG 53092 --- [nio-8080-exec-1] org.hibernate.SQL                        : 
    select
        productima0_.id as id1_4_,
        productima0_.created_at as created_2_4_,
        productima0_.image_url as image_ur3_4_,
        productima0_.product_id as product_5_4_,
        productima0_.sort_order as sort_ord4_4_ 
    from
        product_images productima0_ 
    left outer join
        products product1_ 
            on productima0_.product_id=product1_.id 
    where
        product1_.id=? 
    order by
        productima0_.sort_order asc
Hibernate: 
    select
        productima0_.id as id1_4_,
        productima0_.created_at as created_2_4_,
        productima0_.image_url as image_ur3_4_,
        productima0_.product_id as product_5_4_,
        productima0_.sort_order as sort_ord4_4_ 
    from
        product_images productima0_ 
    left outer join
        products product1_ 
            on productima0_.product_id=product1_.id 
    where
        product1_.id=? 
    order by
        productima0_.sort_order asc
2026-04-28 14:39:36.824 DEBUG 53092 --- [nio-8080-exec-1] org.hibernate.SQL                        : 
    select
        user0_.id as id1_7_0_,
        user0_.avatar as avatar2_7_0_,
        user0_.created_at as created_3_7_0_,
        user0_.credit_score as credit_s4_7_0_,
        user0_.email as email5_7_0_,
        user0_.id_card as id_card6_7_0_,
        user0_.nickname as nickname7_7_0_,
        user0_.password as password8_7_0_,
        user0_.phone_number as phone_nu9_7_0_,
        user0_.role as role10_7_0_,
        user0_.status as status11_7_0_,
        user0_.updated_at as updated12_7_0_,
        user0_.username as usernam13_7_0_ 
    from
        users user0_ 
    where
        user0_.id=?
Hibernate: 
    select
        user0_.id as id1_7_0_,
        user0_.avatar as avatar2_7_0_,
        user0_.created_at as created_3_7_0_,
        user0_.credit_score as credit_s4_7_0_,
        user0_.email as email5_7_0_,
        user0_.id_card as id_card6_7_0_,
        user0_.nickname as nickname7_7_0_,
        user0_.password as password8_7_0_,
        user0_.phone_number as phone_nu9_7_0_,
        user0_.role as role10_7_0_,
        user0_.status as status11_7_0_,
        user0_.updated_at as updated12_7_0_,
        user0_.username as usernam13_7_0_ 
    from
        users user0_ 
    where
        user0_.id=?
2026-04-28 14:39:36.825 DEBUG 53092 --- [nio-8080-exec-1] org.hibernate.SQL                        : 
    select
        avg(review0_.rating) as col_0_0_ 
    from
        reviews review0_ 
    where
        review0_.product_id=? 
        and review0_.audit_status=1
Hibernate: 
    select
        avg(review0_.rating) as col_0_0_ 
    from
        reviews review0_ 
    where
        review0_.product_id=? 
        and review0_.audit_status=1
2026-04-28 14:39:36.826 DEBUG 53092 --- [nio-8080-exec-1] org.hibernate.SQL                        : 
    select
        count(review0_.id) as col_0_0_ 
    from
        reviews review0_ 
    where
        review0_.product_id=? 
        and review0_.audit_status=1
Hibernate: 
    select
        count(review0_.id) as col_0_0_ 
    from
        reviews review0_ 
    where
        review0_.product_id=? 
        and review0_.audit_status=1
2026-04-28 14:39:40.507 DEBUG 53092 --- [nio-8080-exec-4] org.hibernate.SQL                        : 
    select
        user0_.id as id1_7_0_,
        user0_.avatar as avatar2_7_0_,
        user0_.created_at as created_3_7_0_,
        user0_.credit_score as credit_s4_7_0_,
        user0_.email as email5_7_0_,
        user0_.id_card as id_card6_7_0_,
        user0_.nickname as nickname7_7_0_,
        user0_.password as password8_7_0_,
        user0_.phone_number as phone_nu9_7_0_,
        user0_.role as role10_7_0_,
        user0_.status as status11_7_0_,
        user0_.updated_at as updated12_7_0_,
        user0_.username as usernam13_7_0_ 
    from
        users user0_ 
    where
        user0_.id=?
Hibernate: 
    select
        user0_.id as id1_7_0_,
        user0_.avatar as avatar2_7_0_,
        user0_.created_at as created_3_7_0_,
        user0_.credit_score as credit_s4_7_0_,
        user0_.email as email5_7_0_,
        user0_.id_card as id_card6_7_0_,
        user0_.nickname as nickname7_7_0_,
        user0_.password as password8_7_0_,
        user0_.phone_number as phone_nu9_7_0_,
        user0_.role as role10_7_0_,
        user0_.status as status11_7_0_,
        user0_.updated_at as updated12_7_0_,
        user0_.username as usernam13_7_0_ 
    from
        users user0_ 
    where
        user0_.id=?
2026-04-28 14:39:40.509 DEBUG 53092 --- [nio-8080-exec-4] org.hibernate.SQL                        : 
    select
        user0_.id as id1_7_0_,
        user0_.avatar as avatar2_7_0_,
        user0_.created_at as created_3_7_0_,
        user0_.credit_score as credit_s4_7_0_,
        user0_.email as email5_7_0_,
        user0_.id_card as id_card6_7_0_,
        user0_.nickname as nickname7_7_0_,
        user0_.password as password8_7_0_,
        user0_.phone_number as phone_nu9_7_0_,
        user0_.role as role10_7_0_,
        user0_.status as status11_7_0_,
        user0_.updated_at as updated12_7_0_,
        user0_.username as usernam13_7_0_ 
    from
        users user0_ 
    where
        user0_.id=?
Hibernate: 
    select
        user0_.id as id1_7_0_,
        user0_.avatar as avatar2_7_0_,
        user0_.created_at as created_3_7_0_,
        user0_.credit_score as credit_s4_7_0_,
        user0_.email as email5_7_0_,
        user0_.id_card as id_card6_7_0_,
        user0_.nickname as nickname7_7_0_,
        user0_.password as password8_7_0_,
        user0_.phone_number as phone_nu9_7_0_,
        user0_.role as role10_7_0_,
        user0_.status as status11_7_0_,
        user0_.updated_at as updated12_7_0_,
        user0_.username as usernam13_7_0_ 
    from
        users user0_ 
    where
        user0_.id=?
2026-04-28 14:39:40.882 DEBUG 53092 --- [nio-8080-exec-3] org.hibernate.SQL                        : 
    select
        user0_.id as id1_7_0_,
        user0_.avatar as avatar2_7_0_,
        user0_.created_at as created_3_7_0_,
        user0_.credit_score as credit_s4_7_0_,
        user0_.email as email5_7_0_,
        user0_.id_card as id_card6_7_0_,
        user0_.nickname as nickname7_7_0_,
        user0_.password as password8_7_0_,
        user0_.phone_number as phone_nu9_7_0_,
        user0_.role as role10_7_0_,
        user0_.status as status11_7_0_,
        user0_.updated_at as updated12_7_0_,
        user0_.username as usernam13_7_0_ 
    from
        users user0_ 
    where
        user0_.id=?
Hibernate: 
    select
        user0_.id as id1_7_0_,
        user0_.avatar as avatar2_7_0_,
        user0_.created_at as created_3_7_0_,
        user0_.credit_score as credit_s4_7_0_,
        user0_.email as email5_7_0_,
        user0_.id_card as id_card6_7_0_,
        user0_.nickname as nickname7_7_0_,
        user0_.password as password8_7_0_,
        user0_.phone_number as phone_nu9_7_0_,
        user0_.role as role10_7_0_,
        user0_.status as status11_7_0_,
        user0_.updated_at as updated12_7_0_,
        user0_.username as usernam13_7_0_ 
    from
        users user0_ 
    where
        user0_.id=?
2026-04-28 14:39:40.884 DEBUG 53092 --- [nio-8080-exec-3] org.hibernate.SQL                        : 
    select
        count(message0_.id) as col_0_0_ 
    from
        messages message0_ 
    where
        message0_.receiver_id=? 
        and message0_.is_read=0
Hibernate: 
    select
        count(message0_.id) as col_0_0_ 
    from
        messages message0_ 
    where
        message0_.receiver_id=? 
        and message0_.is_read=0
2026-04-28 14:39:43.276 DEBUG 53092 --- [nio-8080-exec-5] org.hibernate.SQL                        : 
    select
        user0_.id as id1_7_0_,
        user0_.avatar as avatar2_7_0_,
        user0_.created_at as created_3_7_0_,
        user0_.credit_score as credit_s4_7_0_,
        user0_.email as email5_7_0_,
        user0_.id_card as id_card6_7_0_,
        user0_.nickname as nickname7_7_0_,
        user0_.password as password8_7_0_,
        user0_.phone_number as phone_nu9_7_0_,
        user0_.role as role10_7_0_,
        user0_.status as status11_7_0_,
        user0_.updated_at as updated12_7_0_,
        user0_.username as usernam13_7_0_ 
    from
        users user0_ 
    where
        user0_.id=?
Hibernate: 
    select
        user0_.id as id1_7_0_,
        user0_.avatar as avatar2_7_0_,
        user0_.created_at as created_3_7_0_,
        user0_.credit_score as credit_s4_7_0_,
        user0_.email as email5_7_0_,
        user0_.id_card as id_card6_7_0_,
        user0_.nickname as nickname7_7_0_,
        user0_.password as password8_7_0_,
        user0_.phone_number as phone_nu9_7_0_,
        user0_.role as role10_7_0_,
        user0_.status as status11_7_0_,
        user0_.updated_at as updated12_7_0_,
        user0_.username as usernam13_7_0_ 
    from
        users user0_ 
    where
        user0_.id=?
2026-04-28 14:39:43.282 DEBUG 53092 --- [nio-8080-exec-5] org.hibernate.SQL                        : 
    select
        product0_.id as id1_5_,
        product0_.category_id as categor14_5_,
        product0_.condition_level as conditio2_5_,
        product0_.created_at as created_3_5_,
        product0_.description as descript4_5_,
        product0_.image_url as image_ur5_5_,
        product0_.location as location6_5_,
        product0_.name as name7_5_,
        product0_.original_price as original8_5_,
        product0_.price as price9_5_,
        product0_.reject_reason as reject_10_5_,
        product0_.seller_id as seller_15_5_,
        product0_.status as status11_5_,
        product0_.updated_at as updated12_5_,
        product0_.view_count as view_co13_5_ 
    from
        products product0_ 
    left outer join
        categories category1_ 
            on product0_.category_id=category1_.id 
    where
        category1_.id=? 
        and product0_.status=? 
    order by
        product0_.created_at desc limit ?
Hibernate: 
    select
        product0_.id as id1_5_,
        product0_.category_id as categor14_5_,
        product0_.condition_level as conditio2_5_,
        product0_.created_at as created_3_5_,
        product0_.description as descript4_5_,
        product0_.image_url as image_ur5_5_,
        product0_.location as location6_5_,
        product0_.name as name7_5_,
        product0_.original_price as original8_5_,
        product0_.price as price9_5_,
        product0_.reject_reason as reject_10_5_,
        product0_.seller_id as seller_15_5_,
        product0_.status as status11_5_,
        product0_.updated_at as updated12_5_,
        product0_.view_count as view_co13_5_ 
    from
        products product0_ 
    left outer join
        categories category1_ 
            on product0_.category_id=category1_.id 
    where
        category1_.id=? 
        and product0_.status=? 
    order by
        product0_.created_at desc limit ?
2026-04-28 14:39:43.284 DEBUG 53092 --- [nio-8080-exec-5] org.hibernate.SQL                        : 
    select
        user0_.id as id1_7_0_,
        user0_.avatar as avatar2_7_0_,
        user0_.created_at as created_3_7_0_,
        user0_.credit_score as credit_s4_7_0_,
        user0_.email as email5_7_0_,
        user0_.id_card as id_card6_7_0_,
        user0_.nickname as nickname7_7_0_,
        user0_.password as password8_7_0_,
        user0_.phone_number as phone_nu9_7_0_,
        user0_.role as role10_7_0_,
        user0_.status as status11_7_0_,
        user0_.updated_at as updated12_7_0_,
        user0_.username as usernam13_7_0_ 
    from
        users user0_ 
    where
        user0_.id=?
Hibernate: 
    select
        user0_.id as id1_7_0_,
        user0_.avatar as avatar2_7_0_,
        user0_.created_at as created_3_7_0_,
        user0_.credit_score as credit_s4_7_0_,
        user0_.email as email5_7_0_,
        user0_.id_card as id_card6_7_0_,
        user0_.nickname as nickname7_7_0_,
        user0_.password as password8_7_0_,
        user0_.phone_number as phone_nu9_7_0_,
        user0_.role as role10_7_0_,
        user0_.status as status11_7_0_,
        user0_.updated_at as updated12_7_0_,
        user0_.username as usernam13_7_0_ 
    from
        users user0_ 
    where
        user0_.id=?
2026-04-28 14:39:43.285 DEBUG 53092 --- [nio-8080-exec-5] org.hibernate.SQL                        : 
    select
        user0_.id as id1_7_0_,
        user0_.avatar as avatar2_7_0_,
        user0_.created_at as created_3_7_0_,
        user0_.credit_score as credit_s4_7_0_,
        user0_.email as email5_7_0_,
        user0_.id_card as id_card6_7_0_,
        user0_.nickname as nickname7_7_0_,
        user0_.password as password8_7_0_,
        user0_.phone_number as phone_nu9_7_0_,
        user0_.role as role10_7_0_,
        user0_.status as status11_7_0_,
        user0_.updated_at as updated12_7_0_,
        user0_.username as usernam13_7_0_ 
    from
        users user0_ 
    where
        user0_.id=?
Hibernate: 
    select
        user0_.id as id1_7_0_,
        user0_.avatar as avatar2_7_0_,
        user0_.created_at as created_3_7_0_,
        user0_.credit_score as credit_s4_7_0_,
        user0_.email as email5_7_0_,
        user0_.id_card as id_card6_7_0_,
        user0_.nickname as nickname7_7_0_,
        user0_.password as password8_7_0_,
        user0_.phone_number as phone_nu9_7_0_,
        user0_.role as role10_7_0_,
        user0_.status as status11_7_0_,
        user0_.updated_at as updated12_7_0_,
        user0_.username as usernam13_7_0_ 
    from
        users user0_ 
    where
        user0_.id=?
2026-04-28 14:39:43.286 DEBUG 53092 --- [nio-8080-exec-5] org.hibernate.SQL                        : 
    select
        user0_.id as id1_7_0_,
        user0_.avatar as avatar2_7_0_,
        user0_.created_at as created_3_7_0_,
        user0_.credit_score as credit_s4_7_0_,
        user0_.email as email5_7_0_,
        user0_.id_card as id_card6_7_0_,
        user0_.nickname as nickname7_7_0_,
        user0_.password as password8_7_0_,
        user0_.phone_number as phone_nu9_7_0_,
        user0_.role as role10_7_0_,
        user0_.status as status11_7_0_,
        user0_.updated_at as updated12_7_0_,
        user0_.username as usernam13_7_0_ 
    from
        users user0_ 
    where
        user0_.id=?
Hibernate: 
    select
        user0_.id as id1_7_0_,
        user0_.avatar as avatar2_7_0_,
        user0_.created_at as created_3_7_0_,
        user0_.credit_score as credit_s4_7_0_,
        user0_.email as email5_7_0_,
        user0_.id_card as id_card6_7_0_,
        user0_.nickname as nickname7_7_0_,
        user0_.password as password8_7_0_,
        user0_.phone_number as phone_nu9_7_0_,
        user0_.role as role10_7_0_,
        user0_.status as status11_7_0_,
        user0_.updated_at as updated12_7_0_,
        user0_.username as usernam13_7_0_ 
    from
        users user0_ 
    where
        user0_.id=?
2026-04-28 14:39:44.261 DEBUG 53092 --- [nio-8080-exec-2] org.hibernate.SQL                        : 
    select
        user0_.id as id1_7_0_,
        user0_.avatar as avatar2_7_0_,
        user0_.created_at as created_3_7_0_,
        user0_.credit_score as credit_s4_7_0_,
        user0_.email as email5_7_0_,
        user0_.id_card as id_card6_7_0_,
        user0_.nickname as nickname7_7_0_,
        user0_.password as password8_7_0_,
        user0_.phone_number as phone_nu9_7_0_,
        user0_.role as role10_7_0_,
        user0_.status as status11_7_0_,
        user0_.updated_at as updated12_7_0_,
        user0_.username as usernam13_7_0_ 
    from
        users user0_ 
    where
        user0_.id=?
Hibernate: 
    select
        user0_.id as id1_7_0_,
        user0_.avatar as avatar2_7_0_,
        user0_.created_at as created_3_7_0_,
        user0_.credit_score as credit_s4_7_0_,
        user0_.email as email5_7_0_,
        user0_.id_card as id_card6_7_0_,
        user0_.nickname as nickname7_7_0_,
        user0_.password as password8_7_0_,
        user0_.phone_number as phone_nu9_7_0_,
        user0_.role as role10_7_0_,
        user0_.status as status11_7_0_,
        user0_.updated_at as updated12_7_0_,
        user0_.username as usernam13_7_0_ 
    from
        users user0_ 
    where
        user0_.id=?
2026-04-28 14:39:44.264 DEBUG 53092 --- [nio-8080-exec-2] org.hibernate.SQL                        : 
    select
        product0_.id as id1_5_,
        product0_.category_id as categor14_5_,
        product0_.condition_level as conditio2_5_,
        product0_.created_at as created_3_5_,
        product0_.description as descript4_5_,
        product0_.image_url as image_ur5_5_,
        product0_.location as location6_5_,
        product0_.name as name7_5_,
        product0_.original_price as original8_5_,
        product0_.price as price9_5_,
        product0_.reject_reason as reject_10_5_,
        product0_.seller_id as seller_15_5_,
        product0_.status as status11_5_,
        product0_.updated_at as updated12_5_,
        product0_.view_count as view_co13_5_ 
    from
        products product0_ 
    left outer join
        categories category1_ 
            on product0_.category_id=category1_.id 
    where
        category1_.id=? 
        and product0_.status=? 
    order by
        product0_.created_at desc limit ?
Hibernate: 
    select
        product0_.id as id1_5_,
        product0_.category_id as categor14_5_,
        product0_.condition_level as conditio2_5_,
        product0_.created_at as created_3_5_,
        product0_.description as descript4_5_,
        product0_.image_url as image_ur5_5_,
        product0_.location as location6_5_,
        product0_.name as name7_5_,
        product0_.original_price as original8_5_,
        product0_.price as price9_5_,
        product0_.reject_reason as reject_10_5_,
        product0_.seller_id as seller_15_5_,
        product0_.status as status11_5_,
        product0_.updated_at as updated12_5_,
        product0_.view_count as view_co13_5_ 
    from
        products product0_ 
    left outer join
        categories category1_ 
            on product0_.category_id=category1_.id 
    where
        category1_.id=? 
        and product0_.status=? 
    order by
        product0_.created_at desc limit ?
2026-04-28 14:39:44.265 DEBUG 53092 --- [nio-8080-exec-2] org.hibernate.SQL                        : 
    select
        user0_.id as id1_7_0_,
        user0_.avatar as avatar2_7_0_,
        user0_.created_at as created_3_7_0_,
        user0_.credit_score as credit_s4_7_0_,
        user0_.email as email5_7_0_,
        user0_.id_card as id_card6_7_0_,
        user0_.nickname as nickname7_7_0_,
        user0_.password as password8_7_0_,
        user0_.phone_number as phone_nu9_7_0_,
        user0_.role as role10_7_0_,
        user0_.status as status11_7_0_,
        user0_.updated_at as updated12_7_0_,
        user0_.username as usernam13_7_0_ 
    from
        users user0_ 
    where
        user0_.id=?
Hibernate: 
    select
        user0_.id as id1_7_0_,
        user0_.avatar as avatar2_7_0_,
        user0_.created_at as created_3_7_0_,
        user0_.credit_score as credit_s4_7_0_,
        user0_.email as email5_7_0_,
        user0_.id_card as id_card6_7_0_,
        user0_.nickname as nickname7_7_0_,
        user0_.password as password8_7_0_,
        user0_.phone_number as phone_nu9_7_0_,
        user0_.role as role10_7_0_,
        user0_.status as status11_7_0_,
        user0_.updated_at as updated12_7_0_,
        user0_.username as usernam13_7_0_ 
    from
        users user0_ 
    where
        user0_.id=?
2026-04-28 14:39:44.266 DEBUG 53092 --- [nio-8080-exec-2] org.hibernate.SQL                        : 
    select
        user0_.id as id1_7_0_,
        user0_.avatar as avatar2_7_0_,
        user0_.created_at as created_3_7_0_,
        user0_.credit_score as credit_s4_7_0_,
        user0_.email as email5_7_0_,
        user0_.id_card as id_card6_7_0_,
        user0_.nickname as nickname7_7_0_,
        user0_.password as password8_7_0_,
        user0_.phone_number as phone_nu9_7_0_,
        user0_.role as role10_7_0_,
        user0_.status as status11_7_0_,
        user0_.updated_at as updated12_7_0_,
        user0_.username as usernam13_7_0_ 
    from
        users user0_ 
    where
        user0_.id=?
Hibernate: 
    select
        user0_.id as id1_7_0_,
        user0_.avatar as avatar2_7_0_,
        user0_.created_at as created_3_7_0_,
        user0_.credit_score as credit_s4_7_0_,
        user0_.email as email5_7_0_,
        user0_.id_card as id_card6_7_0_,
        user0_.nickname as nickname7_7_0_,
        user0_.password as password8_7_0_,
        user0_.phone_number as phone_nu9_7_0_,
        user0_.role as role10_7_0_,
        user0_.status as status11_7_0_,
        user0_.updated_at as updated12_7_0_,
        user0_.username as usernam13_7_0_ 
    from
        users user0_ 
    where
        user0_.id=?
2026-04-28 14:39:44.267 DEBUG 53092 --- [nio-8080-exec-2] org.hibernate.SQL                        : 
    select
        user0_.id as id1_7_0_,
        user0_.avatar as avatar2_7_0_,
        user0_.created_at as created_3_7_0_,
        user0_.credit_score as credit_s4_7_0_,
        user0_.email as email5_7_0_,
        user0_.id_card as id_card6_7_0_,
        user0_.nickname as nickname7_7_0_,
        user0_.password as password8_7_0_,
        user0_.phone_number as phone_nu9_7_0_,
        user0_.role as role10_7_0_,
        user0_.status as status11_7_0_,
        user0_.updated_at as updated12_7_0_,
        user0_.username as usernam13_7_0_ 
    from
        users user0_ 
    where
        user0_.id=?
Hibernate: 
    select
        user0_.id as id1_7_0_,
        user0_.avatar as avatar2_7_0_,
        user0_.created_at as created_3_7_0_,
        user0_.credit_score as credit_s4_7_0_,
        user0_.email as email5_7_0_,
        user0_.id_card as id_card6_7_0_,
        user0_.nickname as nickname7_7_0_,
        user0_.password as password8_7_0_,
        user0_.phone_number as phone_nu9_7_0_,
        user0_.role as role10_7_0_,
        user0_.status as status11_7_0_,
        user0_.updated_at as updated12_7_0_,
        user0_.username as usernam13_7_0_ 
    from
        users user0_ 
    where
        user0_.id=?
2026-04-28 14:39:44.267 DEBUG 53092 --- [nio-8080-exec-2] org.hibernate.SQL                        : 
    select
        user0_.id as id1_7_0_,
        user0_.avatar as avatar2_7_0_,
        user0_.created_at as created_3_7_0_,
        user0_.credit_score as credit_s4_7_0_,
        user0_.email as email5_7_0_,
        user0_.id_card as id_card6_7_0_,
        user0_.nickname as nickname7_7_0_,
        user0_.password as password8_7_0_,
        user0_.phone_number as phone_nu9_7_0_,
        user0_.role as role10_7_0_,
        user0_.status as status11_7_0_,
        user0_.updated_at as updated12_7_0_,
        user0_.username as usernam13_7_0_ 
    from
        users user0_ 
    where
        user0_.id=?
Hibernate: 
    select
        user0_.id as id1_7_0_,
        user0_.avatar as avatar2_7_0_,
        user0_.created_at as created_3_7_0_,
        user0_.credit_score as credit_s4_7_0_,
        user0_.email as email5_7_0_,
        user0_.id_card as id_card6_7_0_,
        user0_.nickname as nickname7_7_0_,
        user0_.password as password8_7_0_,
        user0_.phone_number as phone_nu9_7_0_,
        user0_.role as role10_7_0_,
        user0_.status as status11_7_0_,
        user0_.updated_at as updated12_7_0_,
        user0_.username as usernam13_7_0_ 
    from
        users user0_ 
    where
        user0_.id=?
2026-04-28 14:39:44.268 DEBUG 53092 --- [nio-8080-exec-2] org.hibernate.SQL                        : 
    select
        user0_.id as id1_7_0_,
        user0_.avatar as avatar2_7_0_,
        user0_.created_at as created_3_7_0_,
        user0_.credit_score as credit_s4_7_0_,
        user0_.email as email5_7_0_,
        user0_.id_card as id_card6_7_0_,
        user0_.nickname as nickname7_7_0_,
        user0_.password as password8_7_0_,
        user0_.phone_number as phone_nu9_7_0_,
        user0_.role as role10_7_0_,
        user0_.status as status11_7_0_,
        user0_.updated_at as updated12_7_0_,
        user0_.username as usernam13_7_0_ 
    from
        users user0_ 
    where
        user0_.id=?
Hibernate: 
    select
        user0_.id as id1_7_0_,
        user0_.avatar as avatar2_7_0_,
        user0_.created_at as created_3_7_0_,
        user0_.credit_score as credit_s4_7_0_,
        user0_.email as email5_7_0_,
        user0_.id_card as id_card6_7_0_,
        user0_.nickname as nickname7_7_0_,
        user0_.password as password8_7_0_,
        user0_.phone_number as phone_nu9_7_0_,
        user0_.role as role10_7_0_,
        user0_.status as status11_7_0_,
        user0_.updated_at as updated12_7_0_,
        user0_.username as usernam13_7_0_ 
    from
        users user0_ 
    where
        user0_.id=?
2026-04-28 14:39:44.809 DEBUG 53092 --- [nio-8080-exec-1] org.hibernate.SQL                        : 
    select
        user0_.id as id1_7_0_,
        user0_.avatar as avatar2_7_0_,
        user0_.created_at as created_3_7_0_,
        user0_.credit_score as credit_s4_7_0_,
        user0_.email as email5_7_0_,
        user0_.id_card as id_card6_7_0_,
        user0_.nickname as nickname7_7_0_,
        user0_.password as password8_7_0_,
        user0_.phone_number as phone_nu9_7_0_,
        user0_.role as role10_7_0_,
        user0_.status as status11_7_0_,
        user0_.updated_at as updated12_7_0_,
        user0_.username as usernam13_7_0_ 
    from
        users user0_ 
    where
        user0_.id=?
Hibernate: 
    select
        user0_.id as id1_7_0_,
        user0_.avatar as avatar2_7_0_,
        user0_.created_at as created_3_7_0_,
        user0_.credit_score as credit_s4_7_0_,
        user0_.email as email5_7_0_,
        user0_.id_card as id_card6_7_0_,
        user0_.nickname as nickname7_7_0_,
        user0_.password as password8_7_0_,
        user0_.phone_number as phone_nu9_7_0_,
        user0_.role as role10_7_0_,
        user0_.status as status11_7_0_,
        user0_.updated_at as updated12_7_0_,
        user0_.username as usernam13_7_0_ 
    from
        users user0_ 
    where
        user0_.id=?
2026-04-28 14:39:44.812 DEBUG 53092 --- [nio-8080-exec-1] org.hibernate.SQL                        : 
    select
        product0_.id as id1_5_,
        product0_.category_id as categor14_5_,
        product0_.condition_level as conditio2_5_,
        product0_.created_at as created_3_5_,
        product0_.description as descript4_5_,
        product0_.image_url as image_ur5_5_,
        product0_.location as location6_5_,
        product0_.name as name7_5_,
        product0_.original_price as original8_5_,
        product0_.price as price9_5_,
        product0_.reject_reason as reject_10_5_,
        product0_.seller_id as seller_15_5_,
        product0_.status as status11_5_,
        product0_.updated_at as updated12_5_,
        product0_.view_count as view_co13_5_ 
    from
        products product0_ 
    left outer join
        categories category1_ 
            on product0_.category_id=category1_.id 
    where
        category1_.id=? 
        and product0_.status=? 
    order by
        product0_.created_at desc limit ?
Hibernate: 
    select
        product0_.id as id1_5_,
        product0_.category_id as categor14_5_,
        product0_.condition_level as conditio2_5_,
        product0_.created_at as created_3_5_,
        product0_.description as descript4_5_,
        product0_.image_url as image_ur5_5_,
        product0_.location as location6_5_,
        product0_.name as name7_5_,
        product0_.original_price as original8_5_,
        product0_.price as price9_5_,
        product0_.reject_reason as reject_10_5_,
        product0_.seller_id as seller_15_5_,
        product0_.status as status11_5_,
        product0_.updated_at as updated12_5_,
        product0_.view_count as view_co13_5_ 
    from
        products product0_ 
    left outer join
        categories category1_ 
            on product0_.category_id=category1_.id 
    where
        category1_.id=? 
        and product0_.status=? 
    order by
        product0_.created_at desc limit ?
2026-04-28 14:39:44.813 DEBUG 53092 --- [nio-8080-exec-1] org.hibernate.SQL                        : 
    select
        user0_.id as id1_7_0_,
        user0_.avatar as avatar2_7_0_,
        user0_.created_at as created_3_7_0_,
        user0_.credit_score as credit_s4_7_0_,
        user0_.email as email5_7_0_,
        user0_.id_card as id_card6_7_0_,
        user0_.nickname as nickname7_7_0_,
        user0_.password as password8_7_0_,
        user0_.phone_number as phone_nu9_7_0_,
        user0_.role as role10_7_0_,
        user0_.status as status11_7_0_,
        user0_.updated_at as updated12_7_0_,
        user0_.username as usernam13_7_0_ 
    from
        users user0_ 
    where
        user0_.id=?
Hibernate: 
    select
        user0_.id as id1_7_0_,
        user0_.avatar as avatar2_7_0_,
        user0_.created_at as created_3_7_0_,
        user0_.credit_score as credit_s4_7_0_,
        user0_.email as email5_7_0_,
        user0_.id_card as id_card6_7_0_,
        user0_.nickname as nickname7_7_0_,
        user0_.password as password8_7_0_,
        user0_.phone_number as phone_nu9_7_0_,
        user0_.role as role10_7_0_,
        user0_.status as status11_7_0_,
        user0_.updated_at as updated12_7_0_,
        user0_.username as usernam13_7_0_ 
    from
        users user0_ 
    where
        user0_.id=?
2026-04-28 14:39:44.814 DEBUG 53092 --- [nio-8080-exec-1] org.hibernate.SQL                        : 
    select
        user0_.id as id1_7_0_,
        user0_.avatar as avatar2_7_0_,
        user0_.created_at as created_3_7_0_,
        user0_.credit_score as credit_s4_7_0_,
        user0_.email as email5_7_0_,
        user0_.id_card as id_card6_7_0_,
        user0_.nickname as nickname7_7_0_,
        user0_.password as password8_7_0_,
        user0_.phone_number as phone_nu9_7_0_,
        user0_.role as role10_7_0_,
        user0_.status as status11_7_0_,
        user0_.updated_at as updated12_7_0_,
        user0_.username as usernam13_7_0_ 
    from
        users user0_ 
    where
        user0_.id=?
Hibernate: 
    select
        user0_.id as id1_7_0_,
        user0_.avatar as avatar2_7_0_,
        user0_.created_at as created_3_7_0_,
        user0_.credit_score as credit_s4_7_0_,
        user0_.email as email5_7_0_,
        user0_.id_card as id_card6_7_0_,
        user0_.nickname as nickname7_7_0_,
        user0_.password as password8_7_0_,
        user0_.phone_number as phone_nu9_7_0_,
        user0_.role as role10_7_0_,
        user0_.status as status11_7_0_,
        user0_.updated_at as updated12_7_0_,
        user0_.username as usernam13_7_0_ 
    from
        users user0_ 
    where
        user0_.id=?
2026-04-28 14:39:44.815 DEBUG 53092 --- [nio-8080-exec-1] org.hibernate.SQL                        : 
    select
        user0_.id as id1_7_0_,
        user0_.avatar as avatar2_7_0_,
        user0_.created_at as created_3_7_0_,
        user0_.credit_score as credit_s4_7_0_,
        user0_.email as email5_7_0_,
        user0_.id_card as id_card6_7_0_,
        user0_.nickname as nickname7_7_0_,
        user0_.password as password8_7_0_,
        user0_.phone_number as phone_nu9_7_0_,
        user0_.role as role10_7_0_,
        user0_.status as status11_7_0_,
        user0_.updated_at as updated12_7_0_,
        user0_.username as usernam13_7_0_ 
    from
        users user0_ 
    where
        user0_.id=?
Hibernate: 
    select
        user0_.id as id1_7_0_,
        user0_.avatar as avatar2_7_0_,
        user0_.created_at as created_3_7_0_,
        user0_.credit_score as credit_s4_7_0_,
        user0_.email as email5_7_0_,
        user0_.id_card as id_card6_7_0_,
        user0_.nickname as nickname7_7_0_,
        user0_.password as password8_7_0_,
        user0_.phone_number as phone_nu9_7_0_,
        user0_.role as role10_7_0_,
        user0_.status as status11_7_0_,
        user0_.updated_at as updated12_7_0_,
        user0_.username as usernam13_7_0_ 
    from
        users user0_ 
    where
        user0_.id=?
2026-04-28 14:39:44.815 DEBUG 53092 --- [nio-8080-exec-1] org.hibernate.SQL                        : 
    select
        user0_.id as id1_7_0_,
        user0_.avatar as avatar2_7_0_,
        user0_.created_at as created_3_7_0_,
        user0_.credit_score as credit_s4_7_0_,
        user0_.email as email5_7_0_,
        user0_.id_card as id_card6_7_0_,
        user0_.nickname as nickname7_7_0_,
        user0_.password as password8_7_0_,
        user0_.phone_number as phone_nu9_7_0_,
        user0_.role as role10_7_0_,
        user0_.status as status11_7_0_,
        user0_.updated_at as updated12_7_0_,
        user0_.username as usernam13_7_0_ 
    from
        users user0_ 
    where
        user0_.id=?
Hibernate: 
    select
        user0_.id as id1_7_0_,
        user0_.avatar as avatar2_7_0_,
        user0_.created_at as created_3_7_0_,
        user0_.credit_score as credit_s4_7_0_,
        user0_.email as email5_7_0_,
        user0_.id_card as id_card6_7_0_,
        user0_.nickname as nickname7_7_0_,
        user0_.password as password8_7_0_,
        user0_.phone_number as phone_nu9_7_0_,
        user0_.role as role10_7_0_,
        user0_.status as status11_7_0_,
        user0_.updated_at as updated12_7_0_,
        user0_.username as usernam13_7_0_ 
    from
        users user0_ 
    where
        user0_.id=?
2026-04-28 14:39:44.816 DEBUG 53092 --- [nio-8080-exec-1] org.hibernate.SQL                        : 
    select
        user0_.id as id1_7_0_,
        user0_.avatar as avatar2_7_0_,
        user0_.created_at as created_3_7_0_,
        user0_.credit_score as credit_s4_7_0_,
        user0_.email as email5_7_0_,
        user0_.id_card as id_card6_7_0_,
        user0_.nickname as nickname7_7_0_,
        user0_.password as password8_7_0_,
        user0_.phone_number as phone_nu9_7_0_,
        user0_.role as role10_7_0_,
        user0_.status as status11_7_0_,
        user0_.updated_at as updated12_7_0_,
        user0_.username as usernam13_7_0_ 
    from
        users user0_ 
    where
        user0_.id=?
Hibernate: 
    select
        user0_.id as id1_7_0_,
        user0_.avatar as avatar2_7_0_,
        user0_.created_at as created_3_7_0_,
        user0_.credit_score as credit_s4_7_0_,
        user0_.email as email5_7_0_,
        user0_.id_card as id_card6_7_0_,
        user0_.nickname as nickname7_7_0_,
        user0_.password as password8_7_0_,
        user0_.phone_number as phone_nu9_7_0_,
        user0_.role as role10_7_0_,
        user0_.status as status11_7_0_,
        user0_.updated_at as updated12_7_0_,
        user0_.username as usernam13_7_0_ 
    from
        users user0_ 
    where
        user0_.id=?
2026-04-28 14:39:45.249 DEBUG 53092 --- [nio-8080-exec-4] org.hibernate.SQL                        : 
    select
        user0_.id as id1_7_0_,
        user0_.avatar as avatar2_7_0_,
        user0_.created_at as created_3_7_0_,
        user0_.credit_score as credit_s4_7_0_,
        user0_.email as email5_7_0_,
        user0_.id_card as id_card6_7_0_,
        user0_.nickname as nickname7_7_0_,
        user0_.password as password8_7_0_,
        user0_.phone_number as phone_nu9_7_0_,
        user0_.role as role10_7_0_,
        user0_.status as status11_7_0_,
        user0_.updated_at as updated12_7_0_,
        user0_.username as usernam13_7_0_ 
    from
        users user0_ 
    where
        user0_.id=?
Hibernate: 
    select
        user0_.id as id1_7_0_,
        user0_.avatar as avatar2_7_0_,
        user0_.created_at as created_3_7_0_,
        user0_.credit_score as credit_s4_7_0_,
        user0_.email as email5_7_0_,
        user0_.id_card as id_card6_7_0_,
        user0_.nickname as nickname7_7_0_,
        user0_.password as password8_7_0_,
        user0_.phone_number as phone_nu9_7_0_,
        user0_.role as role10_7_0_,
        user0_.status as status11_7_0_,
        user0_.updated_at as updated12_7_0_,
        user0_.username as usernam13_7_0_ 
    from
        users user0_ 
    where
        user0_.id=?
2026-04-28 14:39:45.251 DEBUG 53092 --- [nio-8080-exec-4] org.hibernate.SQL                        : 
    select
        product0_.id as id1_5_,
        product0_.category_id as categor14_5_,
        product0_.condition_level as conditio2_5_,
        product0_.created_at as created_3_5_,
        product0_.description as descript4_5_,
        product0_.image_url as image_ur5_5_,
        product0_.location as location6_5_,
        product0_.name as name7_5_,
        product0_.original_price as original8_5_,
        product0_.price as price9_5_,
        product0_.reject_reason as reject_10_5_,
        product0_.seller_id as seller_15_5_,
        product0_.status as status11_5_,
        product0_.updated_at as updated12_5_,
        product0_.view_count as view_co13_5_ 
    from
        products product0_ 
    left outer join
        categories category1_ 
            on product0_.category_id=category1_.id 
    where
        category1_.id=? 
        and product0_.status=? 
    order by
        product0_.created_at desc limit ?
Hibernate: 
    select
        product0_.id as id1_5_,
        product0_.category_id as categor14_5_,
        product0_.condition_level as conditio2_5_,
        product0_.created_at as created_3_5_,
        product0_.description as descript4_5_,
        product0_.image_url as image_ur5_5_,
        product0_.location as location6_5_,
        product0_.name as name7_5_,
        product0_.original_price as original8_5_,
        product0_.price as price9_5_,
        product0_.reject_reason as reject_10_5_,
        product0_.seller_id as seller_15_5_,
        product0_.status as status11_5_,
        product0_.updated_at as updated12_5_,
        product0_.view_count as view_co13_5_ 
    from
        products product0_ 
    left outer join
        categories category1_ 
            on product0_.category_id=category1_.id 
    where
        category1_.id=? 
        and product0_.status=? 
    order by
        product0_.created_at desc limit ?
2026-04-28 14:39:45.253 DEBUG 53092 --- [nio-8080-exec-4] org.hibernate.SQL                        : 
    select
        user0_.id as id1_7_0_,
        user0_.avatar as avatar2_7_0_,
        user0_.created_at as created_3_7_0_,
        user0_.credit_score as credit_s4_7_0_,
        user0_.email as email5_7_0_,
        user0_.id_card as id_card6_7_0_,
        user0_.nickname as nickname7_7_0_,
        user0_.password as password8_7_0_,
        user0_.phone_number as phone_nu9_7_0_,
        user0_.role as role10_7_0_,
        user0_.status as status11_7_0_,
        user0_.updated_at as updated12_7_0_,
        user0_.username as usernam13_7_0_ 
    from
        users user0_ 
    where
        user0_.id=?
Hibernate: 
    select
        user0_.id as id1_7_0_,
        user0_.avatar as avatar2_7_0_,
        user0_.created_at as created_3_7_0_,
        user0_.credit_score as credit_s4_7_0_,
        user0_.email as email5_7_0_,
        user0_.id_card as id_card6_7_0_,
        user0_.nickname as nickname7_7_0_,
        user0_.password as password8_7_0_,
        user0_.phone_number as phone_nu9_7_0_,
        user0_.role as role10_7_0_,
        user0_.status as status11_7_0_,
        user0_.updated_at as updated12_7_0_,
        user0_.username as usernam13_7_0_ 
    from
        users user0_ 
    where
        user0_.id=?
2026-04-28 14:39:45.254 DEBUG 53092 --- [nio-8080-exec-4] org.hibernate.SQL                        : 
    select
        user0_.id as id1_7_0_,
        user0_.avatar as avatar2_7_0_,
        user0_.created_at as created_3_7_0_,
        user0_.credit_score as credit_s4_7_0_,
        user0_.email as email5_7_0_,
        user0_.id_card as id_card6_7_0_,
        user0_.nickname as nickname7_7_0_,
        user0_.password as password8_7_0_,
        user0_.phone_number as phone_nu9_7_0_,
        user0_.role as role10_7_0_,
        user0_.status as status11_7_0_,
        user0_.updated_at as updated12_7_0_,
        user0_.username as usernam13_7_0_ 
    from
        users user0_ 
    where
        user0_.id=?
Hibernate: 
    select
        user0_.id as id1_7_0_,
        user0_.avatar as avatar2_7_0_,
        user0_.created_at as created_3_7_0_,
        user0_.credit_score as credit_s4_7_0_,
        user0_.email as email5_7_0_,
        user0_.id_card as id_card6_7_0_,
        user0_.nickname as nickname7_7_0_,
        user0_.password as password8_7_0_,
        user0_.phone_number as phone_nu9_7_0_,
        user0_.role as role10_7_0_,
        user0_.status as status11_7_0_,
        user0_.updated_at as updated12_7_0_,
        user0_.username as usernam13_7_0_ 
    from
        users user0_ 
    where
        user0_.id=?
2026-04-28 14:39:45.255 DEBUG 53092 --- [nio-8080-exec-4] org.hibernate.SQL                        : 
    select
        user0_.id as id1_7_0_,
        user0_.avatar as avatar2_7_0_,
        user0_.created_at as created_3_7_0_,
        user0_.credit_score as credit_s4_7_0_,
        user0_.email as email5_7_0_,
        user0_.id_card as id_card6_7_0_,
        user0_.nickname as nickname7_7_0_,
        user0_.password as password8_7_0_,
        user0_.phone_number as phone_nu9_7_0_,
        user0_.role as role10_7_0_,
        user0_.status as status11_7_0_,
        user0_.updated_at as updated12_7_0_,
        user0_.username as usernam13_7_0_ 
    from
        users user0_ 
    where
        user0_.id=?
Hibernate: 
    select
        user0_.id as id1_7_0_,
        user0_.avatar as avatar2_7_0_,
        user0_.created_at as created_3_7_0_,
        user0_.credit_score as credit_s4_7_0_,
        user0_.email as email5_7_0_,
        user0_.id_card as id_card6_7_0_,
        user0_.nickname as nickname7_7_0_,
        user0_.password as password8_7_0_,
        user0_.phone_number as phone_nu9_7_0_,
        user0_.role as role10_7_0_,
        user0_.status as status11_7_0_,
        user0_.updated_at as updated12_7_0_,
        user0_.username as usernam13_7_0_ 
    from
        users user0_ 
    where
        user0_.id=?
2026-04-28 14:39:45.255 DEBUG 53092 --- [nio-8080-exec-4] org.hibernate.SQL                        : 
    select
        user0_.id as id1_7_0_,
        user0_.avatar as avatar2_7_0_,
        user0_.created_at as created_3_7_0_,
        user0_.credit_score as credit_s4_7_0_,
        user0_.email as email5_7_0_,
        user0_.id_card as id_card6_7_0_,
        user0_.nickname as nickname7_7_0_,
        user0_.password as password8_7_0_,
        user0_.phone_number as phone_nu9_7_0_,
        user0_.role as role10_7_0_,
        user0_.status as status11_7_0_,
        user0_.updated_at as updated12_7_0_,
        user0_.username as usernam13_7_0_ 
    from
        users user0_ 
    where
        user0_.id=?
Hibernate: 
    select
        user0_.id as id1_7_0_,
        user0_.avatar as avatar2_7_0_,
        user0_.created_at as created_3_7_0_,
        user0_.credit_score as credit_s4_7_0_,
        user0_.email as email5_7_0_,
        user0_.id_card as id_card6_7_0_,
        user0_.nickname as nickname7_7_0_,
        user0_.password as password8_7_0_,
        user0_.phone_number as phone_nu9_7_0_,
        user0_.role as role10_7_0_,
        user0_.status as status11_7_0_,
        user0_.updated_at as updated12_7_0_,
        user0_.username as usernam13_7_0_ 
    from
        users user0_ 
    where
        user0_.id=?
2026-04-28 14:39:45.256 DEBUG 53092 --- [nio-8080-exec-4] org.hibernate.SQL                        : 
    select
        user0_.id as id1_7_0_,
        user0_.avatar as avatar2_7_0_,
        user0_.created_at as created_3_7_0_,
        user0_.credit_score as credit_s4_7_0_,
        user0_.email as email5_7_0_,
        user0_.id_card as id_card6_7_0_,
        user0_.nickname as nickname7_7_0_,
        user0_.password as password8_7_0_,
        user0_.phone_number as phone_nu9_7_0_,
        user0_.role as role10_7_0_,
        user0_.status as status11_7_0_,
        user0_.updated_at as updated12_7_0_,
        user0_.username as usernam13_7_0_ 
    from
        users user0_ 
    where
        user0_.id=?
Hibernate: 
    select
        user0_.id as id1_7_0_,
        user0_.avatar as avatar2_7_0_,
        user0_.created_at as created_3_7_0_,
        user0_.credit_score as credit_s4_7_0_,
        user0_.email as email5_7_0_,
        user0_.id_card as id_card6_7_0_,
        user0_.nickname as nickname7_7_0_,
        user0_.password as password8_7_0_,
        user0_.phone_number as phone_nu9_7_0_,
        user0_.role as role10_7_0_,
        user0_.status as status11_7_0_,
        user0_.updated_at as updated12_7_0_,
        user0_.username as usernam13_7_0_ 
    from
        users user0_ 
    where
        user0_.id=?
2026-04-28 14:39:45.598 DEBUG 53092 --- [nio-8080-exec-3] org.hibernate.SQL                        : 
    select
        user0_.id as id1_7_0_,
        user0_.avatar as avatar2_7_0_,
        user0_.created_at as created_3_7_0_,
        user0_.credit_score as credit_s4_7_0_,
        user0_.email as email5_7_0_,
        user0_.id_card as id_card6_7_0_,
        user0_.nickname as nickname7_7_0_,
        user0_.password as password8_7_0_,
        user0_.phone_number as phone_nu9_7_0_,
        user0_.role as role10_7_0_,
        user0_.status as status11_7_0_,
        user0_.updated_at as updated12_7_0_,
        user0_.username as usernam13_7_0_ 
    from
        users user0_ 
    where
        user0_.id=?
Hibernate: 
    select
        user0_.id as id1_7_0_,
        user0_.avatar as avatar2_7_0_,
        user0_.created_at as created_3_7_0_,
        user0_.credit_score as credit_s4_7_0_,
        user0_.email as email5_7_0_,
        user0_.id_card as id_card6_7_0_,
        user0_.nickname as nickname7_7_0_,
        user0_.password as password8_7_0_,
        user0_.phone_number as phone_nu9_7_0_,
        user0_.role as role10_7_0_,
        user0_.status as status11_7_0_,
        user0_.updated_at as updated12_7_0_,
        user0_.username as usernam13_7_0_ 
    from
        users user0_ 
    where
        user0_.id=?
2026-04-28 14:39:45.600 DEBUG 53092 --- [nio-8080-exec-3] org.hibernate.SQL                        : 
    select
        product0_.id as id1_5_,
        product0_.category_id as categor14_5_,
        product0_.condition_level as conditio2_5_,
        product0_.created_at as created_3_5_,
        product0_.description as descript4_5_,
        product0_.image_url as image_ur5_5_,
        product0_.location as location6_5_,
        product0_.name as name7_5_,
        product0_.original_price as original8_5_,
        product0_.price as price9_5_,
        product0_.reject_reason as reject_10_5_,
        product0_.seller_id as seller_15_5_,
        product0_.status as status11_5_,
        product0_.updated_at as updated12_5_,
        product0_.view_count as view_co13_5_ 
    from
        products product0_ 
    left outer join
        categories category1_ 
            on product0_.category_id=category1_.id 
    where
        category1_.id=? 
        and product0_.status=? 
    order by
        product0_.created_at desc limit ?
Hibernate: 
    select
        product0_.id as id1_5_,
        product0_.category_id as categor14_5_,
        product0_.condition_level as conditio2_5_,
        product0_.created_at as created_3_5_,
        product0_.description as descript4_5_,
        product0_.image_url as image_ur5_5_,
        product0_.location as location6_5_,
        product0_.name as name7_5_,
        product0_.original_price as original8_5_,
        product0_.price as price9_5_,
        product0_.reject_reason as reject_10_5_,
        product0_.seller_id as seller_15_5_,
        product0_.status as status11_5_,
        product0_.updated_at as updated12_5_,
        product0_.view_count as view_co13_5_ 
    from
        products product0_ 
    left outer join
        categories category1_ 
            on product0_.category_id=category1_.id 
    where
        category1_.id=? 
        and product0_.status=? 
    order by
        product0_.created_at desc limit ?
2026-04-28 14:39:45.601 DEBUG 53092 --- [nio-8080-exec-3] org.hibernate.SQL                        : 
    select
        user0_.id as id1_7_0_,
        user0_.avatar as avatar2_7_0_,
        user0_.created_at as created_3_7_0_,
        user0_.credit_score as credit_s4_7_0_,
        user0_.email as email5_7_0_,
        user0_.id_card as id_card6_7_0_,
        user0_.nickname as nickname7_7_0_,
        user0_.password as password8_7_0_,
        user0_.phone_number as phone_nu9_7_0_,
        user0_.role as role10_7_0_,
        user0_.status as status11_7_0_,
        user0_.updated_at as updated12_7_0_,
        user0_.username as usernam13_7_0_ 
    from
        users user0_ 
    where
        user0_.id=?
Hibernate: 
    select
        user0_.id as id1_7_0_,
        user0_.avatar as avatar2_7_0_,
        user0_.created_at as created_3_7_0_,
        user0_.credit_score as credit_s4_7_0_,
        user0_.email as email5_7_0_,
        user0_.id_card as id_card6_7_0_,
        user0_.nickname as nickname7_7_0_,
        user0_.password as password8_7_0_,
        user0_.phone_number as phone_nu9_7_0_,
        user0_.role as role10_7_0_,
        user0_.status as status11_7_0_,
        user0_.updated_at as updated12_7_0_,
        user0_.username as usernam13_7_0_ 
    from
        users user0_ 
    where
        user0_.id=?
2026-04-28 14:39:45.602 DEBUG 53092 --- [nio-8080-exec-3] org.hibernate.SQL                        : 
    select
        user0_.id as id1_7_0_,
        user0_.avatar as avatar2_7_0_,
        user0_.created_at as created_3_7_0_,
        user0_.credit_score as credit_s4_7_0_,
        user0_.email as email5_7_0_,
        user0_.id_card as id_card6_7_0_,
        user0_.nickname as nickname7_7_0_,
        user0_.password as password8_7_0_,
        user0_.phone_number as phone_nu9_7_0_,
        user0_.role as role10_7_0_,
        user0_.status as status11_7_0_,
        user0_.updated_at as updated12_7_0_,
        user0_.username as usernam13_7_0_ 
    from
        users user0_ 
    where
        user0_.id=?
Hibernate: 
    select
        user0_.id as id1_7_0_,
        user0_.avatar as avatar2_7_0_,
        user0_.created_at as created_3_7_0_,
        user0_.credit_score as credit_s4_7_0_,
        user0_.email as email5_7_0_,
        user0_.id_card as id_card6_7_0_,
        user0_.nickname as nickname7_7_0_,
        user0_.password as password8_7_0_,
        user0_.phone_number as phone_nu9_7_0_,
        user0_.role as role10_7_0_,
        user0_.status as status11_7_0_,
        user0_.updated_at as updated12_7_0_,
        user0_.username as usernam13_7_0_ 
    from
        users user0_ 
    where
        user0_.id=?
2026-04-28 14:39:45.603 DEBUG 53092 --- [nio-8080-exec-3] org.hibernate.SQL                        : 
    select
        user0_.id as id1_7_0_,
        user0_.avatar as avatar2_7_0_,
        user0_.created_at as created_3_7_0_,
        user0_.credit_score as credit_s4_7_0_,
        user0_.email as email5_7_0_,
        user0_.id_card as id_card6_7_0_,
        user0_.nickname as nickname7_7_0_,
        user0_.password as password8_7_0_,
        user0_.phone_number as phone_nu9_7_0_,
        user0_.role as role10_7_0_,
        user0_.status as status11_7_0_,
        user0_.updated_at as updated12_7_0_,
        user0_.username as usernam13_7_0_ 
    from
        users user0_ 
    where
        user0_.id=?
Hibernate: 
    select
        user0_.id as id1_7_0_,
        user0_.avatar as avatar2_7_0_,
        user0_.created_at as created_3_7_0_,
        user0_.credit_score as credit_s4_7_0_,
        user0_.email as email5_7_0_,
        user0_.id_card as id_card6_7_0_,
        user0_.nickname as nickname7_7_0_,
        user0_.password as password8_7_0_,
        user0_.phone_number as phone_nu9_7_0_,
        user0_.role as role10_7_0_,
        user0_.status as status11_7_0_,
        user0_.updated_at as updated12_7_0_,
        user0_.username as usernam13_7_0_ 
    from
        users user0_ 
    where
        user0_.id=?
2026-04-28 14:39:45.603 DEBUG 53092 --- [nio-8080-exec-3] org.hibernate.SQL                        : 
    select
        user0_.id as id1_7_0_,
        user0_.avatar as avatar2_7_0_,
        user0_.created_at as created_3_7_0_,
        user0_.credit_score as credit_s4_7_0_,
        user0_.email as email5_7_0_,
        user0_.id_card as id_card6_7_0_,
        user0_.nickname as nickname7_7_0_,
        user0_.password as password8_7_0_,
        user0_.phone_number as phone_nu9_7_0_,
        user0_.role as role10_7_0_,
        user0_.status as status11_7_0_,
        user0_.updated_at as updated12_7_0_,
        user0_.username as usernam13_7_0_ 
    from
        users user0_ 
    where
        user0_.id=?
Hibernate: 
    select
        user0_.id as id1_7_0_,
        user0_.avatar as avatar2_7_0_,
        user0_.created_at as created_3_7_0_,
        user0_.credit_score as credit_s4_7_0_,
        user0_.email as email5_7_0_,
        user0_.id_card as id_card6_7_0_,
        user0_.nickname as nickname7_7_0_,
        user0_.password as password8_7_0_,
        user0_.phone_number as phone_nu9_7_0_,
        user0_.role as role10_7_0_,
        user0_.status as status11_7_0_,
        user0_.updated_at as updated12_7_0_,
        user0_.username as usernam13_7_0_ 
    from
        users user0_ 
    where
        user0_.id=?
2026-04-28 14:39:45.604 DEBUG 53092 --- [nio-8080-exec-3] org.hibernate.SQL                        : 
    select
        user0_.id as id1_7_0_,
        user0_.avatar as avatar2_7_0_,
        user0_.created_at as created_3_7_0_,
        user0_.credit_score as credit_s4_7_0_,
        user0_.email as email5_7_0_,
        user0_.id_card as id_card6_7_0_,
        user0_.nickname as nickname7_7_0_,
        user0_.password as password8_7_0_,
        user0_.phone_number as phone_nu9_7_0_,
        user0_.role as role10_7_0_,
        user0_.status as status11_7_0_,
        user0_.updated_at as updated12_7_0_,
        user0_.username as usernam13_7_0_ 
    from
        users user0_ 
    where
        user0_.id=?
Hibernate: 
    select
        user0_.id as id1_7_0_,
        user0_.avatar as avatar2_7_0_,
        user0_.created_at as created_3_7_0_,
        user0_.credit_score as credit_s4_7_0_,
        user0_.email as email5_7_0_,
        user0_.id_card as id_card6_7_0_,
        user0_.nickname as nickname7_7_0_,
        user0_.password as password8_7_0_,
        user0_.phone_number as phone_nu9_7_0_,
        user0_.role as role10_7_0_,
        user0_.status as status11_7_0_,
        user0_.updated_at as updated12_7_0_,
        user0_.username as usernam13_7_0_ 
    from
        users user0_ 
    where
        user0_.id=?
2026-04-28 14:39:46.007 DEBUG 53092 --- [nio-8080-exec-5] org.hibernate.SQL                        : 
    select
        user0_.id as id1_7_0_,
        user0_.avatar as avatar2_7_0_,
        user0_.created_at as created_3_7_0_,
        user0_.credit_score as credit_s4_7_0_,
        user0_.email as email5_7_0_,
        user0_.id_card as id_card6_7_0_,
        user0_.nickname as nickname7_7_0_,
        user0_.password as password8_7_0_,
        user0_.phone_number as phone_nu9_7_0_,
        user0_.role as role10_7_0_,
        user0_.status as status11_7_0_,
        user0_.updated_at as updated12_7_0_,
        user0_.username as usernam13_7_0_ 
    from
        users user0_ 
    where
        user0_.id=?
Hibernate: 
    select
        user0_.id as id1_7_0_,
        user0_.avatar as avatar2_7_0_,
        user0_.created_at as created_3_7_0_,
        user0_.credit_score as credit_s4_7_0_,
        user0_.email as email5_7_0_,
        user0_.id_card as id_card6_7_0_,
        user0_.nickname as nickname7_7_0_,
        user0_.password as password8_7_0_,
        user0_.phone_number as phone_nu9_7_0_,
        user0_.role as role10_7_0_,
        user0_.status as status11_7_0_,
        user0_.updated_at as updated12_7_0_,
        user0_.username as usernam13_7_0_ 
    from
        users user0_ 
    where
        user0_.id=?
2026-04-28 14:39:46.010 DEBUG 53092 --- [nio-8080-exec-5] org.hibernate.SQL                        : 
    select
        product0_.id as id1_5_,
        product0_.category_id as categor14_5_,
        product0_.condition_level as conditio2_5_,
        product0_.created_at as created_3_5_,
        product0_.description as descript4_5_,
        product0_.image_url as image_ur5_5_,
        product0_.location as location6_5_,
        product0_.name as name7_5_,
        product0_.original_price as original8_5_,
        product0_.price as price9_5_,
        product0_.reject_reason as reject_10_5_,
        product0_.seller_id as seller_15_5_,
        product0_.status as status11_5_,
        product0_.updated_at as updated12_5_,
        product0_.view_count as view_co13_5_ 
    from
        products product0_ 
    left outer join
        categories category1_ 
            on product0_.category_id=category1_.id 
    where
        category1_.id=? 
        and product0_.status=? 
    order by
        product0_.created_at desc limit ?
Hibernate: 
    select
        product0_.id as id1_5_,
        product0_.category_id as categor14_5_,
        product0_.condition_level as conditio2_5_,
        product0_.created_at as created_3_5_,
        product0_.description as descript4_5_,
        product0_.image_url as image_ur5_5_,
        product0_.location as location6_5_,
        product0_.name as name7_5_,
        product0_.original_price as original8_5_,
        product0_.price as price9_5_,
        product0_.reject_reason as reject_10_5_,
        product0_.seller_id as seller_15_5_,
        product0_.status as status11_5_,
        product0_.updated_at as updated12_5_,
        product0_.view_count as view_co13_5_ 
    from
        products product0_ 
    left outer join
        categories category1_ 
            on product0_.category_id=category1_.id 
    where
        category1_.id=? 
        and product0_.status=? 
    order by
        product0_.created_at desc limit ?
2026-04-28 14:39:46.012 DEBUG 53092 --- [nio-8080-exec-5] org.hibernate.SQL                        : 
    select
        user0_.id as id1_7_0_,
        user0_.avatar as avatar2_7_0_,
        user0_.created_at as created_3_7_0_,
        user0_.credit_score as credit_s4_7_0_,
        user0_.email as email5_7_0_,
        user0_.id_card as id_card6_7_0_,
        user0_.nickname as nickname7_7_0_,
        user0_.password as password8_7_0_,
        user0_.phone_number as phone_nu9_7_0_,
        user0_.role as role10_7_0_,
        user0_.status as status11_7_0_,
        user0_.updated_at as updated12_7_0_,
        user0_.username as usernam13_7_0_ 
    from
        users user0_ 
    where
        user0_.id=?
Hibernate: 
    select
        user0_.id as id1_7_0_,
        user0_.avatar as avatar2_7_0_,
        user0_.created_at as created_3_7_0_,
        user0_.credit_score as credit_s4_7_0_,
        user0_.email as email5_7_0_,
        user0_.id_card as id_card6_7_0_,
        user0_.nickname as nickname7_7_0_,
        user0_.password as password8_7_0_,
        user0_.phone_number as phone_nu9_7_0_,
        user0_.role as role10_7_0_,
        user0_.status as status11_7_0_,
        user0_.updated_at as updated12_7_0_,
        user0_.username as usernam13_7_0_ 
    from
        users user0_ 
    where
        user0_.id=?
2026-04-28 14:39:46.012 DEBUG 53092 --- [nio-8080-exec-5] org.hibernate.SQL                        : 
    select
        user0_.id as id1_7_0_,
        user0_.avatar as avatar2_7_0_,
        user0_.created_at as created_3_7_0_,
        user0_.credit_score as credit_s4_7_0_,
        user0_.email as email5_7_0_,
        user0_.id_card as id_card6_7_0_,
        user0_.nickname as nickname7_7_0_,
        user0_.password as password8_7_0_,
        user0_.phone_number as phone_nu9_7_0_,
        user0_.role as role10_7_0_,
        user0_.status as status11_7_0_,
        user0_.updated_at as updated12_7_0_,
        user0_.username as usernam13_7_0_ 
    from
        users user0_ 
    where
        user0_.id=?
Hibernate: 
    select
        user0_.id as id1_7_0_,
        user0_.avatar as avatar2_7_0_,
        user0_.created_at as created_3_7_0_,
        user0_.credit_score as credit_s4_7_0_,
        user0_.email as email5_7_0_,
        user0_.id_card as id_card6_7_0_,
        user0_.nickname as nickname7_7_0_,
        user0_.password as password8_7_0_,
        user0_.phone_number as phone_nu9_7_0_,
        user0_.role as role10_7_0_,
        user0_.status as status11_7_0_,
        user0_.updated_at as updated12_7_0_,
        user0_.username as usernam13_7_0_ 
    from
        users user0_ 
    where
        user0_.id=?
2026-04-28 14:39:46.013 DEBUG 53092 --- [nio-8080-exec-5] org.hibernate.SQL                        : 
    select
        user0_.id as id1_7_0_,
        user0_.avatar as avatar2_7_0_,
        user0_.created_at as created_3_7_0_,
        user0_.credit_score as credit_s4_7_0_,
        user0_.email as email5_7_0_,
        user0_.id_card as id_card6_7_0_,
        user0_.nickname as nickname7_7_0_,
        user0_.password as password8_7_0_,
        user0_.phone_number as phone_nu9_7_0_,
        user0_.role as role10_7_0_,
        user0_.status as status11_7_0_,
        user0_.updated_at as updated12_7_0_,
        user0_.username as usernam13_7_0_ 
    from
        users user0_ 
    where
        user0_.id=?
Hibernate: 
    select
        user0_.id as id1_7_0_,
        user0_.avatar as avatar2_7_0_,
        user0_.created_at as created_3_7_0_,
        user0_.credit_score as credit_s4_7_0_,
        user0_.email as email5_7_0_,
        user0_.id_card as id_card6_7_0_,
        user0_.nickname as nickname7_7_0_,
        user0_.password as password8_7_0_,
        user0_.phone_number as phone_nu9_7_0_,
        user0_.role as role10_7_0_,
        user0_.status as status11_7_0_,
        user0_.updated_at as updated12_7_0_,
        user0_.username as usernam13_7_0_ 
    from
        users user0_ 
    where
        user0_.id=?
2026-04-28 14:39:46.014 DEBUG 53092 --- [nio-8080-exec-5] org.hibernate.SQL                        : 
    select
        user0_.id as id1_7_0_,
        user0_.avatar as avatar2_7_0_,
        user0_.created_at as created_3_7_0_,
        user0_.credit_score as credit_s4_7_0_,
        user0_.email as email5_7_0_,
        user0_.id_card as id_card6_7_0_,
        user0_.nickname as nickname7_7_0_,
        user0_.password as password8_7_0_,
        user0_.phone_number as phone_nu9_7_0_,
        user0_.role as role10_7_0_,
        user0_.status as status11_7_0_,
        user0_.updated_at as updated12_7_0_,
        user0_.username as usernam13_7_0_ 
    from
        users user0_ 
    where
        user0_.id=?
Hibernate: 
    select
        user0_.id as id1_7_0_,
        user0_.avatar as avatar2_7_0_,
        user0_.created_at as created_3_7_0_,
        user0_.credit_score as credit_s4_7_0_,
        user0_.email as email5_7_0_,
        user0_.id_card as id_card6_7_0_,
        user0_.nickname as nickname7_7_0_,
        user0_.password as password8_7_0_,
        user0_.phone_number as phone_nu9_7_0_,
        user0_.role as role10_7_0_,
        user0_.status as status11_7_0_,
        user0_.updated_at as updated12_7_0_,
        user0_.username as usernam13_7_0_ 
    from
        users user0_ 
    where
        user0_.id=?
2026-04-28 14:39:46.015 DEBUG 53092 --- [nio-8080-exec-5] org.hibernate.SQL                        : 
    select
        user0_.id as id1_7_0_,
        user0_.avatar as avatar2_7_0_,
        user0_.created_at as created_3_7_0_,
        user0_.credit_score as credit_s4_7_0_,
        user0_.email as email5_7_0_,
        user0_.id_card as id_card6_7_0_,
        user0_.nickname as nickname7_7_0_,
        user0_.password as password8_7_0_,
        user0_.phone_number as phone_nu9_7_0_,
        user0_.role as role10_7_0_,
        user0_.status as status11_7_0_,
        user0_.updated_at as updated12_7_0_,
        user0_.username as usernam13_7_0_ 
    from
        users user0_ 
    where
        user0_.id=?
Hibernate: 
    select
        user0_.id as id1_7_0_,
        user0_.avatar as avatar2_7_0_,
        user0_.created_at as created_3_7_0_,
        user0_.credit_score as credit_s4_7_0_,
        user0_.email as email5_7_0_,
        user0_.id_card as id_card6_7_0_,
        user0_.nickname as nickname7_7_0_,
        user0_.password as password8_7_0_,
        user0_.phone_number as phone_nu9_7_0_,
        user0_.role as role10_7_0_,
        user0_.status as status11_7_0_,
        user0_.updated_at as updated12_7_0_,
        user0_.username as usernam13_7_0_ 
    from
        users user0_ 
    where
        user0_.id=?
2026-04-28 14:39:46.437 DEBUG 53092 --- [nio-8080-exec-2] org.hibernate.SQL                        : 
    select
        user0_.id as id1_7_0_,
        user0_.avatar as avatar2_7_0_,
        user0_.created_at as created_3_7_0_,
        user0_.credit_score as credit_s4_7_0_,
        user0_.email as email5_7_0_,
        user0_.id_card as id_card6_7_0_,
        user0_.nickname as nickname7_7_0_,
        user0_.password as password8_7_0_,
        user0_.phone_number as phone_nu9_7_0_,
        user0_.role as role10_7_0_,
        user0_.status as status11_7_0_,
        user0_.updated_at as updated12_7_0_,
        user0_.username as usernam13_7_0_ 
    from
        users user0_ 
    where
        user0_.id=?
Hibernate: 
    select
        user0_.id as id1_7_0_,
        user0_.avatar as avatar2_7_0_,
        user0_.created_at as created_3_7_0_,
        user0_.credit_score as credit_s4_7_0_,
        user0_.email as email5_7_0_,
        user0_.id_card as id_card6_7_0_,
        user0_.nickname as nickname7_7_0_,
        user0_.password as password8_7_0_,
        user0_.phone_number as phone_nu9_7_0_,
        user0_.role as role10_7_0_,
        user0_.status as status11_7_0_,
        user0_.updated_at as updated12_7_0_,
        user0_.username as usernam13_7_0_ 
    from
        users user0_ 
    where
        user0_.id=?
2026-04-28 14:39:46.439 DEBUG 53092 --- [nio-8080-exec-2] org.hibernate.SQL                        : 
    select
        product0_.id as id1_5_,
        product0_.category_id as categor14_5_,
        product0_.condition_level as conditio2_5_,
        product0_.created_at as created_3_5_,
        product0_.description as descript4_5_,
        product0_.image_url as image_ur5_5_,
        product0_.location as location6_5_,
        product0_.name as name7_5_,
        product0_.original_price as original8_5_,
        product0_.price as price9_5_,
        product0_.reject_reason as reject_10_5_,
        product0_.seller_id as seller_15_5_,
        product0_.status as status11_5_,
        product0_.updated_at as updated12_5_,
        product0_.view_count as view_co13_5_ 
    from
        products product0_ 
    left outer join
        categories category1_ 
            on product0_.category_id=category1_.id 
    where
        category1_.id=? 
        and product0_.status=? 
    order by
        product0_.created_at desc limit ?
Hibernate: 
    select
        product0_.id as id1_5_,
        product0_.category_id as categor14_5_,
        product0_.condition_level as conditio2_5_,
        product0_.created_at as created_3_5_,
        product0_.description as descript4_5_,
        product0_.image_url as image_ur5_5_,
        product0_.location as location6_5_,
        product0_.name as name7_5_,
        product0_.original_price as original8_5_,
        product0_.price as price9_5_,
        product0_.reject_reason as reject_10_5_,
        product0_.seller_id as seller_15_5_,
        product0_.status as status11_5_,
        product0_.updated_at as updated12_5_,
        product0_.view_count as view_co13_5_ 
    from
        products product0_ 
    left outer join
        categories category1_ 
            on product0_.category_id=category1_.id 
    where
        category1_.id=? 
        and product0_.status=? 
    order by
        product0_.created_at desc limit ?
2026-04-28 14:39:46.441 DEBUG 53092 --- [nio-8080-exec-2] org.hibernate.SQL                        : 
    select
        user0_.id as id1_7_0_,
        user0_.avatar as avatar2_7_0_,
        user0_.created_at as created_3_7_0_,
        user0_.credit_score as credit_s4_7_0_,
        user0_.email as email5_7_0_,
        user0_.id_card as id_card6_7_0_,
        user0_.nickname as nickname7_7_0_,
        user0_.password as password8_7_0_,
        user0_.phone_number as phone_nu9_7_0_,
        user0_.role as role10_7_0_,
        user0_.status as status11_7_0_,
        user0_.updated_at as updated12_7_0_,
        user0_.username as usernam13_7_0_ 
    from
        users user0_ 
    where
        user0_.id=?
Hibernate: 
    select
        user0_.id as id1_7_0_,
        user0_.avatar as avatar2_7_0_,
        user0_.created_at as created_3_7_0_,
        user0_.credit_score as credit_s4_7_0_,
        user0_.email as email5_7_0_,
        user0_.id_card as id_card6_7_0_,
        user0_.nickname as nickname7_7_0_,
        user0_.password as password8_7_0_,
        user0_.phone_number as phone_nu9_7_0_,
        user0_.role as role10_7_0_,
        user0_.status as status11_7_0_,
        user0_.updated_at as updated12_7_0_,
        user0_.username as usernam13_7_0_ 
    from
        users user0_ 
    where
        user0_.id=?
2026-04-28 14:39:46.442 DEBUG 53092 --- [nio-8080-exec-2] org.hibernate.SQL                        : 
    select
        user0_.id as id1_7_0_,
        user0_.avatar as avatar2_7_0_,
        user0_.created_at as created_3_7_0_,
        user0_.credit_score as credit_s4_7_0_,
        user0_.email as email5_7_0_,
        user0_.id_card as id_card6_7_0_,
        user0_.nickname as nickname7_7_0_,
        user0_.password as password8_7_0_,
        user0_.phone_number as phone_nu9_7_0_,
        user0_.role as role10_7_0_,
        user0_.status as status11_7_0_,
        user0_.updated_at as updated12_7_0_,
        user0_.username as usernam13_7_0_ 
    from
        users user0_ 
    where
        user0_.id=?
Hibernate: 
    select
        user0_.id as id1_7_0_,
        user0_.avatar as avatar2_7_0_,
        user0_.created_at as created_3_7_0_,
        user0_.credit_score as credit_s4_7_0_,
        user0_.email as email5_7_0_,
        user0_.id_card as id_card6_7_0_,
        user0_.nickname as nickname7_7_0_,
        user0_.password as password8_7_0_,
        user0_.phone_number as phone_nu9_7_0_,
        user0_.role as role10_7_0_,
        user0_.status as status11_7_0_,
        user0_.updated_at as updated12_7_0_,
        user0_.username as usernam13_7_0_ 
    from
        users user0_ 
    where
        user0_.id=?
2026-04-28 14:39:46.442 DEBUG 53092 --- [nio-8080-exec-2] org.hibernate.SQL                        : 
    select
        user0_.id as id1_7_0_,
        user0_.avatar as avatar2_7_0_,
        user0_.created_at as created_3_7_0_,
        user0_.credit_score as credit_s4_7_0_,
        user0_.email as email5_7_0_,
        user0_.id_card as id_card6_7_0_,
        user0_.nickname as nickname7_7_0_,
        user0_.password as password8_7_0_,
        user0_.phone_number as phone_nu9_7_0_,
        user0_.role as role10_7_0_,
        user0_.status as status11_7_0_,
        user0_.updated_at as updated12_7_0_,
        user0_.username as usernam13_7_0_ 
    from
        users user0_ 
    where
        user0_.id=?
Hibernate: 
    select
        user0_.id as id1_7_0_,
        user0_.avatar as avatar2_7_0_,
        user0_.created_at as created_3_7_0_,
        user0_.credit_score as credit_s4_7_0_,
        user0_.email as email5_7_0_,
        user0_.id_card as id_card6_7_0_,
        user0_.nickname as nickname7_7_0_,
        user0_.password as password8_7_0_,
        user0_.phone_number as phone_nu9_7_0_,
        user0_.role as role10_7_0_,
        user0_.status as status11_7_0_,
        user0_.updated_at as updated12_7_0_,
        user0_.username as usernam13_7_0_ 
    from
        users user0_ 
    where
        user0_.id=?
2026-04-28 14:39:46.443 DEBUG 53092 --- [nio-8080-exec-2] org.hibernate.SQL                        : 
    select
        user0_.id as id1_7_0_,
        user0_.avatar as avatar2_7_0_,
        user0_.created_at as created_3_7_0_,
        user0_.credit_score as credit_s4_7_0_,
        user0_.email as email5_7_0_,
        user0_.id_card as id_card6_7_0_,
        user0_.nickname as nickname7_7_0_,
        user0_.password as password8_7_0_,
        user0_.phone_number as phone_nu9_7_0_,
        user0_.role as role10_7_0_,
        user0_.status as status11_7_0_,
        user0_.updated_at as updated12_7_0_,
        user0_.username as usernam13_7_0_ 
    from
        users user0_ 
    where
        user0_.id=?
Hibernate: 
    select
        user0_.id as id1_7_0_,
        user0_.avatar as avatar2_7_0_,
        user0_.created_at as created_3_7_0_,
        user0_.credit_score as credit_s4_7_0_,
        user0_.email as email5_7_0_,
        user0_.id_card as id_card6_7_0_,
        user0_.nickname as nickname7_7_0_,
        user0_.password as password8_7_0_,
        user0_.phone_number as phone_nu9_7_0_,
        user0_.role as role10_7_0_,
        user0_.status as status11_7_0_,
        user0_.updated_at as updated12_7_0_,
        user0_.username as usernam13_7_0_ 
    from
        users user0_ 
    where
        user0_.id=?
2026-04-28 14:39:46.444 DEBUG 53092 --- [nio-8080-exec-2] org.hibernate.SQL                        : 
    select
        user0_.id as id1_7_0_,
        user0_.avatar as avatar2_7_0_,
        user0_.created_at as created_3_7_0_,
        user0_.credit_score as credit_s4_7_0_,
        user0_.email as email5_7_0_,
        user0_.id_card as id_card6_7_0_,
        user0_.nickname as nickname7_7_0_,
        user0_.password as password8_7_0_,
        user0_.phone_number as phone_nu9_7_0_,
        user0_.role as role10_7_0_,
        user0_.status as status11_7_0_,
        user0_.updated_at as updated12_7_0_,
        user0_.username as usernam13_7_0_ 
    from
        users user0_ 
    where
        user0_.id=?
Hibernate: 
    select
        user0_.id as id1_7_0_,
        user0_.avatar as avatar2_7_0_,
        user0_.created_at as created_3_7_0_,
        user0_.credit_score as credit_s4_7_0_,
        user0_.email as email5_7_0_,
        user0_.id_card as id_card6_7_0_,
        user0_.nickname as nickname7_7_0_,
        user0_.password as password8_7_0_,
        user0_.phone_number as phone_nu9_7_0_,
        user0_.role as role10_7_0_,
        user0_.status as status11_7_0_,
        user0_.updated_at as updated12_7_0_,
        user0_.username as usernam13_7_0_ 
    from
        users user0_ 
    where
        user0_.id=?
2026-04-28 14:39:46.902 DEBUG 53092 --- [io-8080-exec-10] org.hibernate.SQL                        : 
    select
        user0_.id as id1_7_0_,
        user0_.avatar as avatar2_7_0_,
        user0_.created_at as created_3_7_0_,
        user0_.credit_score as credit_s4_7_0_,
        user0_.email as email5_7_0_,
        user0_.id_card as id_card6_7_0_,
        user0_.nickname as nickname7_7_0_,
        user0_.password as password8_7_0_,
        user0_.phone_number as phone_nu9_7_0_,
        user0_.role as role10_7_0_,
        user0_.status as status11_7_0_,
        user0_.updated_at as updated12_7_0_,
        user0_.username as usernam13_7_0_ 
    from
        users user0_ 
    where
        user0_.id=?
Hibernate: 
    select
        user0_.id as id1_7_0_,
        user0_.avatar as avatar2_7_0_,
        user0_.created_at as created_3_7_0_,
        user0_.credit_score as credit_s4_7_0_,
        user0_.email as email5_7_0_,
        user0_.id_card as id_card6_7_0_,
        user0_.nickname as nickname7_7_0_,
        user0_.password as password8_7_0_,
        user0_.phone_number as phone_nu9_7_0_,
        user0_.role as role10_7_0_,
        user0_.status as status11_7_0_,
        user0_.updated_at as updated12_7_0_,
        user0_.username as usernam13_7_0_ 
    from
        users user0_ 
    where
        user0_.id=?
2026-04-28 14:39:46.904 DEBUG 53092 --- [io-8080-exec-10] org.hibernate.SQL                        : 
    select
        product0_.id as id1_5_,
        product0_.category_id as categor14_5_,
        product0_.condition_level as conditio2_5_,
        product0_.created_at as created_3_5_,
        product0_.description as descript4_5_,
        product0_.image_url as image_ur5_5_,
        product0_.location as location6_5_,
        product0_.name as name7_5_,
        product0_.original_price as original8_5_,
        product0_.price as price9_5_,
        product0_.reject_reason as reject_10_5_,
        product0_.seller_id as seller_15_5_,
        product0_.status as status11_5_,
        product0_.updated_at as updated12_5_,
        product0_.view_count as view_co13_5_ 
    from
        products product0_ 
    left outer join
        categories category1_ 
            on product0_.category_id=category1_.id 
    where
        category1_.id=? 
        and product0_.status=? 
    order by
        product0_.created_at desc limit ?
Hibernate: 
    select
        product0_.id as id1_5_,
        product0_.category_id as categor14_5_,
        product0_.condition_level as conditio2_5_,
        product0_.created_at as created_3_5_,
        product0_.description as descript4_5_,
        product0_.image_url as image_ur5_5_,
        product0_.location as location6_5_,
        product0_.name as name7_5_,
        product0_.original_price as original8_5_,
        product0_.price as price9_5_,
        product0_.reject_reason as reject_10_5_,
        product0_.seller_id as seller_15_5_,
        product0_.status as status11_5_,
        product0_.updated_at as updated12_5_,
        product0_.view_count as view_co13_5_ 
    from
        products product0_ 
    left outer join
        categories category1_ 
            on product0_.category_id=category1_.id 
    where
        category1_.id=? 
        and product0_.status=? 
    order by
        product0_.created_at desc limit ?
2026-04-28 14:39:46.906 DEBUG 53092 --- [io-8080-exec-10] org.hibernate.SQL                        : 
    select
        user0_.id as id1_7_0_,
        user0_.avatar as avatar2_7_0_,
        user0_.created_at as created_3_7_0_,
        user0_.credit_score as credit_s4_7_0_,
        user0_.email as email5_7_0_,
        user0_.id_card as id_card6_7_0_,
        user0_.nickname as nickname7_7_0_,
        user0_.password as password8_7_0_,
        user0_.phone_number as phone_nu9_7_0_,
        user0_.role as role10_7_0_,
        user0_.status as status11_7_0_,
        user0_.updated_at as updated12_7_0_,
        user0_.username as usernam13_7_0_ 
    from
        users user0_ 
    where
        user0_.id=?
Hibernate: 
    select
        user0_.id as id1_7_0_,
        user0_.avatar as avatar2_7_0_,
        user0_.created_at as created_3_7_0_,
        user0_.credit_score as credit_s4_7_0_,
        user0_.email as email5_7_0_,
        user0_.id_card as id_card6_7_0_,
        user0_.nickname as nickname7_7_0_,
        user0_.password as password8_7_0_,
        user0_.phone_number as phone_nu9_7_0_,
        user0_.role as role10_7_0_,
        user0_.status as status11_7_0_,
        user0_.updated_at as updated12_7_0_,
        user0_.username as usernam13_7_0_ 
    from
        users user0_ 
    where
        user0_.id=?
2026-04-28 14:39:46.906 DEBUG 53092 --- [io-8080-exec-10] org.hibernate.SQL                        : 
    select
        user0_.id as id1_7_0_,
        user0_.avatar as avatar2_7_0_,
        user0_.created_at as created_3_7_0_,
        user0_.credit_score as credit_s4_7_0_,
        user0_.email as email5_7_0_,
        user0_.id_card as id_card6_7_0_,
        user0_.nickname as nickname7_7_0_,
        user0_.password as password8_7_0_,
        user0_.phone_number as phone_nu9_7_0_,
        user0_.role as role10_7_0_,
        user0_.status as status11_7_0_,
        user0_.updated_at as updated12_7_0_,
        user0_.username as usernam13_7_0_ 
    from
        users user0_ 
    where
        user0_.id=?
Hibernate: 
    select
        user0_.id as id1_7_0_,
        user0_.avatar as avatar2_7_0_,
        user0_.created_at as created_3_7_0_,
        user0_.credit_score as credit_s4_7_0_,
        user0_.email as email5_7_0_,
        user0_.id_card as id_card6_7_0_,
        user0_.nickname as nickname7_7_0_,
        user0_.password as password8_7_0_,
        user0_.phone_number as phone_nu9_7_0_,
        user0_.role as role10_7_0_,
        user0_.status as status11_7_0_,
        user0_.updated_at as updated12_7_0_,
        user0_.username as usernam13_7_0_ 
    from
        users user0_ 
    where
        user0_.id=?
2026-04-28 14:39:46.907 DEBUG 53092 --- [io-8080-exec-10] org.hibernate.SQL                        : 
    select
        user0_.id as id1_7_0_,
        user0_.avatar as avatar2_7_0_,
        user0_.created_at as created_3_7_0_,
        user0_.credit_score as credit_s4_7_0_,
        user0_.email as email5_7_0_,
        user0_.id_card as id_card6_7_0_,
        user0_.nickname as nickname7_7_0_,
        user0_.password as password8_7_0_,
        user0_.phone_number as phone_nu9_7_0_,
        user0_.role as role10_7_0_,
        user0_.status as status11_7_0_,
        user0_.updated_at as updated12_7_0_,
        user0_.username as usernam13_7_0_ 
    from
        users user0_ 
    where
        user0_.id=?
Hibernate: 
    select
        user0_.id as id1_7_0_,
        user0_.avatar as avatar2_7_0_,
        user0_.created_at as created_3_7_0_,
        user0_.credit_score as credit_s4_7_0_,
        user0_.email as email5_7_0_,
        user0_.id_card as id_card6_7_0_,
        user0_.nickname as nickname7_7_0_,
        user0_.password as password8_7_0_,
        user0_.phone_number as phone_nu9_7_0_,
        user0_.role as role10_7_0_,
        user0_.status as status11_7_0_,
        user0_.updated_at as updated12_7_0_,
        user0_.username as usernam13_7_0_ 
    from
        users user0_ 
    where
        user0_.id=?
2026-04-28 14:39:46.908 DEBUG 53092 --- [io-8080-exec-10] org.hibernate.SQL                        : 
    select
        user0_.id as id1_7_0_,
        user0_.avatar as avatar2_7_0_,
        user0_.created_at as created_3_7_0_,
        user0_.credit_score as credit_s4_7_0_,
        user0_.email as email5_7_0_,
        user0_.id_card as id_card6_7_0_,
        user0_.nickname as nickname7_7_0_,
        user0_.password as password8_7_0_,
        user0_.phone_number as phone_nu9_7_0_,
        user0_.role as role10_7_0_,
        user0_.status as status11_7_0_,
        user0_.updated_at as updated12_7_0_,
        user0_.username as usernam13_7_0_ 
    from
        users user0_ 
    where
        user0_.id=?
Hibernate: 
    select
        user0_.id as id1_7_0_,
        user0_.avatar as avatar2_7_0_,
        user0_.created_at as created_3_7_0_,
        user0_.credit_score as credit_s4_7_0_,
        user0_.email as email5_7_0_,
        user0_.id_card as id_card6_7_0_,
        user0_.nickname as nickname7_7_0_,
        user0_.password as password8_7_0_,
        user0_.phone_number as phone_nu9_7_0_,
        user0_.role as role10_7_0_,
        user0_.status as status11_7_0_,
        user0_.updated_at as updated12_7_0_,
        user0_.username as usernam13_7_0_ 
    from
        users user0_ 
    where
        user0_.id=?
2026-04-28 14:39:46.908 DEBUG 53092 --- [io-8080-exec-10] org.hibernate.SQL                        : 
    select
        user0_.id as id1_7_0_,
        user0_.avatar as avatar2_7_0_,
        user0_.created_at as created_3_7_0_,
        user0_.credit_score as credit_s4_7_0_,
        user0_.email as email5_7_0_,
        user0_.id_card as id_card6_7_0_,
        user0_.nickname as nickname7_7_0_,
        user0_.password as password8_7_0_,
        user0_.phone_number as phone_nu9_7_0_,
        user0_.role as role10_7_0_,
        user0_.status as status11_7_0_,
        user0_.updated_at as updated12_7_0_,
        user0_.username as usernam13_7_0_ 
    from
        users user0_ 
    where
        user0_.id=?
Hibernate: 
    select
        user0_.id as id1_7_0_,
        user0_.avatar as avatar2_7_0_,
        user0_.created_at as created_3_7_0_,
        user0_.credit_score as credit_s4_7_0_,
        user0_.email as email5_7_0_,
        user0_.id_card as id_card6_7_0_,
        user0_.nickname as nickname7_7_0_,
        user0_.password as password8_7_0_,
        user0_.phone_number as phone_nu9_7_0_,
        user0_.role as role10_7_0_,
        user0_.status as status11_7_0_,
        user0_.updated_at as updated12_7_0_,
        user0_.username as usernam13_7_0_ 
    from
        users user0_ 
    where
        user0_.id=?
2026-04-28 14:39:47.310 DEBUG 53092 --- [nio-8080-exec-1] org.hibernate.SQL                        : 
    select
        user0_.id as id1_7_0_,
        user0_.avatar as avatar2_7_0_,
        user0_.created_at as created_3_7_0_,
        user0_.credit_score as credit_s4_7_0_,
        user0_.email as email5_7_0_,
        user0_.id_card as id_card6_7_0_,
        user0_.nickname as nickname7_7_0_,
        user0_.password as password8_7_0_,
        user0_.phone_number as phone_nu9_7_0_,
        user0_.role as role10_7_0_,
        user0_.status as status11_7_0_,
        user0_.updated_at as updated12_7_0_,
        user0_.username as usernam13_7_0_ 
    from
        users user0_ 
    where
        user0_.id=?
Hibernate: 
    select
        user0_.id as id1_7_0_,
        user0_.avatar as avatar2_7_0_,
        user0_.created_at as created_3_7_0_,
        user0_.credit_score as credit_s4_7_0_,
        user0_.email as email5_7_0_,
        user0_.id_card as id_card6_7_0_,
        user0_.nickname as nickname7_7_0_,
        user0_.password as password8_7_0_,
        user0_.phone_number as phone_nu9_7_0_,
        user0_.role as role10_7_0_,
        user0_.status as status11_7_0_,
        user0_.updated_at as updated12_7_0_,
        user0_.username as usernam13_7_0_ 
    from
        users user0_ 
    where
        user0_.id=?
2026-04-28 14:39:47.312 DEBUG 53092 --- [nio-8080-exec-1] org.hibernate.SQL                        : 
    select
        product0_.id as id1_5_,
        product0_.category_id as categor14_5_,
        product0_.condition_level as conditio2_5_,
        product0_.created_at as created_3_5_,
        product0_.description as descript4_5_,
        product0_.image_url as image_ur5_5_,
        product0_.location as location6_5_,
        product0_.name as name7_5_,
        product0_.original_price as original8_5_,
        product0_.price as price9_5_,
        product0_.reject_reason as reject_10_5_,
        product0_.seller_id as seller_15_5_,
        product0_.status as status11_5_,
        product0_.updated_at as updated12_5_,
        product0_.view_count as view_co13_5_ 
    from
        products product0_ 
    left outer join
        categories category1_ 
            on product0_.category_id=category1_.id 
    where
        category1_.id=? 
        and product0_.status=? 
    order by
        product0_.created_at desc limit ?
Hibernate: 
    select
        product0_.id as id1_5_,
        product0_.category_id as categor14_5_,
        product0_.condition_level as conditio2_5_,
        product0_.created_at as created_3_5_,
        product0_.description as descript4_5_,
        product0_.image_url as image_ur5_5_,
        product0_.location as location6_5_,
        product0_.name as name7_5_,
        product0_.original_price as original8_5_,
        product0_.price as price9_5_,
        product0_.reject_reason as reject_10_5_,
        product0_.seller_id as seller_15_5_,
        product0_.status as status11_5_,
        product0_.updated_at as updated12_5_,
        product0_.view_count as view_co13_5_ 
    from
        products product0_ 
    left outer join
        categories category1_ 
            on product0_.category_id=category1_.id 
    where
        category1_.id=? 
        and product0_.status=? 
    order by
        product0_.created_at desc limit ?
2026-04-28 14:39:47.313 DEBUG 53092 --- [nio-8080-exec-1] org.hibernate.SQL                        : 
    select
        user0_.id as id1_7_0_,
        user0_.avatar as avatar2_7_0_,
        user0_.created_at as created_3_7_0_,
        user0_.credit_score as credit_s4_7_0_,
        user0_.email as email5_7_0_,
        user0_.id_card as id_card6_7_0_,
        user0_.nickname as nickname7_7_0_,
        user0_.password as password8_7_0_,
        user0_.phone_number as phone_nu9_7_0_,
        user0_.role as role10_7_0_,
        user0_.status as status11_7_0_,
        user0_.updated_at as updated12_7_0_,
        user0_.username as usernam13_7_0_ 
    from
        users user0_ 
    where
        user0_.id=?
Hibernate: 
    select
        user0_.id as id1_7_0_,
        user0_.avatar as avatar2_7_0_,
        user0_.created_at as created_3_7_0_,
        user0_.credit_score as credit_s4_7_0_,
        user0_.email as email5_7_0_,
        user0_.id_card as id_card6_7_0_,
        user0_.nickname as nickname7_7_0_,
        user0_.password as password8_7_0_,
        user0_.phone_number as phone_nu9_7_0_,
        user0_.role as role10_7_0_,
        user0_.status as status11_7_0_,
        user0_.updated_at as updated12_7_0_,
        user0_.username as usernam13_7_0_ 
    from
        users user0_ 
    where
        user0_.id=?
2026-04-28 14:39:47.314 DEBUG 53092 --- [nio-8080-exec-1] org.hibernate.SQL                        : 
    select
        user0_.id as id1_7_0_,
        user0_.avatar as avatar2_7_0_,
        user0_.created_at as created_3_7_0_,
        user0_.credit_score as credit_s4_7_0_,
        user0_.email as email5_7_0_,
        user0_.id_card as id_card6_7_0_,
        user0_.nickname as nickname7_7_0_,
        user0_.password as password8_7_0_,
        user0_.phone_number as phone_nu9_7_0_,
        user0_.role as role10_7_0_,
        user0_.status as status11_7_0_,
        user0_.updated_at as updated12_7_0_,
        user0_.username as usernam13_7_0_ 
    from
        users user0_ 
    where
        user0_.id=?
Hibernate: 
    select
        user0_.id as id1_7_0_,
        user0_.avatar as avatar2_7_0_,
        user0_.created_at as created_3_7_0_,
        user0_.credit_score as credit_s4_7_0_,
        user0_.email as email5_7_0_,
        user0_.id_card as id_card6_7_0_,
        user0_.nickname as nickname7_7_0_,
        user0_.password as password8_7_0_,
        user0_.phone_number as phone_nu9_7_0_,
        user0_.role as role10_7_0_,
        user0_.status as status11_7_0_,
        user0_.updated_at as updated12_7_0_,
        user0_.username as usernam13_7_0_ 
    from
        users user0_ 
    where
        user0_.id=?
2026-04-28 14:39:47.315 DEBUG 53092 --- [nio-8080-exec-1] org.hibernate.SQL                        : 
    select
        user0_.id as id1_7_0_,
        user0_.avatar as avatar2_7_0_,
        user0_.created_at as created_3_7_0_,
        user0_.credit_score as credit_s4_7_0_,
        user0_.email as email5_7_0_,
        user0_.id_card as id_card6_7_0_,
        user0_.nickname as nickname7_7_0_,
        user0_.password as password8_7_0_,
        user0_.phone_number as phone_nu9_7_0_,
        user0_.role as role10_7_0_,
        user0_.status as status11_7_0_,
        user0_.updated_at as updated12_7_0_,
        user0_.username as usernam13_7_0_ 
    from
        users user0_ 
    where
        user0_.id=?
Hibernate: 
    select
        user0_.id as id1_7_0_,
        user0_.avatar as avatar2_7_0_,
        user0_.created_at as created_3_7_0_,
        user0_.credit_score as credit_s4_7_0_,
        user0_.email as email5_7_0_,
        user0_.id_card as id_card6_7_0_,
        user0_.nickname as nickname7_7_0_,
        user0_.password as password8_7_0_,
        user0_.phone_number as phone_nu9_7_0_,
        user0_.role as role10_7_0_,
        user0_.status as status11_7_0_,
        user0_.updated_at as updated12_7_0_,
        user0_.username as usernam13_7_0_ 
    from
        users user0_ 
    where
        user0_.id=?
2026-04-28 14:39:47.649 DEBUG 53092 --- [nio-8080-exec-4] org.hibernate.SQL                        : 
    select
        user0_.id as id1_7_0_,
        user0_.avatar as avatar2_7_0_,
        user0_.created_at as created_3_7_0_,
        user0_.credit_score as credit_s4_7_0_,
        user0_.email as email5_7_0_,
        user0_.id_card as id_card6_7_0_,
        user0_.nickname as nickname7_7_0_,
        user0_.password as password8_7_0_,
        user0_.phone_number as phone_nu9_7_0_,
        user0_.role as role10_7_0_,
        user0_.status as status11_7_0_,
        user0_.updated_at as updated12_7_0_,
        user0_.username as usernam13_7_0_ 
    from
        users user0_ 
    where
        user0_.id=?
Hibernate: 
    select
        user0_.id as id1_7_0_,
        user0_.avatar as avatar2_7_0_,
        user0_.created_at as created_3_7_0_,
        user0_.credit_score as credit_s4_7_0_,
        user0_.email as email5_7_0_,
        user0_.id_card as id_card6_7_0_,
        user0_.nickname as nickname7_7_0_,
        user0_.password as password8_7_0_,
        user0_.phone_number as phone_nu9_7_0_,
        user0_.role as role10_7_0_,
        user0_.status as status11_7_0_,
        user0_.updated_at as updated12_7_0_,
        user0_.username as usernam13_7_0_ 
    from
        users user0_ 
    where
        user0_.id=?
2026-04-28 14:39:47.651 DEBUG 53092 --- [nio-8080-exec-4] org.hibernate.SQL                        : 
    select
        product0_.id as id1_5_,
        product0_.category_id as categor14_5_,
        product0_.condition_level as conditio2_5_,
        product0_.created_at as created_3_5_,
        product0_.description as descript4_5_,
        product0_.image_url as image_ur5_5_,
        product0_.location as location6_5_,
        product0_.name as name7_5_,
        product0_.original_price as original8_5_,
        product0_.price as price9_5_,
        product0_.reject_reason as reject_10_5_,
        product0_.seller_id as seller_15_5_,
        product0_.status as status11_5_,
        product0_.updated_at as updated12_5_,
        product0_.view_count as view_co13_5_ 
    from
        products product0_ 
    left outer join
        categories category1_ 
            on product0_.category_id=category1_.id 
    where
        category1_.id=? 
        and product0_.status=? 
    order by
        product0_.created_at desc limit ?
Hibernate: 
    select
        product0_.id as id1_5_,
        product0_.category_id as categor14_5_,
        product0_.condition_level as conditio2_5_,
        product0_.created_at as created_3_5_,
        product0_.description as descript4_5_,
        product0_.image_url as image_ur5_5_,
        product0_.location as location6_5_,
        product0_.name as name7_5_,
        product0_.original_price as original8_5_,
        product0_.price as price9_5_,
        product0_.reject_reason as reject_10_5_,
        product0_.seller_id as seller_15_5_,
        product0_.status as status11_5_,
        product0_.updated_at as updated12_5_,
        product0_.view_count as view_co13_5_ 
    from
        products product0_ 
    left outer join
        categories category1_ 
            on product0_.category_id=category1_.id 
    where
        category1_.id=? 
        and product0_.status=? 
    order by
        product0_.created_at desc limit ?
2026-04-28 14:39:47.653 DEBUG 53092 --- [nio-8080-exec-4] org.hibernate.SQL                        : 
    select
        user0_.id as id1_7_0_,
        user0_.avatar as avatar2_7_0_,
        user0_.created_at as created_3_7_0_,
        user0_.credit_score as credit_s4_7_0_,
        user0_.email as email5_7_0_,
        user0_.id_card as id_card6_7_0_,
        user0_.nickname as nickname7_7_0_,
        user0_.password as password8_7_0_,
        user0_.phone_number as phone_nu9_7_0_,
        user0_.role as role10_7_0_,
        user0_.status as status11_7_0_,
        user0_.updated_at as updated12_7_0_,
        user0_.username as usernam13_7_0_ 
    from
        users user0_ 
    where
        user0_.id=?
Hibernate: 
    select
        user0_.id as id1_7_0_,
        user0_.avatar as avatar2_7_0_,
        user0_.created_at as created_3_7_0_,
        user0_.credit_score as credit_s4_7_0_,
        user0_.email as email5_7_0_,
        user0_.id_card as id_card6_7_0_,
        user0_.nickname as nickname7_7_0_,
        user0_.password as password8_7_0_,
        user0_.phone_number as phone_nu9_7_0_,
        user0_.role as role10_7_0_,
        user0_.status as status11_7_0_,
        user0_.updated_at as updated12_7_0_,
        user0_.username as usernam13_7_0_ 
    from
        users user0_ 
    where
        user0_.id=?
2026-04-28 14:39:47.653 DEBUG 53092 --- [nio-8080-exec-4] org.hibernate.SQL                        : 
    select
        user0_.id as id1_7_0_,
        user0_.avatar as avatar2_7_0_,
        user0_.created_at as created_3_7_0_,
        user0_.credit_score as credit_s4_7_0_,
        user0_.email as email5_7_0_,
        user0_.id_card as id_card6_7_0_,
        user0_.nickname as nickname7_7_0_,
        user0_.password as password8_7_0_,
        user0_.phone_number as phone_nu9_7_0_,
        user0_.role as role10_7_0_,
        user0_.status as status11_7_0_,
        user0_.updated_at as updated12_7_0_,
        user0_.username as usernam13_7_0_ 
    from
        users user0_ 
    where
        user0_.id=?
Hibernate: 
    select
        user0_.id as id1_7_0_,
        user0_.avatar as avatar2_7_0_,
        user0_.created_at as created_3_7_0_,
        user0_.credit_score as credit_s4_7_0_,
        user0_.email as email5_7_0_,
        user0_.id_card as id_card6_7_0_,
        user0_.nickname as nickname7_7_0_,
        user0_.password as password8_7_0_,
        user0_.phone_number as phone_nu9_7_0_,
        user0_.role as role10_7_0_,
        user0_.status as status11_7_0_,
        user0_.updated_at as updated12_7_0_,
        user0_.username as usernam13_7_0_ 
    from
        users user0_ 
    where
        user0_.id=?
2026-04-28 14:39:47.958 DEBUG 53092 --- [nio-8080-exec-3] org.hibernate.SQL                        : 
    select
        user0_.id as id1_7_0_,
        user0_.avatar as avatar2_7_0_,
        user0_.created_at as created_3_7_0_,
        user0_.credit_score as credit_s4_7_0_,
        user0_.email as email5_7_0_,
        user0_.id_card as id_card6_7_0_,
        user0_.nickname as nickname7_7_0_,
        user0_.password as password8_7_0_,
        user0_.phone_number as phone_nu9_7_0_,
        user0_.role as role10_7_0_,
        user0_.status as status11_7_0_,
        user0_.updated_at as updated12_7_0_,
        user0_.username as usernam13_7_0_ 
    from
        users user0_ 
    where
        user0_.id=?
Hibernate: 
    select
        user0_.id as id1_7_0_,
        user0_.avatar as avatar2_7_0_,
        user0_.created_at as created_3_7_0_,
        user0_.credit_score as credit_s4_7_0_,
        user0_.email as email5_7_0_,
        user0_.id_card as id_card6_7_0_,
        user0_.nickname as nickname7_7_0_,
        user0_.password as password8_7_0_,
        user0_.phone_number as phone_nu9_7_0_,
        user0_.role as role10_7_0_,
        user0_.status as status11_7_0_,
        user0_.updated_at as updated12_7_0_,
        user0_.username as usernam13_7_0_ 
    from
        users user0_ 
    where
        user0_.id=?
2026-04-28 14:39:47.962 DEBUG 53092 --- [nio-8080-exec-3] org.hibernate.SQL                        : 
    select
        product0_.id as id1_5_,
        product0_.category_id as categor14_5_,
        product0_.condition_level as conditio2_5_,
        product0_.created_at as created_3_5_,
        product0_.description as descript4_5_,
        product0_.image_url as image_ur5_5_,
        product0_.location as location6_5_,
        product0_.name as name7_5_,
        product0_.original_price as original8_5_,
        product0_.price as price9_5_,
        product0_.reject_reason as reject_10_5_,
        product0_.seller_id as seller_15_5_,
        product0_.status as status11_5_,
        product0_.updated_at as updated12_5_,
        product0_.view_count as view_co13_5_ 
    from
        products product0_ 
    where
        product0_.status=? 
    order by
        product0_.created_at desc limit ?
Hibernate: 
    select
        product0_.id as id1_5_,
        product0_.category_id as categor14_5_,
        product0_.condition_level as conditio2_5_,
        product0_.created_at as created_3_5_,
        product0_.description as descript4_5_,
        product0_.image_url as image_ur5_5_,
        product0_.location as location6_5_,
        product0_.name as name7_5_,
        product0_.original_price as original8_5_,
        product0_.price as price9_5_,
        product0_.reject_reason as reject_10_5_,
        product0_.seller_id as seller_15_5_,
        product0_.status as status11_5_,
        product0_.updated_at as updated12_5_,
        product0_.view_count as view_co13_5_ 
    from
        products product0_ 
    where
        product0_.status=? 
    order by
        product0_.created_at desc limit ?
2026-04-28 14:39:47.964 DEBUG 53092 --- [nio-8080-exec-3] org.hibernate.SQL                        : 
    select
        count(product0_.id) as col_0_0_ 
    from
        products product0_ 
    where
        product0_.status=?
Hibernate: 
    select
        count(product0_.id) as col_0_0_ 
    from
        products product0_ 
    where
        product0_.status=?
2026-04-28 14:39:47.965 DEBUG 53092 --- [nio-8080-exec-3] org.hibernate.SQL                        : 
    select
        user0_.id as id1_7_0_,
        user0_.avatar as avatar2_7_0_,
        user0_.created_at as created_3_7_0_,
        user0_.credit_score as credit_s4_7_0_,
        user0_.email as email5_7_0_,
        user0_.id_card as id_card6_7_0_,
        user0_.nickname as nickname7_7_0_,
        user0_.password as password8_7_0_,
        user0_.phone_number as phone_nu9_7_0_,
        user0_.role as role10_7_0_,
        user0_.status as status11_7_0_,
        user0_.updated_at as updated12_7_0_,
        user0_.username as usernam13_7_0_ 
    from
        users user0_ 
    where
        user0_.id=?
Hibernate: 
    select
        user0_.id as id1_7_0_,
        user0_.avatar as avatar2_7_0_,
        user0_.created_at as created_3_7_0_,
        user0_.credit_score as credit_s4_7_0_,
        user0_.email as email5_7_0_,
        user0_.id_card as id_card6_7_0_,
        user0_.nickname as nickname7_7_0_,
        user0_.password as password8_7_0_,
        user0_.phone_number as phone_nu9_7_0_,
        user0_.role as role10_7_0_,
        user0_.status as status11_7_0_,
        user0_.updated_at as updated12_7_0_,
        user0_.username as usernam13_7_0_ 
    from
        users user0_ 
    where
        user0_.id=?
2026-04-28 14:39:47.966 DEBUG 53092 --- [nio-8080-exec-3] org.hibernate.SQL                        : 
    select
        user0_.id as id1_7_0_,
        user0_.avatar as avatar2_7_0_,
        user0_.created_at as created_3_7_0_,
        user0_.credit_score as credit_s4_7_0_,
        user0_.email as email5_7_0_,
        user0_.id_card as id_card6_7_0_,
        user0_.nickname as nickname7_7_0_,
        user0_.password as password8_7_0_,
        user0_.phone_number as phone_nu9_7_0_,
        user0_.role as role10_7_0_,
        user0_.status as status11_7_0_,
        user0_.updated_at as updated12_7_0_,
        user0_.username as usernam13_7_0_ 
    from
        users user0_ 
    where
        user0_.id=?
Hibernate: 
    select
        user0_.id as id1_7_0_,
        user0_.avatar as avatar2_7_0_,
        user0_.created_at as created_3_7_0_,
        user0_.credit_score as credit_s4_7_0_,
        user0_.email as email5_7_0_,
        user0_.id_card as id_card6_7_0_,
        user0_.nickname as nickname7_7_0_,
        user0_.password as password8_7_0_,
        user0_.phone_number as phone_nu9_7_0_,
        user0_.role as role10_7_0_,
        user0_.status as status11_7_0_,
        user0_.updated_at as updated12_7_0_,
        user0_.username as usernam13_7_0_ 
    from
        users user0_ 
    where
        user0_.id=?
2026-04-28 14:39:47.967 DEBUG 53092 --- [nio-8080-exec-3] org.hibernate.SQL                        : 
    select
        user0_.id as id1_7_0_,
        user0_.avatar as avatar2_7_0_,
        user0_.created_at as created_3_7_0_,
        user0_.credit_score as credit_s4_7_0_,
        user0_.email as email5_7_0_,
        user0_.id_card as id_card6_7_0_,
        user0_.nickname as nickname7_7_0_,
        user0_.password as password8_7_0_,
        user0_.phone_number as phone_nu9_7_0_,
        user0_.role as role10_7_0_,
        user0_.status as status11_7_0_,
        user0_.updated_at as updated12_7_0_,
        user0_.username as usernam13_7_0_ 
    from
        users user0_ 
    where
        user0_.id=?
Hibernate: 
    select
        user0_.id as id1_7_0_,
        user0_.avatar as avatar2_7_0_,
        user0_.created_at as created_3_7_0_,
        user0_.credit_score as credit_s4_7_0_,
        user0_.email as email5_7_0_,
        user0_.id_card as id_card6_7_0_,
        user0_.nickname as nickname7_7_0_,
        user0_.password as password8_7_0_,
        user0_.phone_number as phone_nu9_7_0_,
        user0_.role as role10_7_0_,
        user0_.status as status11_7_0_,
        user0_.updated_at as updated12_7_0_,
        user0_.username as usernam13_7_0_ 
    from
        users user0_ 
    where
        user0_.id=?
2026-04-28 14:39:47.967 DEBUG 53092 --- [nio-8080-exec-3] org.hibernate.SQL                        : 
    select
        user0_.id as id1_7_0_,
        user0_.avatar as avatar2_7_0_,
        user0_.created_at as created_3_7_0_,
        user0_.credit_score as credit_s4_7_0_,
        user0_.email as email5_7_0_,
        user0_.id_card as id_card6_7_0_,
        user0_.nickname as nickname7_7_0_,
        user0_.password as password8_7_0_,
        user0_.phone_number as phone_nu9_7_0_,
        user0_.role as role10_7_0_,
        user0_.status as status11_7_0_,
        user0_.updated_at as updated12_7_0_,
        user0_.username as usernam13_7_0_ 
    from
        users user0_ 
    where
        user0_.id=?
Hibernate: 
    select
        user0_.id as id1_7_0_,
        user0_.avatar as avatar2_7_0_,
        user0_.created_at as created_3_7_0_,
        user0_.credit_score as credit_s4_7_0_,
        user0_.email as email5_7_0_,
        user0_.id_card as id_card6_7_0_,
        user0_.nickname as nickname7_7_0_,
        user0_.password as password8_7_0_,
        user0_.phone_number as phone_nu9_7_0_,
        user0_.role as role10_7_0_,
        user0_.status as status11_7_0_,
        user0_.updated_at as updated12_7_0_,
        user0_.username as usernam13_7_0_ 
    from
        users user0_ 
    where
        user0_.id=?
2026-04-28 14:39:47.968 DEBUG 53092 --- [nio-8080-exec-3] org.hibernate.SQL                        : 
    select
        user0_.id as id1_7_0_,
        user0_.avatar as avatar2_7_0_,
        user0_.created_at as created_3_7_0_,
        user0_.credit_score as credit_s4_7_0_,
        user0_.email as email5_7_0_,
        user0_.id_card as id_card6_7_0_,
        user0_.nickname as nickname7_7_0_,
        user0_.password as password8_7_0_,
        user0_.phone_number as phone_nu9_7_0_,
        user0_.role as role10_7_0_,
        user0_.status as status11_7_0_,
        user0_.updated_at as updated12_7_0_,
        user0_.username as usernam13_7_0_ 
    from
        users user0_ 
    where
        user0_.id=?
Hibernate: 
    select
        user0_.id as id1_7_0_,
        user0_.avatar as avatar2_7_0_,
        user0_.created_at as created_3_7_0_,
        user0_.credit_score as credit_s4_7_0_,
        user0_.email as email5_7_0_,
        user0_.id_card as id_card6_7_0_,
        user0_.nickname as nickname7_7_0_,
        user0_.password as password8_7_0_,
        user0_.phone_number as phone_nu9_7_0_,
        user0_.role as role10_7_0_,
        user0_.status as status11_7_0_,
        user0_.updated_at as updated12_7_0_,
        user0_.username as usernam13_7_0_ 
    from
        users user0_ 
    where
        user0_.id=?
2026-04-28 14:39:55.883 DEBUG 53092 --- [nio-8080-exec-5] org.hibernate.SQL                        : 
    select
        user0_.id as id1_7_0_,
        user0_.avatar as avatar2_7_0_,
        user0_.created_at as created_3_7_0_,
        user0_.credit_score as credit_s4_7_0_,
        user0_.email as email5_7_0_,
        user0_.id_card as id_card6_7_0_,
        user0_.nickname as nickname7_7_0_,
        user0_.password as password8_7_0_,
        user0_.phone_number as phone_nu9_7_0_,
        user0_.role as role10_7_0_,
        user0_.status as status11_7_0_,
        user0_.updated_at as updated12_7_0_,
        user0_.username as usernam13_7_0_ 
    from
        users user0_ 
    where
        user0_.id=?
Hibernate: 
    select
        user0_.id as id1_7_0_,
        user0_.avatar as avatar2_7_0_,
        user0_.created_at as created_3_7_0_,
        user0_.credit_score as credit_s4_7_0_,
        user0_.email as email5_7_0_,
        user0_.id_card as id_card6_7_0_,
        user0_.nickname as nickname7_7_0_,
        user0_.password as password8_7_0_,
        user0_.phone_number as phone_nu9_7_0_,
        user0_.role as role10_7_0_,
        user0_.status as status11_7_0_,
        user0_.updated_at as updated12_7_0_,
        user0_.username as usernam13_7_0_ 
    from
        users user0_ 
    where
        user0_.id=?
2026-04-28 14:39:55.886 DEBUG 53092 --- [nio-8080-exec-5] org.hibernate.SQL                        : 
    select
        count(message0_.id) as col_0_0_ 
    from
        messages message0_ 
    where
        message0_.receiver_id=? 
        and message0_.is_read=0
Hibernate: 
    select
        count(message0_.id) as col_0_0_ 
    from
        messages message0_ 
    where
        message0_.receiver_id=? 
        and message0_.is_read=0
2026-04-28 14:40:10.889 DEBUG 53092 --- [nio-8080-exec-2] org.hibernate.SQL                        : 
    select
        user0_.id as id1_7_0_,
        user0_.avatar as avatar2_7_0_,
        user0_.created_at as created_3_7_0_,
        user0_.credit_score as credit_s4_7_0_,
        user0_.email as email5_7_0_,
        user0_.id_card as id_card6_7_0_,
        user0_.nickname as nickname7_7_0_,
        user0_.password as password8_7_0_,
        user0_.phone_number as phone_nu9_7_0_,
        user0_.role as role10_7_0_,
        user0_.status as status11_7_0_,
        user0_.updated_at as updated12_7_0_,
        user0_.username as usernam13_7_0_ 
    from
        users user0_ 
    where
        user0_.id=?
Hibernate: 
    select
        user0_.id as id1_7_0_,
        user0_.avatar as avatar2_7_0_,
        user0_.created_at as created_3_7_0_,
        user0_.credit_score as credit_s4_7_0_,
        user0_.email as email5_7_0_,
        user0_.id_card as id_card6_7_0_,
        user0_.nickname as nickname7_7_0_,
        user0_.password as password8_7_0_,
        user0_.phone_number as phone_nu9_7_0_,
        user0_.role as role10_7_0_,
        user0_.status as status11_7_0_,
        user0_.updated_at as updated12_7_0_,
        user0_.username as usernam13_7_0_ 
    from
        users user0_ 
    where
        user0_.id=?
2026-04-28 14:40:10.891 DEBUG 53092 --- [nio-8080-exec-2] org.hibernate.SQL                        : 
    select
        count(message0_.id) as col_0_0_ 
    from
        messages message0_ 
    where
        message0_.receiver_id=? 
        and message0_.is_read=0
Hibernate: 
    select
        count(message0_.id) as col_0_0_ 
    from
        messages message0_ 
    where
        message0_.receiver_id=? 
        and message0_.is_read=0
2026-04-28 14:40:25.884 DEBUG 53092 --- [nio-8080-exec-1] org.hibernate.SQL                        : 
    select
        user0_.id as id1_7_0_,
        user0_.avatar as avatar2_7_0_,
        user0_.created_at as created_3_7_0_,
        user0_.credit_score as credit_s4_7_0_,
        user0_.email as email5_7_0_,
        user0_.id_card as id_card6_7_0_,
        user0_.nickname as nickname7_7_0_,
        user0_.password as password8_7_0_,
        user0_.phone_number as phone_nu9_7_0_,
        user0_.role as role10_7_0_,
        user0_.status as status11_7_0_,
        user0_.updated_at as updated12_7_0_,
        user0_.username as usernam13_7_0_ 
    from
        users user0_ 
    where
        user0_.id=?
Hibernate: 
    select
        user0_.id as id1_7_0_,
        user0_.avatar as avatar2_7_0_,
        user0_.created_at as created_3_7_0_,
        user0_.credit_score as credit_s4_7_0_,
        user0_.email as email5_7_0_,
        user0_.id_card as id_card6_7_0_,
        user0_.nickname as nickname7_7_0_,
        user0_.password as password8_7_0_,
        user0_.phone_number as phone_nu9_7_0_,
        user0_.role as role10_7_0_,
        user0_.status as status11_7_0_,
        user0_.updated_at as updated12_7_0_,
        user0_.username as usernam13_7_0_ 
    from
        users user0_ 
    where
        user0_.id=?
2026-04-28 14:40:25.885 DEBUG 53092 --- [nio-8080-exec-1] org.hibernate.SQL                        : 
    select
        count(message0_.id) as col_0_0_ 
    from
        messages message0_ 
    where
        message0_.receiver_id=? 
        and message0_.is_read=0
Hibernate: 
    select
        count(message0_.id) as col_0_0_ 
    from
        messages message0_ 
    where
        message0_.receiver_id=? 
        and message0_.is_read=0
2026-04-28 14:40:34.137 DEBUG 53092 --- [   scheduling-1] org.hibernate.SQL                        : 
    select
        order0_.id as id1_3_,
        order0_.buyer_id as buyer_i15_3_,
        order0_.created_at as created_2_3_,
        order0_.order_no as order_no3_3_,
        order0_.payment_time as payment_4_3_,
        order0_.price as price5_3_,
        order0_.product_id as product16_3_,
        order0_.receive_time as receive_6_3_,
        order0_.seller_id as seller_17_3_,
        order0_.ship_time as ship_tim7_3_,
        order0_.shipping_address as shipping8_3_,
        order0_.shipping_name as shipping9_3_,
        order0_.shipping_phone as shippin10_3_,
        order0_.status as status11_3_,
        order0_.tracking_company as trackin12_3_,
        order0_.tracking_number as trackin13_3_,
        order0_.updated_at as updated14_3_ 
    from
        orders order0_ 
    where
        order0_.status='PENDING' 
        and order0_.created_at<?
Hibernate: 
    select
        order0_.id as id1_3_,
        order0_.buyer_id as buyer_i15_3_,
        order0_.created_at as created_2_3_,
        order0_.order_no as order_no3_3_,
        order0_.payment_time as payment_4_3_,
        order0_.price as price5_3_,
        order0_.product_id as product16_3_,
        order0_.receive_time as receive_6_3_,
        order0_.seller_id as seller_17_3_,
        order0_.ship_time as ship_tim7_3_,
        order0_.shipping_address as shipping8_3_,
        order0_.shipping_name as shipping9_3_,
        order0_.shipping_phone as shippin10_3_,
        order0_.status as status11_3_,
        order0_.tracking_company as trackin12_3_,
        order0_.tracking_number as trackin13_3_,
        order0_.updated_at as updated14_3_ 
    from
        orders order0_ 
    where
        order0_.status='PENDING' 
        and order0_.created_at<?
2026-04-28 14:40:40.891 DEBUG 53092 --- [nio-8080-exec-3] org.hibernate.SQL                        : 
    select
        user0_.id as id1_7_0_,
        user0_.avatar as avatar2_7_0_,
        user0_.created_at as created_3_7_0_,
        user0_.credit_score as credit_s4_7_0_,
        user0_.email as email5_7_0_,
        user0_.id_card as id_card6_7_0_,
        user0_.nickname as nickname7_7_0_,
        user0_.password as password8_7_0_,
        user0_.phone_number as phone_nu9_7_0_,
        user0_.role as role10_7_0_,
        user0_.status as status11_7_0_,
        user0_.updated_at as updated12_7_0_,
        user0_.username as usernam13_7_0_ 
    from
        users user0_ 
    where
        user0_.id=?
Hibernate: 
    select
        user0_.id as id1_7_0_,
        user0_.avatar as avatar2_7_0_,
        user0_.created_at as created_3_7_0_,
        user0_.credit_score as credit_s4_7_0_,
        user0_.email as email5_7_0_,
        user0_.id_card as id_card6_7_0_,
        user0_.nickname as nickname7_7_0_,
        user0_.password as password8_7_0_,
        user0_.phone_number as phone_nu9_7_0_,
        user0_.role as role10_7_0_,
        user0_.status as status11_7_0_,
        user0_.updated_at as updated12_7_0_,
        user0_.username as usernam13_7_0_ 
    from
        users user0_ 
    where
        user0_.id=?
2026-04-28 14:40:40.893 DEBUG 53092 --- [nio-8080-exec-3] org.hibernate.SQL                        : 
    select
        count(message0_.id) as col_0_0_ 
    from
        messages message0_ 
    where
        message0_.receiver_id=? 
        and message0_.is_read=0
Hibernate: 
    select
        count(message0_.id) as col_0_0_ 
    from
        messages message0_ 
    where
        message0_.receiver_id=? 
        and message0_.is_read=0
2026-04-28 14:40:55.882 DEBUG 53092 --- [nio-8080-exec-5] org.hibernate.SQL                        : 
    select
        user0_.id as id1_7_0_,
        user0_.avatar as avatar2_7_0_,
        user0_.created_at as created_3_7_0_,
        user0_.credit_score as credit_s4_7_0_,
        user0_.email as email5_7_0_,
        user0_.id_card as id_card6_7_0_,
        user0_.nickname as nickname7_7_0_,
        user0_.password as password8_7_0_,
        user0_.phone_number as phone_nu9_7_0_,
        user0_.role as role10_7_0_,
        user0_.status as status11_7_0_,
        user0_.updated_at as updated12_7_0_,
        user0_.username as usernam13_7_0_ 
    from
        users user0_ 
    where
        user0_.id=?
Hibernate: 
    select
        user0_.id as id1_7_0_,
        user0_.avatar as avatar2_7_0_,
        user0_.created_at as created_3_7_0_,
        user0_.credit_score as credit_s4_7_0_,
        user0_.email as email5_7_0_,
        user0_.id_card as id_card6_7_0_,
        user0_.nickname as nickname7_7_0_,
        user0_.password as password8_7_0_,
        user0_.phone_number as phone_nu9_7_0_,
        user0_.role as role10_7_0_,
        user0_.status as status11_7_0_,
        user0_.updated_at as updated12_7_0_,
        user0_.username as usernam13_7_0_ 
    from
        users user0_ 
    where
        user0_.id=?
2026-04-28 14:40:55.883 DEBUG 53092 --- [nio-8080-exec-5] org.hibernate.SQL                        : 
    select
        count(message0_.id) as col_0_0_ 
    from
        messages message0_ 
    where
        message0_.receiver_id=? 
        and message0_.is_read=0
Hibernate: 
    select
        count(message0_.id) as col_0_0_ 
    from
        messages message0_ 
    where
        message0_.receiver_id=? 
        and message0_.is_read=0
2026-04-28 14:41:10.891 DEBUG 53092 --- [nio-8080-exec-2] org.hibernate.SQL                        : 
    select
        user0_.id as id1_7_0_,
        user0_.avatar as avatar2_7_0_,
        user0_.created_at as created_3_7_0_,
        user0_.credit_score as credit_s4_7_0_,
        user0_.email as email5_7_0_,
        user0_.id_card as id_card6_7_0_,
        user0_.nickname as nickname7_7_0_,
        user0_.password as password8_7_0_,
        user0_.phone_number as phone_nu9_7_0_,
        user0_.role as role10_7_0_,
        user0_.status as status11_7_0_,
        user0_.updated_at as updated12_7_0_,
        user0_.username as usernam13_7_0_ 
    from
        users user0_ 
    where
        user0_.id=?
Hibernate: 
    select
        user0_.id as id1_7_0_,
        user0_.avatar as avatar2_7_0_,
        user0_.created_at as created_3_7_0_,
        user0_.credit_score as credit_s4_7_0_,
        user0_.email as email5_7_0_,
        user0_.id_card as id_card6_7_0_,
        user0_.nickname as nickname7_7_0_,
        user0_.password as password8_7_0_,
        user0_.phone_number as phone_nu9_7_0_,
        user0_.role as role10_7_0_,
        user0_.status as status11_7_0_,
        user0_.updated_at as updated12_7_0_,
        user0_.username as usernam13_7_0_ 
    from
        users user0_ 
    where
        user0_.id=?
2026-04-28 14:41:10.892 DEBUG 53092 --- [nio-8080-exec-2] org.hibernate.SQL                        : 
    select
        count(message0_.id) as col_0_0_ 
    from
        messages message0_ 
    where
        message0_.receiver_id=? 
        and message0_.is_read=0
Hibernate: 
    select
        count(message0_.id) as col_0_0_ 
    from
        messages message0_ 
    where
        message0_.receiver_id=? 
        and message0_.is_read=0
2026-04-28 14:41:25.883 DEBUG 53092 --- [nio-8080-exec-1] org.hibernate.SQL                        : 
    select
        user0_.id as id1_7_0_,
        user0_.avatar as avatar2_7_0_,
        user0_.created_at as created_3_7_0_,
        user0_.credit_score as credit_s4_7_0_,
        user0_.email as email5_7_0_,
        user0_.id_card as id_card6_7_0_,
        user0_.nickname as nickname7_7_0_,
        user0_.password as password8_7_0_,
        user0_.phone_number as phone_nu9_7_0_,
        user0_.role as role10_7_0_,
        user0_.status as status11_7_0_,
        user0_.updated_at as updated12_7_0_,
        user0_.username as usernam13_7_0_ 
    from
        users user0_ 
    where
        user0_.id=?
Hibernate: 
    select
        user0_.id as id1_7_0_,
        user0_.avatar as avatar2_7_0_,
        user0_.created_at as created_3_7_0_,
        user0_.credit_score as credit_s4_7_0_,
        user0_.email as email5_7_0_,
        user0_.id_card as id_card6_7_0_,
        user0_.nickname as nickname7_7_0_,
        user0_.password as password8_7_0_,
        user0_.phone_number as phone_nu9_7_0_,
        user0_.role as role10_7_0_,
        user0_.status as status11_7_0_,
        user0_.updated_at as updated12_7_0_,
        user0_.username as usernam13_7_0_ 
    from
        users user0_ 
    where
        user0_.id=?
2026-04-28 14:41:25.885 DEBUG 53092 --- [nio-8080-exec-1] org.hibernate.SQL                        : 
    select
        count(message0_.id) as col_0_0_ 
    from
        messages message0_ 
    where
        message0_.receiver_id=? 
        and message0_.is_read=0
Hibernate: 
    select
        count(message0_.id) as col_0_0_ 
    from
        messages message0_ 
    where
        message0_.receiver_id=? 
        and message0_.is_read=0
2026-04-28 14:41:34.153 DEBUG 53092 --- [   scheduling-1] org.hibernate.SQL                        : 
    select
        order0_.id as id1_3_,
        order0_.buyer_id as buyer_i15_3_,
        order0_.created_at as created_2_3_,
        order0_.order_no as order_no3_3_,
        order0_.payment_time as payment_4_3_,
        order0_.price as price5_3_,
        order0_.product_id as product16_3_,
        order0_.receive_time as receive_6_3_,
        order0_.seller_id as seller_17_3_,
        order0_.ship_time as ship_tim7_3_,
        order0_.shipping_address as shipping8_3_,
        order0_.shipping_name as shipping9_3_,
        order0_.shipping_phone as shippin10_3_,
        order0_.status as status11_3_,
        order0_.tracking_company as trackin12_3_,
        order0_.tracking_number as trackin13_3_,
        order0_.updated_at as updated14_3_ 
    from
        orders order0_ 
    where
        order0_.status='PENDING' 
        and order0_.created_at<?
Hibernate: 
    select
        order0_.id as id1_3_,
        order0_.buyer_id as buyer_i15_3_,
        order0_.created_at as created_2_3_,
        order0_.order_no as order_no3_3_,
        order0_.payment_time as payment_4_3_,
        order0_.price as price5_3_,
        order0_.product_id as product16_3_,
        order0_.receive_time as receive_6_3_,
        order0_.seller_id as seller_17_3_,
        order0_.ship_time as ship_tim7_3_,
        order0_.shipping_address as shipping8_3_,
        order0_.shipping_name as shipping9_3_,
        order0_.shipping_phone as shippin10_3_,
        order0_.status as status11_3_,
        order0_.tracking_company as trackin12_3_,
        order0_.tracking_number as trackin13_3_,
        order0_.updated_at as updated14_3_ 
    from
        orders order0_ 
    where
        order0_.status='PENDING' 
        and order0_.created_at<?
2026-04-28 14:41:40.892 DEBUG 53092 --- [nio-8080-exec-4] org.hibernate.SQL                        : 
    select
        user0_.id as id1_7_0_,
        user0_.avatar as avatar2_7_0_,
        user0_.created_at as created_3_7_0_,
        user0_.credit_score as credit_s4_7_0_,
        user0_.email as email5_7_0_,
        user0_.id_card as id_card6_7_0_,
        user0_.nickname as nickname7_7_0_,
        user0_.password as password8_7_0_,
        user0_.phone_number as phone_nu9_7_0_,
        user0_.role as role10_7_0_,
        user0_.status as status11_7_0_,
        user0_.updated_at as updated12_7_0_,
        user0_.username as usernam13_7_0_ 
    from
        users user0_ 
    where
        user0_.id=?
Hibernate: 
    select
        user0_.id as id1_7_0_,
        user0_.avatar as avatar2_7_0_,
        user0_.created_at as created_3_7_0_,
        user0_.credit_score as credit_s4_7_0_,
        user0_.email as email5_7_0_,
        user0_.id_card as id_card6_7_0_,
        user0_.nickname as nickname7_7_0_,
        user0_.password as password8_7_0_,
        user0_.phone_number as phone_nu9_7_0_,
        user0_.role as role10_7_0_,
        user0_.status as status11_7_0_,
        user0_.updated_at as updated12_7_0_,
        user0_.username as usernam13_7_0_ 
    from
        users user0_ 
    where
        user0_.id=?
2026-04-28 14:41:40.894 DEBUG 53092 --- [nio-8080-exec-4] org.hibernate.SQL                        : 
    select
        count(message0_.id) as col_0_0_ 
    from
        messages message0_ 
    where
        message0_.receiver_id=? 
        and message0_.is_read=0
Hibernate: 
    select
        count(message0_.id) as col_0_0_ 
    from
        messages message0_ 
    where
        message0_.receiver_id=? 
        and message0_.is_read=0
2026-04-28 14:41:55.882 DEBUG 53092 --- [nio-8080-exec-3] org.hibernate.SQL                        : 
    select
        user0_.id as id1_7_0_,
        user0_.avatar as avatar2_7_0_,
        user0_.created_at as created_3_7_0_,
        user0_.credit_score as credit_s4_7_0_,
        user0_.email as email5_7_0_,
        user0_.id_card as id_card6_7_0_,
        user0_.nickname as nickname7_7_0_,
        user0_.password as password8_7_0_,
        user0_.phone_number as phone_nu9_7_0_,
        user0_.role as role10_7_0_,
        user0_.status as status11_7_0_,
        user0_.updated_at as updated12_7_0_,
        user0_.username as usernam13_7_0_ 
    from
        users user0_ 
    where
        user0_.id=?
Hibernate: 
    select
        user0_.id as id1_7_0_,
        user0_.avatar as avatar2_7_0_,
        user0_.created_at as created_3_7_0_,
        user0_.credit_score as credit_s4_7_0_,
        user0_.email as email5_7_0_,
        user0_.id_card as id_card6_7_0_,
        user0_.nickname as nickname7_7_0_,
        user0_.password as password8_7_0_,
        user0_.phone_number as phone_nu9_7_0_,
        user0_.role as role10_7_0_,
        user0_.status as status11_7_0_,
        user0_.updated_at as updated12_7_0_,
        user0_.username as usernam13_7_0_ 
    from
        users user0_ 
    where
        user0_.id=?
2026-04-28 14:41:55.884 DEBUG 53092 --- [nio-8080-exec-3] org.hibernate.SQL                        : 
    select
        count(message0_.id) as col_0_0_ 
    from
        messages message0_ 
    where
        message0_.receiver_id=? 
        and message0_.is_read=0
Hibernate: 
    select
        count(message0_.id) as col_0_0_ 
    from
        messages message0_ 
    where
        message0_.receiver_id=? 
        and message0_.is_read=0
2026-04-28 14:42:11.109 DEBUG 53092 --- [nio-8080-exec-5] org.hibernate.SQL                        : 
    select
        user0_.id as id1_7_0_,
        user0_.avatar as avatar2_7_0_,
        user0_.created_at as created_3_7_0_,
        user0_.credit_score as credit_s4_7_0_,
        user0_.email as email5_7_0_,
        user0_.id_card as id_card6_7_0_,
        user0_.nickname as nickname7_7_0_,
        user0_.password as password8_7_0_,
        user0_.phone_number as phone_nu9_7_0_,
        user0_.role as role10_7_0_,
        user0_.status as status11_7_0_,
        user0_.updated_at as updated12_7_0_,
        user0_.username as usernam13_7_0_ 
    from
        users user0_ 
    where
        user0_.id=?
Hibernate: 
    select
        user0_.id as id1_7_0_,
        user0_.avatar as avatar2_7_0_,
        user0_.created_at as created_3_7_0_,
        user0_.credit_score as credit_s4_7_0_,
        user0_.email as email5_7_0_,
        user0_.id_card as id_card6_7_0_,
        user0_.nickname as nickname7_7_0_,
        user0_.password as password8_7_0_,
        user0_.phone_number as phone_nu9_7_0_,
        user0_.role as role10_7_0_,
        user0_.status as status11_7_0_,
        user0_.updated_at as updated12_7_0_,
        user0_.username as usernam13_7_0_ 
    from
        users user0_ 
    where
        user0_.id=?
2026-04-28 14:42:11.111 DEBUG 53092 --- [nio-8080-exec-5] org.hibernate.SQL                        : 
    select
        count(message0_.id) as col_0_0_ 
    from
        messages message0_ 
    where
        message0_.receiver_id=? 
        and message0_.is_read=0
Hibernate: 
    select
        count(message0_.id) as col_0_0_ 
    from
        messages message0_ 
    where
        message0_.receiver_id=? 
        and message0_.is_read=0
2026-04-28 14:42:26.102 DEBUG 53092 --- [nio-8080-exec-2] org.hibernate.SQL                        : 
    select
        user0_.id as id1_7_0_,
        user0_.avatar as avatar2_7_0_,
        user0_.created_at as created_3_7_0_,
        user0_.credit_score as credit_s4_7_0_,
        user0_.email as email5_7_0_,
        user0_.id_card as id_card6_7_0_,
        user0_.nickname as nickname7_7_0_,
        user0_.password as password8_7_0_,
        user0_.phone_number as phone_nu9_7_0_,
        user0_.role as role10_7_0_,
        user0_.status as status11_7_0_,
        user0_.updated_at as updated12_7_0_,
        user0_.username as usernam13_7_0_ 
    from
        users user0_ 
    where
        user0_.id=?
Hibernate: 
    select
        user0_.id as id1_7_0_,
        user0_.avatar as avatar2_7_0_,
        user0_.created_at as created_3_7_0_,
        user0_.credit_score as credit_s4_7_0_,
        user0_.email as email5_7_0_,
        user0_.id_card as id_card6_7_0_,
        user0_.nickname as nickname7_7_0_,
        user0_.password as password8_7_0_,
        user0_.phone_number as phone_nu9_7_0_,
        user0_.role as role10_7_0_,
        user0_.status as status11_7_0_,
        user0_.updated_at as updated12_7_0_,
        user0_.username as usernam13_7_0_ 
    from
        users user0_ 
    where
        user0_.id=?
2026-04-28 14:42:26.103 DEBUG 53092 --- [nio-8080-exec-2] org.hibernate.SQL                        : 
    select
        count(message0_.id) as col_0_0_ 
    from
        messages message0_ 
    where
        message0_.receiver_id=? 
        and message0_.is_read=0
Hibernate: 
    select
        count(message0_.id) as col_0_0_ 
    from
        messages message0_ 
    where
        message0_.receiver_id=? 
        and message0_.is_read=0
2026-04-28 14:42:34.159 DEBUG 53092 --- [   scheduling-1] org.hibernate.SQL                        : 
    select
        order0_.id as id1_3_,
        order0_.buyer_id as buyer_i15_3_,
        order0_.created_at as created_2_3_,
        order0_.order_no as order_no3_3_,
        order0_.payment_time as payment_4_3_,
        order0_.price as price5_3_,
        order0_.product_id as product16_3_,
        order0_.receive_time as receive_6_3_,
        order0_.seller_id as seller_17_3_,
        order0_.ship_time as ship_tim7_3_,
        order0_.shipping_address as shipping8_3_,
        order0_.shipping_name as shipping9_3_,
        order0_.shipping_phone as shippin10_3_,
        order0_.status as status11_3_,
        order0_.tracking_company as trackin12_3_,
        order0_.tracking_number as trackin13_3_,
        order0_.updated_at as updated14_3_ 
    from
        orders order0_ 
    where
        order0_.status='PENDING' 
        and order0_.created_at<?
Hibernate: 
    select
        order0_.id as id1_3_,
        order0_.buyer_id as buyer_i15_3_,
        order0_.created_at as created_2_3_,
        order0_.order_no as order_no3_3_,
        order0_.payment_time as payment_4_3_,
        order0_.price as price5_3_,
        order0_.product_id as product16_3_,
        order0_.receive_time as receive_6_3_,
        order0_.seller_id as seller_17_3_,
        order0_.ship_time as ship_tim7_3_,
        order0_.shipping_address as shipping8_3_,
        order0_.shipping_name as shipping9_3_,
        order0_.shipping_phone as shippin10_3_,
        order0_.status as status11_3_,
        order0_.tracking_company as trackin12_3_,
        order0_.tracking_number as trackin13_3_,
        order0_.updated_at as updated14_3_ 
    from
        orders order0_ 
    where
        order0_.status='PENDING' 
        and order0_.created_at<?
2026-04-28 14:42:41.103 DEBUG 53092 --- [nio-8080-exec-1] org.hibernate.SQL                        : 
    select
        user0_.id as id1_7_0_,
        user0_.avatar as avatar2_7_0_,
        user0_.created_at as created_3_7_0_,
        user0_.credit_score as credit_s4_7_0_,
        user0_.email as email5_7_0_,
        user0_.id_card as id_card6_7_0_,
        user0_.nickname as nickname7_7_0_,
        user0_.password as password8_7_0_,
        user0_.phone_number as phone_nu9_7_0_,
        user0_.role as role10_7_0_,
        user0_.status as status11_7_0_,
        user0_.updated_at as updated12_7_0_,
        user0_.username as usernam13_7_0_ 
    from
        users user0_ 
    where
        user0_.id=?
Hibernate: 
    select
        user0_.id as id1_7_0_,
        user0_.avatar as avatar2_7_0_,
        user0_.created_at as created_3_7_0_,
        user0_.credit_score as credit_s4_7_0_,
        user0_.email as email5_7_0_,
        user0_.id_card as id_card6_7_0_,
        user0_.nickname as nickname7_7_0_,
        user0_.password as password8_7_0_,
        user0_.phone_number as phone_nu9_7_0_,
        user0_.role as role10_7_0_,
        user0_.status as status11_7_0_,
        user0_.updated_at as updated12_7_0_,
        user0_.username as usernam13_7_0_ 
    from
        users user0_ 
    where
        user0_.id=?
2026-04-28 14:42:41.105 DEBUG 53092 --- [nio-8080-exec-1] org.hibernate.SQL                        : 
    select
        count(message0_.id) as col_0_0_ 
    from
        messages message0_ 
    where
        message0_.receiver_id=? 
        and message0_.is_read=0
Hibernate: 
    select
        count(message0_.id) as col_0_0_ 
    from
        messages message0_ 
    where
        message0_.receiver_id=? 
        and message0_.is_read=0
2026-04-28 14:42:56.109 DEBUG 53092 --- [nio-8080-exec-4] org.hibernate.SQL                        : 
    select
        user0_.id as id1_7_0_,
        user0_.avatar as avatar2_7_0_,
        user0_.created_at as created_3_7_0_,
        user0_.credit_score as credit_s4_7_0_,
        user0_.email as email5_7_0_,
        user0_.id_card as id_card6_7_0_,
        user0_.nickname as nickname7_7_0_,
        user0_.password as password8_7_0_,
        user0_.phone_number as phone_nu9_7_0_,
        user0_.role as role10_7_0_,
        user0_.status as status11_7_0_,
        user0_.updated_at as updated12_7_0_,
        user0_.username as usernam13_7_0_ 
    from
        users user0_ 
    where
        user0_.id=?
Hibernate: 
    select
        user0_.id as id1_7_0_,
        user0_.avatar as avatar2_7_0_,
        user0_.created_at as created_3_7_0_,
        user0_.credit_score as credit_s4_7_0_,
        user0_.email as email5_7_0_,
        user0_.id_card as id_card6_7_0_,
        user0_.nickname as nickname7_7_0_,
        user0_.password as password8_7_0_,
        user0_.phone_number as phone_nu9_7_0_,
        user0_.role as role10_7_0_,
        user0_.status as status11_7_0_,
        user0_.updated_at as updated12_7_0_,
        user0_.username as usernam13_7_0_ 
    from
        users user0_ 
    where
        user0_.id=?
2026-04-28 14:42:56.110 DEBUG 53092 --- [nio-8080-exec-4] org.hibernate.SQL                        : 
    select
        count(message0_.id) as col_0_0_ 
    from
        messages message0_ 
    where
        message0_.receiver_id=? 
        and message0_.is_read=0
Hibernate: 
    select
        count(message0_.id) as col_0_0_ 
    from
        messages message0_ 
    where
        message0_.receiver_id=? 
        and message0_.is_read=0
2026-04-28 14:43:34.162 DEBUG 53092 --- [   scheduling-1] org.hibernate.SQL                        : 
    select
        order0_.id as id1_3_,
        order0_.buyer_id as buyer_i15_3_,
        order0_.created_at as created_2_3_,
        order0_.order_no as order_no3_3_,
        order0_.payment_time as payment_4_3_,
        order0_.price as price5_3_,
        order0_.product_id as product16_3_,
        order0_.receive_time as receive_6_3_,
        order0_.seller_id as seller_17_3_,
        order0_.ship_time as ship_tim7_3_,
        order0_.shipping_address as shipping8_3_,
        order0_.shipping_name as shipping9_3_,
        order0_.shipping_phone as shippin10_3_,
        order0_.status as status11_3_,
        order0_.tracking_company as trackin12_3_,
        order0_.tracking_number as trackin13_3_,
        order0_.updated_at as updated14_3_ 
    from
        orders order0_ 
    where
        order0_.status='PENDING' 
        and order0_.created_at<?
Hibernate: 
    select
        order0_.id as id1_3_,
        order0_.buyer_id as buyer_i15_3_,
        order0_.created_at as created_2_3_,
        order0_.order_no as order_no3_3_,
        order0_.payment_time as payment_4_3_,
        order0_.price as price5_3_,
        order0_.product_id as product16_3_,
        order0_.receive_time as receive_6_3_,
        order0_.seller_id as seller_17_3_,
        order0_.ship_time as ship_tim7_3_,
        order0_.shipping_address as shipping8_3_,
        order0_.shipping_name as shipping9_3_,
        order0_.shipping_phone as shippin10_3_,
        order0_.status as status11_3_,
        order0_.tracking_company as trackin12_3_,
        order0_.tracking_number as trackin13_3_,
        order0_.updated_at as updated14_3_ 
    from
        orders order0_ 
    where
        order0_.status='PENDING' 
        and order0_.created_at<?
2026-04-28 14:43:55.109 DEBUG 53092 --- [nio-8080-exec-3] org.hibernate.SQL                        : 
    select
        user0_.id as id1_7_0_,
        user0_.avatar as avatar2_7_0_,
        user0_.created_at as created_3_7_0_,
        user0_.credit_score as credit_s4_7_0_,
        user0_.email as email5_7_0_,
        user0_.id_card as id_card6_7_0_,
        user0_.nickname as nickname7_7_0_,
        user0_.password as password8_7_0_,
        user0_.phone_number as phone_nu9_7_0_,
        user0_.role as role10_7_0_,
        user0_.status as status11_7_0_,
        user0_.updated_at as updated12_7_0_,
        user0_.username as usernam13_7_0_ 
    from
        users user0_ 
    where
        user0_.id=?
Hibernate: 
    select
        user0_.id as id1_7_0_,
        user0_.avatar as avatar2_7_0_,
        user0_.created_at as created_3_7_0_,
        user0_.credit_score as credit_s4_7_0_,
        user0_.email as email5_7_0_,
        user0_.id_card as id_card6_7_0_,
        user0_.nickname as nickname7_7_0_,
        user0_.password as password8_7_0_,
        user0_.phone_number as phone_nu9_7_0_,
        user0_.role as role10_7_0_,
        user0_.status as status11_7_0_,
        user0_.updated_at as updated12_7_0_,
        user0_.username as usernam13_7_0_ 
    from
        users user0_ 
    where
        user0_.id=?
2026-04-28 14:43:55.110 DEBUG 53092 --- [nio-8080-exec-3] org.hibernate.SQL                        : 
    select
        count(message0_.id) as col_0_0_ 
    from
        messages message0_ 
    where
        message0_.receiver_id=? 
        and message0_.is_read=0
Hibernate: 
    select
        count(message0_.id) as col_0_0_ 
    from
        messages message0_ 
    where
        message0_.receiver_id=? 
        and message0_.is_read=0
2026-04-28 14:44:34.175 DEBUG 53092 --- [   scheduling-1] org.hibernate.SQL                        : 
    select
        order0_.id as id1_3_,
        order0_.buyer_id as buyer_i15_3_,
        order0_.created_at as created_2_3_,
        order0_.order_no as order_no3_3_,
        order0_.payment_time as payment_4_3_,
        order0_.price as price5_3_,
        order0_.product_id as product16_3_,
        order0_.receive_time as receive_6_3_,
        order0_.seller_id as seller_17_3_,
        order0_.ship_time as ship_tim7_3_,
        order0_.shipping_address as shipping8_3_,
        order0_.shipping_name as shipping9_3_,
        order0_.shipping_phone as shippin10_3_,
        order0_.status as status11_3_,
        order0_.tracking_company as trackin12_3_,
        order0_.tracking_number as trackin13_3_,
        order0_.updated_at as updated14_3_ 
    from
        orders order0_ 
    where
        order0_.status='PENDING' 
        and order0_.created_at<?
Hibernate: 
    select
        order0_.id as id1_3_,
        order0_.buyer_id as buyer_i15_3_,
        order0_.created_at as created_2_3_,
        order0_.order_no as order_no3_3_,
        order0_.payment_time as payment_4_3_,
        order0_.price as price5_3_,
        order0_.product_id as product16_3_,
        order0_.receive_time as receive_6_3_,
        order0_.seller_id as seller_17_3_,
        order0_.ship_time as ship_tim7_3_,
        order0_.shipping_address as shipping8_3_,
        order0_.shipping_name as shipping9_3_,
        order0_.shipping_phone as shippin10_3_,
        order0_.status as status11_3_,
        order0_.tracking_company as trackin12_3_,
        order0_.tracking_number as trackin13_3_,
        order0_.updated_at as updated14_3_ 
    from
        orders order0_ 
    where
        order0_.status='PENDING' 
        and order0_.created_at<?
2026-04-28 14:44:55.105 DEBUG 53092 --- [nio-8080-exec-5] org.hibernate.SQL                        : 
    select
        user0_.id as id1_7_0_,
        user0_.avatar as avatar2_7_0_,
        user0_.created_at as created_3_7_0_,
        user0_.credit_score as credit_s4_7_0_,
        user0_.email as email5_7_0_,
        user0_.id_card as id_card6_7_0_,
        user0_.nickname as nickname7_7_0_,
        user0_.password as password8_7_0_,
        user0_.phone_number as phone_nu9_7_0_,
        user0_.role as role10_7_0_,
        user0_.status as status11_7_0_,
        user0_.updated_at as updated12_7_0_,
        user0_.username as usernam13_7_0_ 
    from
        users user0_ 
    where
        user0_.id=?
Hibernate: 
    select
        user0_.id as id1_7_0_,
        user0_.avatar as avatar2_7_0_,
        user0_.created_at as created_3_7_0_,
        user0_.credit_score as credit_s4_7_0_,
        user0_.email as email5_7_0_,
        user0_.id_card as id_card6_7_0_,
        user0_.nickname as nickname7_7_0_,
        user0_.password as password8_7_0_,
        user0_.phone_number as phone_nu9_7_0_,
        user0_.role as role10_7_0_,
        user0_.status as status11_7_0_,
        user0_.updated_at as updated12_7_0_,
        user0_.username as usernam13_7_0_ 
    from
        users user0_ 
    where
        user0_.id=?
2026-04-28 14:44:55.106 DEBUG 53092 --- [nio-8080-exec-5] org.hibernate.SQL                        : 
    select
        count(message0_.id) as col_0_0_ 
    from
        messages message0_ 
    where
        message0_.receiver_id=? 
        and message0_.is_read=0
Hibernate: 
    select
        count(message0_.id) as col_0_0_ 
    from
        messages message0_ 
    where
        message0_.receiver_id=? 
        and message0_.is_read=0
2026-04-28 14:45:34.184 DEBUG 53092 --- [   scheduling-1] org.hibernate.SQL                        : 
    select
        order0_.id as id1_3_,
        order0_.buyer_id as buyer_i15_3_,
        order0_.created_at as created_2_3_,
        order0_.order_no as order_no3_3_,
        order0_.payment_time as payment_4_3_,
        order0_.price as price5_3_,
        order0_.product_id as product16_3_,
        order0_.receive_time as receive_6_3_,
        order0_.seller_id as seller_17_3_,
        order0_.ship_time as ship_tim7_3_,
        order0_.shipping_address as shipping8_3_,
        order0_.shipping_name as shipping9_3_,
        order0_.shipping_phone as shippin10_3_,
        order0_.status as status11_3_,
        order0_.tracking_company as trackin12_3_,
        order0_.tracking_number as trackin13_3_,
        order0_.updated_at as updated14_3_ 
    from
        orders order0_ 
    where
        order0_.status='PENDING' 
        and order0_.created_at<?
Hibernate: 
    select
        order0_.id as id1_3_,
        order0_.buyer_id as buyer_i15_3_,
        order0_.created_at as created_2_3_,
        order0_.order_no as order_no3_3_,
        order0_.payment_time as payment_4_3_,
        order0_.price as price5_3_,
        order0_.product_id as product16_3_,
        order0_.receive_time as receive_6_3_,
        order0_.seller_id as seller_17_3_,
        order0_.ship_time as ship_tim7_3_,
        order0_.shipping_address as shipping8_3_,
        order0_.shipping_name as shipping9_3_,
        order0_.shipping_phone as shippin10_3_,
        order0_.status as status11_3_,
        order0_.tracking_company as trackin12_3_,
        order0_.tracking_number as trackin13_3_,
        order0_.updated_at as updated14_3_ 
    from
        orders order0_ 
    where
        order0_.status='PENDING' 
        and order0_.created_at<?
2026-04-28 14:45:55.100 DEBUG 53092 --- [nio-8080-exec-2] org.hibernate.SQL                        : 
    select
        user0_.id as id1_7_0_,
        user0_.avatar as avatar2_7_0_,
        user0_.created_at as created_3_7_0_,
        user0_.credit_score as credit_s4_7_0_,
        user0_.email as email5_7_0_,
        user0_.id_card as id_card6_7_0_,
        user0_.nickname as nickname7_7_0_,
        user0_.password as password8_7_0_,
        user0_.phone_number as phone_nu9_7_0_,
        user0_.role as role10_7_0_,
        user0_.status as status11_7_0_,
        user0_.updated_at as updated12_7_0_,
        user0_.username as usernam13_7_0_ 
    from
        users user0_ 
    where
        user0_.id=?
Hibernate: 
    select
        user0_.id as id1_7_0_,
        user0_.avatar as avatar2_7_0_,
        user0_.created_at as created_3_7_0_,
        user0_.credit_score as credit_s4_7_0_,
        user0_.email as email5_7_0_,
        user0_.id_card as id_card6_7_0_,
        user0_.nickname as nickname7_7_0_,
        user0_.password as password8_7_0_,
        user0_.phone_number as phone_nu9_7_0_,
        user0_.role as role10_7_0_,
        user0_.status as status11_7_0_,
        user0_.updated_at as updated12_7_0_,
        user0_.username as usernam13_7_0_ 
    from
        users user0_ 
    where
        user0_.id=?
2026-04-28 14:45:55.102 DEBUG 53092 --- [nio-8080-exec-2] org.hibernate.SQL                        : 
    select
        count(message0_.id) as col_0_0_ 
    from
        messages message0_ 
    where
        message0_.receiver_id=? 
        and message0_.is_read=0
Hibernate: 
    select
        count(message0_.id) as col_0_0_ 
    from
        messages message0_ 
    where
        message0_.receiver_id=? 
        and message0_.is_read=0
2026-04-28 14:46:34.191 DEBUG 53092 --- [   scheduling-1] org.hibernate.SQL                        : 
    select
        order0_.id as id1_3_,
        order0_.buyer_id as buyer_i15_3_,
        order0_.created_at as created_2_3_,
        order0_.order_no as order_no3_3_,
        order0_.payment_time as payment_4_3_,
        order0_.price as price5_3_,
        order0_.product_id as product16_3_,
        order0_.receive_time as receive_6_3_,
        order0_.seller_id as seller_17_3_,
        order0_.ship_time as ship_tim7_3_,
        order0_.shipping_address as shipping8_3_,
        order0_.shipping_name as shipping9_3_,
        order0_.shipping_phone as shippin10_3_,
        order0_.status as status11_3_,
        order0_.tracking_company as trackin12_3_,
        order0_.tracking_number as trackin13_3_,
        order0_.updated_at as updated14_3_ 
    from
        orders order0_ 
    where
        order0_.status='PENDING' 
        and order0_.created_at<?
Hibernate: 
    select
        order0_.id as id1_3_,
        order0_.buyer_id as buyer_i15_3_,
        order0_.created_at as created_2_3_,
        order0_.order_no as order_no3_3_,
        order0_.payment_time as payment_4_3_,
        order0_.price as price5_3_,
        order0_.product_id as product16_3_,
        order0_.receive_time as receive_6_3_,
        order0_.seller_id as seller_17_3_,
        order0_.ship_time as ship_tim7_3_,
        order0_.shipping_address as shipping8_3_,
        order0_.shipping_name as shipping9_3_,
        order0_.shipping_phone as shippin10_3_,
        order0_.status as status11_3_,
        order0_.tracking_company as trackin12_3_,
        order0_.tracking_number as trackin13_3_,
        order0_.updated_at as updated14_3_ 
    from
        orders order0_ 
    where
        order0_.status='PENDING' 
        and order0_.created_at<?
2026-04-28 14:46:55.107 DEBUG 53092 --- [nio-8080-exec-1] org.hibernate.SQL                        : 
    select
        user0_.id as id1_7_0_,
        user0_.avatar as avatar2_7_0_,
        user0_.created_at as created_3_7_0_,
        user0_.credit_score as credit_s4_7_0_,
        user0_.email as email5_7_0_,
        user0_.id_card as id_card6_7_0_,
        user0_.nickname as nickname7_7_0_,
        user0_.password as password8_7_0_,
        user0_.phone_number as phone_nu9_7_0_,
        user0_.role as role10_7_0_,
        user0_.status as status11_7_0_,
        user0_.updated_at as updated12_7_0_,
        user0_.username as usernam13_7_0_ 
    from
        users user0_ 
    where
        user0_.id=?
Hibernate: 
    select
        user0_.id as id1_7_0_,
        user0_.avatar as avatar2_7_0_,
        user0_.created_at as created_3_7_0_,
        user0_.credit_score as credit_s4_7_0_,
        user0_.email as email5_7_0_,
        user0_.id_card as id_card6_7_0_,
        user0_.nickname as nickname7_7_0_,
        user0_.password as password8_7_0_,
        user0_.phone_number as phone_nu9_7_0_,
        user0_.role as role10_7_0_,
        user0_.status as status11_7_0_,
        user0_.updated_at as updated12_7_0_,
        user0_.username as usernam13_7_0_ 
    from
        users user0_ 
    where
        user0_.id=?
2026-04-28 14:46:55.109 DEBUG 53092 --- [nio-8080-exec-1] org.hibernate.SQL                        : 
    select
        count(message0_.id) as col_0_0_ 
    from
        messages message0_ 
    where
        message0_.receiver_id=? 
        and message0_.is_read=0
Hibernate: 
    select
        count(message0_.id) as col_0_0_ 
    from
        messages message0_ 
    where
        message0_.receiver_id=? 
        and message0_.is_read=0
2026-04-28 14:47:34.206 DEBUG 53092 --- [   scheduling-1] org.hibernate.SQL                        : 
    select
        order0_.id as id1_3_,
        order0_.buyer_id as buyer_i15_3_,
        order0_.created_at as created_2_3_,
        order0_.order_no as order_no3_3_,
        order0_.payment_time as payment_4_3_,
        order0_.price as price5_3_,
        order0_.product_id as product16_3_,
        order0_.receive_time as receive_6_3_,
        order0_.seller_id as seller_17_3_,
        order0_.ship_time as ship_tim7_3_,
        order0_.shipping_address as shipping8_3_,
        order0_.shipping_name as shipping9_3_,
        order0_.shipping_phone as shippin10_3_,
        order0_.status as status11_3_,
        order0_.tracking_company as trackin12_3_,
        order0_.tracking_number as trackin13_3_,
        order0_.updated_at as updated14_3_ 
    from
        orders order0_ 
    where
        order0_.status='PENDING' 
        and order0_.created_at<?
Hibernate: 
    select
        order0_.id as id1_3_,
        order0_.buyer_id as buyer_i15_3_,
        order0_.created_at as created_2_3_,
        order0_.order_no as order_no3_3_,
        order0_.payment_time as payment_4_3_,
        order0_.price as price5_3_,
        order0_.product_id as product16_3_,
        order0_.receive_time as receive_6_3_,
        order0_.seller_id as seller_17_3_,
        order0_.ship_time as ship_tim7_3_,
        order0_.shipping_address as shipping8_3_,
        order0_.shipping_name as shipping9_3_,
        order0_.shipping_phone as shippin10_3_,
        order0_.status as status11_3_,
        order0_.tracking_company as trackin12_3_,
        order0_.tracking_number as trackin13_3_,
        order0_.updated_at as updated14_3_ 
    from
        orders order0_ 
    where
        order0_.status='PENDING' 
        and order0_.created_at<?
2026-04-28 14:47:36.339 DEBUG 53092 --- [nio-8080-exec-6] org.hibernate.SQL                        : 
    select
        user0_.id as id1_7_0_,
        user0_.avatar as avatar2_7_0_,
        user0_.created_at as created_3_7_0_,
        user0_.credit_score as credit_s4_7_0_,
        user0_.email as email5_7_0_,
        user0_.id_card as id_card6_7_0_,
        user0_.nickname as nickname7_7_0_,
        user0_.password as password8_7_0_,
        user0_.phone_number as phone_nu9_7_0_,
        user0_.role as role10_7_0_,
        user0_.status as status11_7_0_,
        user0_.updated_at as updated12_7_0_,
        user0_.username as usernam13_7_0_ 
    from
        users user0_ 
    where
        user0_.id=?
Hibernate: 
    select
        user0_.id as id1_7_0_,
        user0_.avatar as avatar2_7_0_,
        user0_.created_at as created_3_7_0_,
        user0_.credit_score as credit_s4_7_0_,
        user0_.email as email5_7_0_,
        user0_.id_card as id_card6_7_0_,
        user0_.nickname as nickname7_7_0_,
        user0_.password as password8_7_0_,
        user0_.phone_number as phone_nu9_7_0_,
        user0_.role as role10_7_0_,
        user0_.status as status11_7_0_,
        user0_.updated_at as updated12_7_0_,
        user0_.username as usernam13_7_0_ 
    from
        users user0_ 
    where
        user0_.id=?
2026-04-28 14:47:36.341 DEBUG 53092 --- [nio-8080-exec-6] org.hibernate.SQL                        : 
    select
        count(message0_.id) as col_0_0_ 
    from
        messages message0_ 
    where
        message0_.receiver_id=? 
        and message0_.is_read=0
Hibernate: 
    select
        count(message0_.id) as col_0_0_ 
    from
        messages message0_ 
    where
        message0_.receiver_id=? 
        and message0_.is_read=0
2026-04-28 14:47:36.345 DEBUG 53092 --- [nio-8080-exec-3] org.hibernate.SQL                        : 
    select
        user0_.id as id1_7_0_,
        user0_.avatar as avatar2_7_0_,
        user0_.created_at as created_3_7_0_,
        user0_.credit_score as credit_s4_7_0_,
        user0_.email as email5_7_0_,
        user0_.id_card as id_card6_7_0_,
        user0_.nickname as nickname7_7_0_,
        user0_.password as password8_7_0_,
        user0_.phone_number as phone_nu9_7_0_,
        user0_.role as role10_7_0_,
        user0_.status as status11_7_0_,
        user0_.updated_at as updated12_7_0_,
        user0_.username as usernam13_7_0_ 
    from
        users user0_ 
    where
        user0_.id=?
Hibernate: 
    select
        user0_.id as id1_7_0_,
        user0_.avatar as avatar2_7_0_,
        user0_.created_at as created_3_7_0_,
        user0_.credit_score as credit_s4_7_0_,
        user0_.email as email5_7_0_,
        user0_.id_card as id_card6_7_0_,
        user0_.nickname as nickname7_7_0_,
        user0_.password as password8_7_0_,
        user0_.phone_number as phone_nu9_7_0_,
        user0_.role as role10_7_0_,
        user0_.status as status11_7_0_,
        user0_.updated_at as updated12_7_0_,
        user0_.username as usernam13_7_0_ 
    from
        users user0_ 
    where
        user0_.id=?
2026-04-28 14:47:36.347 DEBUG 53092 --- [nio-8080-exec-3] org.hibernate.SQL                        : 
    select
        count(message0_.id) as col_0_0_ 
    from
        messages message0_ 
    where
        message0_.receiver_id=? 
        and message0_.is_read=0
Hibernate: 
    select
        count(message0_.id) as col_0_0_ 
    from
        messages message0_ 
    where
        message0_.receiver_id=? 
        and message0_.is_read=0
2026-04-28 14:47:37.613 DEBUG 53092 --- [nio-8080-exec-5] org.hibernate.SQL                        : 
    select
        user0_.id as id1_7_0_,
        user0_.avatar as avatar2_7_0_,
        user0_.created_at as created_3_7_0_,
        user0_.credit_score as credit_s4_7_0_,
        user0_.email as email5_7_0_,
        user0_.id_card as id_card6_7_0_,
        user0_.nickname as nickname7_7_0_,
        user0_.password as password8_7_0_,
        user0_.phone_number as phone_nu9_7_0_,
        user0_.role as role10_7_0_,
        user0_.status as status11_7_0_,
        user0_.updated_at as updated12_7_0_,
        user0_.username as usernam13_7_0_ 
    from
        users user0_ 
    where
        user0_.id=?
Hibernate: 
    select
        user0_.id as id1_7_0_,
        user0_.avatar as avatar2_7_0_,
        user0_.created_at as created_3_7_0_,
        user0_.credit_score as credit_s4_7_0_,
        user0_.email as email5_7_0_,
        user0_.id_card as id_card6_7_0_,
        user0_.nickname as nickname7_7_0_,
        user0_.password as password8_7_0_,
        user0_.phone_number as phone_nu9_7_0_,
        user0_.role as role10_7_0_,
        user0_.status as status11_7_0_,
        user0_.updated_at as updated12_7_0_,
        user0_.username as usernam13_7_0_ 
    from
        users user0_ 
    where
        user0_.id=?
2026-04-28 14:47:37.615 DEBUG 53092 --- [nio-8080-exec-5] org.hibernate.SQL                        : 
    select
        category0_.id as id1_0_,
        category0_.created_at as created_2_0_,
        category0_.icon as icon3_0_,
        category0_.name as name4_0_,
        category0_.sort_order as sort_ord5_0_ 
    from
        categories category0_ 
    order by
        category0_.sort_order asc
Hibernate: 
    select
        category0_.id as id1_0_,
        category0_.created_at as created_2_0_,
        category0_.icon as icon3_0_,
        category0_.name as name4_0_,
        category0_.sort_order as sort_ord5_0_ 
    from
        categories category0_ 
    order by
        category0_.sort_order asc
2026-04-28 14:47:40.891 DEBUG 53092 --- [nio-8080-exec-9] org.hibernate.SQL                        : 
    select
        user0_.id as id1_7_0_,
        user0_.avatar as avatar2_7_0_,
        user0_.created_at as created_3_7_0_,
        user0_.credit_score as credit_s4_7_0_,
        user0_.email as email5_7_0_,
        user0_.id_card as id_card6_7_0_,
        user0_.nickname as nickname7_7_0_,
        user0_.password as password8_7_0_,
        user0_.phone_number as phone_nu9_7_0_,
        user0_.role as role10_7_0_,
        user0_.status as status11_7_0_,
        user0_.updated_at as updated12_7_0_,
        user0_.username as usernam13_7_0_ 
    from
        users user0_ 
    where
        user0_.id=?
Hibernate: 
    select
        user0_.id as id1_7_0_,
        user0_.avatar as avatar2_7_0_,
        user0_.created_at as created_3_7_0_,
        user0_.credit_score as credit_s4_7_0_,
        user0_.email as email5_7_0_,
        user0_.id_card as id_card6_7_0_,
        user0_.nickname as nickname7_7_0_,
        user0_.password as password8_7_0_,
        user0_.phone_number as phone_nu9_7_0_,
        user0_.role as role10_7_0_,
        user0_.status as status11_7_0_,
        user0_.updated_at as updated12_7_0_,
        user0_.username as usernam13_7_0_ 
    from
        users user0_ 
    where
        user0_.id=?
2026-04-28 14:47:40.893 DEBUG 53092 --- [nio-8080-exec-9] org.hibernate.SQL                        : 
    select
        count(message0_.id) as col_0_0_ 
    from
        messages message0_ 
    where
        message0_.receiver_id=? 
        and message0_.is_read=0
Hibernate: 
    select
        count(message0_.id) as col_0_0_ 
    from
        messages message0_ 
    where
        message0_.receiver_id=? 
        and message0_.is_read=0
2026-04-28 14:47:44.181 DEBUG 53092 --- [io-8080-exec-10] org.hibernate.SQL                        : 
    select
        user0_.id as id1_7_0_,
        user0_.avatar as avatar2_7_0_,
        user0_.created_at as created_3_7_0_,
        user0_.credit_score as credit_s4_7_0_,
        user0_.email as email5_7_0_,
        user0_.id_card as id_card6_7_0_,
        user0_.nickname as nickname7_7_0_,
        user0_.password as password8_7_0_,
        user0_.phone_number as phone_nu9_7_0_,
        user0_.role as role10_7_0_,
        user0_.status as status11_7_0_,
        user0_.updated_at as updated12_7_0_,
        user0_.username as usernam13_7_0_ 
    from
        users user0_ 
    where
        user0_.id=?
Hibernate: 
    select
        user0_.id as id1_7_0_,
        user0_.avatar as avatar2_7_0_,
        user0_.created_at as created_3_7_0_,
        user0_.credit_score as credit_s4_7_0_,
        user0_.email as email5_7_0_,
        user0_.id_card as id_card6_7_0_,
        user0_.nickname as nickname7_7_0_,
        user0_.password as password8_7_0_,
        user0_.phone_number as phone_nu9_7_0_,
        user0_.role as role10_7_0_,
        user0_.status as status11_7_0_,
        user0_.updated_at as updated12_7_0_,
        user0_.username as usernam13_7_0_ 
    from
        users user0_ 
    where
        user0_.id=?
2026-04-28 14:47:55.883 DEBUG 53092 --- [nio-8080-exec-8] org.hibernate.SQL                        : 
    select
        user0_.id as id1_7_0_,
        user0_.avatar as avatar2_7_0_,
        user0_.created_at as created_3_7_0_,
        user0_.credit_score as credit_s4_7_0_,
        user0_.email as email5_7_0_,
        user0_.id_card as id_card6_7_0_,
        user0_.nickname as nickname7_7_0_,
        user0_.password as password8_7_0_,
        user0_.phone_number as phone_nu9_7_0_,
        user0_.role as role10_7_0_,
        user0_.status as status11_7_0_,
        user0_.updated_at as updated12_7_0_,
        user0_.username as usernam13_7_0_ 
    from
        users user0_ 
    where
        user0_.id=?
Hibernate: 
    select
        user0_.id as id1_7_0_,
        user0_.avatar as avatar2_7_0_,
        user0_.created_at as created_3_7_0_,
        user0_.credit_score as credit_s4_7_0_,
        user0_.email as email5_7_0_,
        user0_.id_card as id_card6_7_0_,
        user0_.nickname as nickname7_7_0_,
        user0_.password as password8_7_0_,
        user0_.phone_number as phone_nu9_7_0_,
        user0_.role as role10_7_0_,
        user0_.status as status11_7_0_,
        user0_.updated_at as updated12_7_0_,
        user0_.username as usernam13_7_0_ 
    from
        users user0_ 
    where
        user0_.id=?
2026-04-28 14:47:55.885 DEBUG 53092 --- [nio-8080-exec-8] org.hibernate.SQL                        : 
    select
        count(message0_.id) as col_0_0_ 
    from
        messages message0_ 
    where
        message0_.receiver_id=? 
        and message0_.is_read=0
Hibernate: 
    select
        count(message0_.id) as col_0_0_ 
    from
        messages message0_ 
    where
        message0_.receiver_id=? 
        and message0_.is_read=0
2026-04-28 14:48:05.277 DEBUG 53092 --- [nio-8080-exec-6] org.hibernate.SQL                        : 
    select
        user0_.id as id1_7_0_,
        user0_.avatar as avatar2_7_0_,
        user0_.created_at as created_3_7_0_,
        user0_.credit_score as credit_s4_7_0_,
        user0_.email as email5_7_0_,
        user0_.id_card as id_card6_7_0_,
        user0_.nickname as nickname7_7_0_,
        user0_.password as password8_7_0_,
        user0_.phone_number as phone_nu9_7_0_,
        user0_.role as role10_7_0_,
        user0_.status as status11_7_0_,
        user0_.updated_at as updated12_7_0_,
        user0_.username as usernam13_7_0_ 
    from
        users user0_ 
    where
        user0_.id=?
Hibernate: 
    select
        user0_.id as id1_7_0_,
        user0_.avatar as avatar2_7_0_,
        user0_.created_at as created_3_7_0_,
        user0_.credit_score as credit_s4_7_0_,
        user0_.email as email5_7_0_,
        user0_.id_card as id_card6_7_0_,
        user0_.nickname as nickname7_7_0_,
        user0_.password as password8_7_0_,
        user0_.phone_number as phone_nu9_7_0_,
        user0_.role as role10_7_0_,
        user0_.status as status11_7_0_,
        user0_.updated_at as updated12_7_0_,
        user0_.username as usernam13_7_0_ 
    from
        users user0_ 
    where
        user0_.id=?
2026-04-28 14:48:05.279 DEBUG 53092 --- [nio-8080-exec-6] org.hibernate.SQL                        : 
    select
        distinct case 
            when message0_.sender_id=? then message0_.receiver_id 
            else message0_.sender_id 
        end as col_0_0_ 
    from
        messages message0_ 
    where
        message0_.sender_id=? 
        or message0_.receiver_id=?
Hibernate: 
    select
        distinct case 
            when message0_.sender_id=? then message0_.receiver_id 
            else message0_.sender_id 
        end as col_0_0_ 
    from
        messages message0_ 
    where
        message0_.sender_id=? 
        or message0_.receiver_id=?
2026-04-28 14:48:05.287 DEBUG 53092 --- [nio-8080-exec-7] org.hibernate.SQL                        : 
    select
        user0_.id as id1_7_0_,
        user0_.avatar as avatar2_7_0_,
        user0_.created_at as created_3_7_0_,
        user0_.credit_score as credit_s4_7_0_,
        user0_.email as email5_7_0_,
        user0_.id_card as id_card6_7_0_,
        user0_.nickname as nickname7_7_0_,
        user0_.password as password8_7_0_,
        user0_.phone_number as phone_nu9_7_0_,
        user0_.role as role10_7_0_,
        user0_.status as status11_7_0_,
        user0_.updated_at as updated12_7_0_,
        user0_.username as usernam13_7_0_ 
    from
        users user0_ 
    where
        user0_.id=?
Hibernate: 
    select
        user0_.id as id1_7_0_,
        user0_.avatar as avatar2_7_0_,
        user0_.created_at as created_3_7_0_,
        user0_.credit_score as credit_s4_7_0_,
        user0_.email as email5_7_0_,
        user0_.id_card as id_card6_7_0_,
        user0_.nickname as nickname7_7_0_,
        user0_.password as password8_7_0_,
        user0_.phone_number as phone_nu9_7_0_,
        user0_.role as role10_7_0_,
        user0_.status as status11_7_0_,
        user0_.updated_at as updated12_7_0_,
        user0_.username as usernam13_7_0_ 
    from
        users user0_ 
    where
        user0_.id=?
2026-04-28 14:48:05.289 DEBUG 53092 --- [nio-8080-exec-7] org.hibernate.SQL                        : 
    select
        count(message0_.id) as col_0_0_ 
    from
        messages message0_ 
    where
        message0_.receiver_id=? 
        and message0_.is_read=0
Hibernate: 
    select
        count(message0_.id) as col_0_0_ 
    from
        messages message0_ 
    where
        message0_.receiver_id=? 
        and message0_.is_read=0
2026-04-28 14:48:09.936 DEBUG 53092 --- [nio-8080-exec-9] org.hibernate.SQL                        : 
    select
        user0_.id as id1_7_0_,
        user0_.avatar as avatar2_7_0_,
        user0_.created_at as created_3_7_0_,
        user0_.credit_score as credit_s4_7_0_,
        user0_.email as email5_7_0_,
        user0_.id_card as id_card6_7_0_,
        user0_.nickname as nickname7_7_0_,
        user0_.password as password8_7_0_,
        user0_.phone_number as phone_nu9_7_0_,
        user0_.role as role10_7_0_,
        user0_.status as status11_7_0_,
        user0_.updated_at as updated12_7_0_,
        user0_.username as usernam13_7_0_ 
    from
        users user0_ 
    where
        user0_.id=?
Hibernate: 
    select
        user0_.id as id1_7_0_,
        user0_.avatar as avatar2_7_0_,
        user0_.created_at as created_3_7_0_,
        user0_.credit_score as credit_s4_7_0_,
        user0_.email as email5_7_0_,
        user0_.id_card as id_card6_7_0_,
        user0_.nickname as nickname7_7_0_,
        user0_.password as password8_7_0_,
        user0_.phone_number as phone_nu9_7_0_,
        user0_.role as role10_7_0_,
        user0_.status as status11_7_0_,
        user0_.updated_at as updated12_7_0_,
        user0_.username as usernam13_7_0_ 
    from
        users user0_ 
    where
        user0_.id=?
2026-04-28 14:48:09.939 DEBUG 53092 --- [nio-8080-exec-9] org.hibernate.SQL                        : 
    select
        user0_.id as id1_7_0_,
        user0_.avatar as avatar2_7_0_,
        user0_.created_at as created_3_7_0_,
        user0_.credit_score as credit_s4_7_0_,
        user0_.email as email5_7_0_,
        user0_.id_card as id_card6_7_0_,
        user0_.nickname as nickname7_7_0_,
        user0_.password as password8_7_0_,
        user0_.phone_number as phone_nu9_7_0_,
        user0_.role as role10_7_0_,
        user0_.status as status11_7_0_,
        user0_.updated_at as updated12_7_0_,
        user0_.username as usernam13_7_0_ 
    from
        users user0_ 
    where
        user0_.id=?
Hibernate: 
    select
        user0_.id as id1_7_0_,
        user0_.avatar as avatar2_7_0_,
        user0_.created_at as created_3_7_0_,
        user0_.credit_score as credit_s4_7_0_,
        user0_.email as email5_7_0_,
        user0_.id_card as id_card6_7_0_,
        user0_.nickname as nickname7_7_0_,
        user0_.password as password8_7_0_,
        user0_.phone_number as phone_nu9_7_0_,
        user0_.role as role10_7_0_,
        user0_.status as status11_7_0_,
        user0_.updated_at as updated12_7_0_,
        user0_.username as usernam13_7_0_ 
    from
        users user0_ 
    where
        user0_.id=?
2026-04-28 14:48:10.855 DEBUG 53092 --- [nio-8080-exec-8] org.hibernate.SQL                        : 
    select
        user0_.id as id1_7_0_,
        user0_.avatar as avatar2_7_0_,
        user0_.created_at as created_3_7_0_,
        user0_.credit_score as credit_s4_7_0_,
        user0_.email as email5_7_0_,
        user0_.id_card as id_card6_7_0_,
        user0_.nickname as nickname7_7_0_,
        user0_.password as password8_7_0_,
        user0_.phone_number as phone_nu9_7_0_,
        user0_.role as role10_7_0_,
        user0_.status as status11_7_0_,
        user0_.updated_at as updated12_7_0_,
        user0_.username as usernam13_7_0_ 
    from
        users user0_ 
    where
        user0_.id=?
Hibernate: 
    select
        user0_.id as id1_7_0_,
        user0_.avatar as avatar2_7_0_,
        user0_.created_at as created_3_7_0_,
        user0_.credit_score as credit_s4_7_0_,
        user0_.email as email5_7_0_,
        user0_.id_card as id_card6_7_0_,
        user0_.nickname as nickname7_7_0_,
        user0_.password as password8_7_0_,
        user0_.phone_number as phone_nu9_7_0_,
        user0_.role as role10_7_0_,
        user0_.status as status11_7_0_,
        user0_.updated_at as updated12_7_0_,
        user0_.username as usernam13_7_0_ 
    from
        users user0_ 
    where
        user0_.id=?
2026-04-28 14:48:10.855 DEBUG 53092 --- [nio-8080-exec-4] org.hibernate.SQL                        : 
    select
        user0_.id as id1_7_0_,
        user0_.avatar as avatar2_7_0_,
        user0_.created_at as created_3_7_0_,
        user0_.credit_score as credit_s4_7_0_,
        user0_.email as email5_7_0_,
        user0_.id_card as id_card6_7_0_,
        user0_.nickname as nickname7_7_0_,
        user0_.password as password8_7_0_,
        user0_.phone_number as phone_nu9_7_0_,
        user0_.role as role10_7_0_,
        user0_.status as status11_7_0_,
        user0_.updated_at as updated12_7_0_,
        user0_.username as usernam13_7_0_ 
    from
        users user0_ 
    where
        user0_.id=?
Hibernate: 
    select
        user0_.id as id1_7_0_,
        user0_.avatar as avatar2_7_0_,
        user0_.created_at as created_3_7_0_,
        user0_.credit_score as credit_s4_7_0_,
        user0_.email as email5_7_0_,
        user0_.id_card as id_card6_7_0_,
        user0_.nickname as nickname7_7_0_,
        user0_.password as password8_7_0_,
        user0_.phone_number as phone_nu9_7_0_,
        user0_.role as role10_7_0_,
        user0_.status as status11_7_0_,
        user0_.updated_at as updated12_7_0_,
        user0_.username as usernam13_7_0_ 
    from
        users user0_ 
    where
        user0_.id=?
2026-04-28 14:48:10.855 DEBUG 53092 --- [nio-8080-exec-6] org.hibernate.SQL                        : 
    select
        user0_.id as id1_7_0_,
        user0_.avatar as avatar2_7_0_,
        user0_.created_at as created_3_7_0_,
        user0_.credit_score as credit_s4_7_0_,
        user0_.email as email5_7_0_,
        user0_.id_card as id_card6_7_0_,
        user0_.nickname as nickname7_7_0_,
        user0_.password as password8_7_0_,
        user0_.phone_number as phone_nu9_7_0_,
        user0_.role as role10_7_0_,
        user0_.status as status11_7_0_,
        user0_.updated_at as updated12_7_0_,
        user0_.username as usernam13_7_0_ 
    from
        users user0_ 
    where
        user0_.id=?
Hibernate: 
    select
        user0_.id as id1_7_0_,
        user0_.avatar as avatar2_7_0_,
        user0_.created_at as created_3_7_0_,
        user0_.credit_score as credit_s4_7_0_,
        user0_.email as email5_7_0_,
        user0_.id_card as id_card6_7_0_,
        user0_.nickname as nickname7_7_0_,
        user0_.password as password8_7_0_,
        user0_.phone_number as phone_nu9_7_0_,
        user0_.role as role10_7_0_,
        user0_.status as status11_7_0_,
        user0_.updated_at as updated12_7_0_,
        user0_.username as usernam13_7_0_ 
    from
        users user0_ 
    where
        user0_.id=?
2026-04-28 14:48:10.858 DEBUG 53092 --- [nio-8080-exec-4] org.hibernate.SQL                        : 
    select
        user0_.id as id1_7_,
        user0_.avatar as avatar2_7_,
        user0_.created_at as created_3_7_,
        user0_.credit_score as credit_s4_7_,
        user0_.email as email5_7_,
        user0_.id_card as id_card6_7_,
        user0_.nickname as nickname7_7_,
        user0_.password as password8_7_,
        user0_.phone_number as phone_nu9_7_,
        user0_.role as role10_7_,
        user0_.status as status11_7_,
        user0_.updated_at as updated12_7_,
        user0_.username as usernam13_7_ 
    from
        users user0_ 
    where
        user0_.status=? 
    order by
        user0_.created_at asc limit ?
Hibernate: 
    select
        user0_.id as id1_7_,
        user0_.avatar as avatar2_7_,
        user0_.created_at as created_3_7_,
        user0_.credit_score as credit_s4_7_,
        user0_.email as email5_7_,
        user0_.id_card as id_card6_7_,
        user0_.nickname as nickname7_7_,
        user0_.password as password8_7_,
        user0_.phone_number as phone_nu9_7_,
        user0_.role as role10_7_,
        user0_.status as status11_7_,
        user0_.updated_at as updated12_7_,
        user0_.username as usernam13_7_ 
    from
        users user0_ 
    where
        user0_.status=? 
    order by
        user0_.created_at asc limit ?
2026-04-28 14:48:10.858 DEBUG 53092 --- [nio-8080-exec-8] org.hibernate.SQL                        : 
    select
        product0_.id as id1_5_,
        product0_.category_id as categor14_5_,
        product0_.condition_level as conditio2_5_,
        product0_.created_at as created_3_5_,
        product0_.description as descript4_5_,
        product0_.image_url as image_ur5_5_,
        product0_.location as location6_5_,
        product0_.name as name7_5_,
        product0_.original_price as original8_5_,
        product0_.price as price9_5_,
        product0_.reject_reason as reject_10_5_,
        product0_.seller_id as seller_15_5_,
        product0_.status as status11_5_,
        product0_.updated_at as updated12_5_,
        product0_.view_count as view_co13_5_ 
    from
        products product0_ 
    where
        product0_.status=? 
    order by
        product0_.created_at asc limit ?
Hibernate: 
    select
        product0_.id as id1_5_,
        product0_.category_id as categor14_5_,
        product0_.condition_level as conditio2_5_,
        product0_.created_at as created_3_5_,
        product0_.description as descript4_5_,
        product0_.image_url as image_ur5_5_,
        product0_.location as location6_5_,
        product0_.name as name7_5_,
        product0_.original_price as original8_5_,
        product0_.price as price9_5_,
        product0_.reject_reason as reject_10_5_,
        product0_.seller_id as seller_15_5_,
        product0_.status as status11_5_,
        product0_.updated_at as updated12_5_,
        product0_.view_count as view_co13_5_ 
    from
        products product0_ 
    where
        product0_.status=? 
    order by
        product0_.created_at asc limit ?
2026-04-28 14:48:10.858 DEBUG 53092 --- [nio-8080-exec-6] org.hibernate.SQL                        : 
    select
        review0_.id as id1_6_,
        review0_.audit_remark as audit_re2_6_,
        review0_.audit_status as audit_st3_6_,
        review0_.comment as comment4_6_,
        review0_.created_at as created_5_6_,
        review0_.desc_score as desc_sco6_6_,
        review0_.images as images7_6_,
        review0_.order_id as order_i11_6_,
        review0_.product_id as product12_6_,
        review0_.rating as rating8_6_,
        review0_.service_score as service_9_6_,
        review0_.ship_score as ship_sc10_6_,
        review0_.user_id as user_id13_6_ 
    from
        reviews review0_ 
    where
        review0_.audit_status=? 
    order by
        review0_.created_at asc limit ?
Hibernate: 
    select
        review0_.id as id1_6_,
        review0_.audit_remark as audit_re2_6_,
        review0_.audit_status as audit_st3_6_,
        review0_.comment as comment4_6_,
        review0_.created_at as created_5_6_,
        review0_.desc_score as desc_sco6_6_,
        review0_.images as images7_6_,
        review0_.order_id as order_i11_6_,
        review0_.product_id as product12_6_,
        review0_.rating as rating8_6_,
        review0_.service_score as service_9_6_,
        review0_.ship_score as ship_sc10_6_,
        review0_.user_id as user_id13_6_ 
    from
        reviews review0_ 
    where
        review0_.audit_status=? 
    order by
        review0_.created_at asc limit ?
2026-04-28 14:48:11.824 DEBUG 53092 --- [nio-8080-exec-3] org.hibernate.SQL                        : 
    select
        user0_.id as id1_7_0_,
        user0_.avatar as avatar2_7_0_,
        user0_.created_at as created_3_7_0_,
        user0_.credit_score as credit_s4_7_0_,
        user0_.email as email5_7_0_,
        user0_.id_card as id_card6_7_0_,
        user0_.nickname as nickname7_7_0_,
        user0_.password as password8_7_0_,
        user0_.phone_number as phone_nu9_7_0_,
        user0_.role as role10_7_0_,
        user0_.status as status11_7_0_,
        user0_.updated_at as updated12_7_0_,
        user0_.username as usernam13_7_0_ 
    from
        users user0_ 
    where
        user0_.id=?
Hibernate: 
    select
        user0_.id as id1_7_0_,
        user0_.avatar as avatar2_7_0_,
        user0_.created_at as created_3_7_0_,
        user0_.credit_score as credit_s4_7_0_,
        user0_.email as email5_7_0_,
        user0_.id_card as id_card6_7_0_,
        user0_.nickname as nickname7_7_0_,
        user0_.password as password8_7_0_,
        user0_.phone_number as phone_nu9_7_0_,
        user0_.role as role10_7_0_,
        user0_.status as status11_7_0_,
        user0_.updated_at as updated12_7_0_,
        user0_.username as usernam13_7_0_ 
    from
        users user0_ 
    where
        user0_.id=?
2026-04-28 14:48:11.826 DEBUG 53092 --- [nio-8080-exec-3] org.hibernate.SQL                        : 
    select
        product0_.id as id1_5_,
        product0_.category_id as categor14_5_,
        product0_.condition_level as conditio2_5_,
        product0_.created_at as created_3_5_,
        product0_.description as descript4_5_,
        product0_.image_url as image_ur5_5_,
        product0_.location as location6_5_,
        product0_.name as name7_5_,
        product0_.original_price as original8_5_,
        product0_.price as price9_5_,
        product0_.reject_reason as reject_10_5_,
        product0_.seller_id as seller_15_5_,
        product0_.status as status11_5_,
        product0_.updated_at as updated12_5_,
        product0_.view_count as view_co13_5_ 
    from
        products product0_ 
    where
        product0_.status=? 
    order by
        product0_.created_at asc limit ?
Hibernate: 
    select
        product0_.id as id1_5_,
        product0_.category_id as categor14_5_,
        product0_.condition_level as conditio2_5_,
        product0_.created_at as created_3_5_,
        product0_.description as descript4_5_,
        product0_.image_url as image_ur5_5_,
        product0_.location as location6_5_,
        product0_.name as name7_5_,
        product0_.original_price as original8_5_,
        product0_.price as price9_5_,
        product0_.reject_reason as reject_10_5_,
        product0_.seller_id as seller_15_5_,
        product0_.status as status11_5_,
        product0_.updated_at as updated12_5_,
        product0_.view_count as view_co13_5_ 
    from
        products product0_ 
    where
        product0_.status=? 
    order by
        product0_.created_at asc limit ?
2026-04-28 14:48:12.662 DEBUG 53092 --- [nio-8080-exec-7] org.hibernate.SQL                        : 
    select
        user0_.id as id1_7_0_,
        user0_.avatar as avatar2_7_0_,
        user0_.created_at as created_3_7_0_,
        user0_.credit_score as credit_s4_7_0_,
        user0_.email as email5_7_0_,
        user0_.id_card as id_card6_7_0_,
        user0_.nickname as nickname7_7_0_,
        user0_.password as password8_7_0_,
        user0_.phone_number as phone_nu9_7_0_,
        user0_.role as role10_7_0_,
        user0_.status as status11_7_0_,
        user0_.updated_at as updated12_7_0_,
        user0_.username as usernam13_7_0_ 
    from
        users user0_ 
    where
        user0_.id=?
Hibernate: 
    select
        user0_.id as id1_7_0_,
        user0_.avatar as avatar2_7_0_,
        user0_.created_at as created_3_7_0_,
        user0_.credit_score as credit_s4_7_0_,
        user0_.email as email5_7_0_,
        user0_.id_card as id_card6_7_0_,
        user0_.nickname as nickname7_7_0_,
        user0_.password as password8_7_0_,
        user0_.phone_number as phone_nu9_7_0_,
        user0_.role as role10_7_0_,
        user0_.status as status11_7_0_,
        user0_.updated_at as updated12_7_0_,
        user0_.username as usernam13_7_0_ 
    from
        users user0_ 
    where
        user0_.id=?
2026-04-28 14:48:12.664 DEBUG 53092 --- [nio-8080-exec-7] org.hibernate.SQL                        : 
    select
        review0_.id as id1_6_,
        review0_.audit_remark as audit_re2_6_,
        review0_.audit_status as audit_st3_6_,
        review0_.comment as comment4_6_,
        review0_.created_at as created_5_6_,
        review0_.desc_score as desc_sco6_6_,
        review0_.images as images7_6_,
        review0_.order_id as order_i11_6_,
        review0_.product_id as product12_6_,
        review0_.rating as rating8_6_,
        review0_.service_score as service_9_6_,
        review0_.ship_score as ship_sc10_6_,
        review0_.user_id as user_id13_6_ 
    from
        reviews review0_ 
    where
        review0_.audit_status=? 
    order by
        review0_.created_at asc limit ?
Hibernate: 
    select
        review0_.id as id1_6_,
        review0_.audit_remark as audit_re2_6_,
        review0_.audit_status as audit_st3_6_,
        review0_.comment as comment4_6_,
        review0_.created_at as created_5_6_,
        review0_.desc_score as desc_sco6_6_,
        review0_.images as images7_6_,
        review0_.order_id as order_i11_6_,
        review0_.product_id as product12_6_,
        review0_.rating as rating8_6_,
        review0_.service_score as service_9_6_,
        review0_.ship_score as ship_sc10_6_,
        review0_.user_id as user_id13_6_ 
    from
        reviews review0_ 
    where
        review0_.audit_status=? 
    order by
        review0_.created_at asc limit ?
2026-04-28 14:48:13.076 DEBUG 53092 --- [nio-8080-exec-5] org.hibernate.SQL                        : 
    select
        user0_.id as id1_7_0_,
        user0_.avatar as avatar2_7_0_,
        user0_.created_at as created_3_7_0_,
        user0_.credit_score as credit_s4_7_0_,
        user0_.email as email5_7_0_,
        user0_.id_card as id_card6_7_0_,
        user0_.nickname as nickname7_7_0_,
        user0_.password as password8_7_0_,
        user0_.phone_number as phone_nu9_7_0_,
        user0_.role as role10_7_0_,
        user0_.status as status11_7_0_,
        user0_.updated_at as updated12_7_0_,
        user0_.username as usernam13_7_0_ 
    from
        users user0_ 
    where
        user0_.id=?
Hibernate: 
    select
        user0_.id as id1_7_0_,
        user0_.avatar as avatar2_7_0_,
        user0_.created_at as created_3_7_0_,
        user0_.credit_score as credit_s4_7_0_,
        user0_.email as email5_7_0_,
        user0_.id_card as id_card6_7_0_,
        user0_.nickname as nickname7_7_0_,
        user0_.password as password8_7_0_,
        user0_.phone_number as phone_nu9_7_0_,
        user0_.role as role10_7_0_,
        user0_.status as status11_7_0_,
        user0_.updated_at as updated12_7_0_,
        user0_.username as usernam13_7_0_ 
    from
        users user0_ 
    where
        user0_.id=?
2026-04-28 14:48:13.078 DEBUG 53092 --- [nio-8080-exec-5] org.hibernate.SQL                        : 
    select
        product0_.id as id1_5_,
        product0_.category_id as categor14_5_,
        product0_.condition_level as conditio2_5_,
        product0_.created_at as created_3_5_,
        product0_.description as descript4_5_,
        product0_.image_url as image_ur5_5_,
        product0_.location as location6_5_,
        product0_.name as name7_5_,
        product0_.original_price as original8_5_,
        product0_.price as price9_5_,
        product0_.reject_reason as reject_10_5_,
        product0_.seller_id as seller_15_5_,
        product0_.status as status11_5_,
        product0_.updated_at as updated12_5_,
        product0_.view_count as view_co13_5_ 
    from
        products product0_ 
    where
        product0_.status=? 
    order by
        product0_.created_at asc limit ?
Hibernate: 
    select
        product0_.id as id1_5_,
        product0_.category_id as categor14_5_,
        product0_.condition_level as conditio2_5_,
        product0_.created_at as created_3_5_,
        product0_.description as descript4_5_,
        product0_.image_url as image_ur5_5_,
        product0_.location as location6_5_,
        product0_.name as name7_5_,
        product0_.original_price as original8_5_,
        product0_.price as price9_5_,
        product0_.reject_reason as reject_10_5_,
        product0_.seller_id as seller_15_5_,
        product0_.status as status11_5_,
        product0_.updated_at as updated12_5_,
        product0_.view_count as view_co13_5_ 
    from
        products product0_ 
    where
        product0_.status=? 
    order by
        product0_.created_at asc limit ?
2026-04-28 14:48:13.394 DEBUG 53092 --- [nio-8080-exec-9] org.hibernate.SQL                        : 
    select
        user0_.id as id1_7_0_,
        user0_.avatar as avatar2_7_0_,
        user0_.created_at as created_3_7_0_,
        user0_.credit_score as credit_s4_7_0_,
        user0_.email as email5_7_0_,
        user0_.id_card as id_card6_7_0_,
        user0_.nickname as nickname7_7_0_,
        user0_.password as password8_7_0_,
        user0_.phone_number as phone_nu9_7_0_,
        user0_.role as role10_7_0_,
        user0_.status as status11_7_0_,
        user0_.updated_at as updated12_7_0_,
        user0_.username as usernam13_7_0_ 
    from
        users user0_ 
    where
        user0_.id=?
Hibernate: 
    select
        user0_.id as id1_7_0_,
        user0_.avatar as avatar2_7_0_,
        user0_.created_at as created_3_7_0_,
        user0_.credit_score as credit_s4_7_0_,
        user0_.email as email5_7_0_,
        user0_.id_card as id_card6_7_0_,
        user0_.nickname as nickname7_7_0_,
        user0_.password as password8_7_0_,
        user0_.phone_number as phone_nu9_7_0_,
        user0_.role as role10_7_0_,
        user0_.status as status11_7_0_,
        user0_.updated_at as updated12_7_0_,
        user0_.username as usernam13_7_0_ 
    from
        users user0_ 
    where
        user0_.id=?
2026-04-28 14:48:13.396 DEBUG 53092 --- [nio-8080-exec-9] org.hibernate.SQL                        : 
    select
        user0_.id as id1_7_,
        user0_.avatar as avatar2_7_,
        user0_.created_at as created_3_7_,
        user0_.credit_score as credit_s4_7_,
        user0_.email as email5_7_,
        user0_.id_card as id_card6_7_,
        user0_.nickname as nickname7_7_,
        user0_.password as password8_7_,
        user0_.phone_number as phone_nu9_7_,
        user0_.role as role10_7_,
        user0_.status as status11_7_,
        user0_.updated_at as updated12_7_,
        user0_.username as usernam13_7_ 
    from
        users user0_ 
    where
        user0_.status=? 
    order by
        user0_.created_at asc limit ?
Hibernate: 
    select
        user0_.id as id1_7_,
        user0_.avatar as avatar2_7_,
        user0_.created_at as created_3_7_,
        user0_.credit_score as credit_s4_7_,
        user0_.email as email5_7_,
        user0_.id_card as id_card6_7_,
        user0_.nickname as nickname7_7_,
        user0_.password as password8_7_,
        user0_.phone_number as phone_nu9_7_,
        user0_.role as role10_7_,
        user0_.status as status11_7_,
        user0_.updated_at as updated12_7_,
        user0_.username as usernam13_7_ 
    from
        users user0_ 
    where
        user0_.status=? 
    order by
        user0_.created_at asc limit ?
2026-04-28 14:48:13.965 DEBUG 53092 --- [nio-8080-exec-2] org.hibernate.SQL                        : 
    select
        user0_.id as id1_7_0_,
        user0_.avatar as avatar2_7_0_,
        user0_.created_at as created_3_7_0_,
        user0_.credit_score as credit_s4_7_0_,
        user0_.email as email5_7_0_,
        user0_.id_card as id_card6_7_0_,
        user0_.nickname as nickname7_7_0_,
        user0_.password as password8_7_0_,
        user0_.phone_number as phone_nu9_7_0_,
        user0_.role as role10_7_0_,
        user0_.status as status11_7_0_,
        user0_.updated_at as updated12_7_0_,
        user0_.username as usernam13_7_0_ 
    from
        users user0_ 
    where
        user0_.id=?
Hibernate: 
    select
        user0_.id as id1_7_0_,
        user0_.avatar as avatar2_7_0_,
        user0_.created_at as created_3_7_0_,
        user0_.credit_score as credit_s4_7_0_,
        user0_.email as email5_7_0_,
        user0_.id_card as id_card6_7_0_,
        user0_.nickname as nickname7_7_0_,
        user0_.password as password8_7_0_,
        user0_.phone_number as phone_nu9_7_0_,
        user0_.role as role10_7_0_,
        user0_.status as status11_7_0_,
        user0_.updated_at as updated12_7_0_,
        user0_.username as usernam13_7_0_ 
    from
        users user0_ 
    where
        user0_.id=?
2026-04-28 14:48:13.968 DEBUG 53092 --- [nio-8080-exec-2] org.hibernate.SQL                        : 
    select
        user0_.id as id1_7_0_,
        user0_.avatar as avatar2_7_0_,
        user0_.created_at as created_3_7_0_,
        user0_.credit_score as credit_s4_7_0_,
        user0_.email as email5_7_0_,
        user0_.id_card as id_card6_7_0_,
        user0_.nickname as nickname7_7_0_,
        user0_.password as password8_7_0_,
        user0_.phone_number as phone_nu9_7_0_,
        user0_.role as role10_7_0_,
        user0_.status as status11_7_0_,
        user0_.updated_at as updated12_7_0_,
        user0_.username as usernam13_7_0_ 
    from
        users user0_ 
    where
        user0_.id=?
Hibernate: 
    select
        user0_.id as id1_7_0_,
        user0_.avatar as avatar2_7_0_,
        user0_.created_at as created_3_7_0_,
        user0_.credit_score as credit_s4_7_0_,
        user0_.email as email5_7_0_,
        user0_.id_card as id_card6_7_0_,
        user0_.nickname as nickname7_7_0_,
        user0_.password as password8_7_0_,
        user0_.phone_number as phone_nu9_7_0_,
        user0_.role as role10_7_0_,
        user0_.status as status11_7_0_,
        user0_.updated_at as updated12_7_0_,
        user0_.username as usernam13_7_0_ 
    from
        users user0_ 
    where
        user0_.id=?
2026-04-28 14:48:15.359 DEBUG 53092 --- [nio-8080-exec-1] org.hibernate.SQL                        : 
    select
        user0_.id as id1_7_0_,
        user0_.avatar as avatar2_7_0_,
        user0_.created_at as created_3_7_0_,
        user0_.credit_score as credit_s4_7_0_,
        user0_.email as email5_7_0_,
        user0_.id_card as id_card6_7_0_,
        user0_.nickname as nickname7_7_0_,
        user0_.password as password8_7_0_,
        user0_.phone_number as phone_nu9_7_0_,
        user0_.role as role10_7_0_,
        user0_.status as status11_7_0_,
        user0_.updated_at as updated12_7_0_,
        user0_.username as usernam13_7_0_ 
    from
        users user0_ 
    where
        user0_.id=?
Hibernate: 
    select
        user0_.id as id1_7_0_,
        user0_.avatar as avatar2_7_0_,
        user0_.created_at as created_3_7_0_,
        user0_.credit_score as credit_s4_7_0_,
        user0_.email as email5_7_0_,
        user0_.id_card as id_card6_7_0_,
        user0_.nickname as nickname7_7_0_,
        user0_.password as password8_7_0_,
        user0_.phone_number as phone_nu9_7_0_,
        user0_.role as role10_7_0_,
        user0_.status as status11_7_0_,
        user0_.updated_at as updated12_7_0_,
        user0_.username as usernam13_7_0_ 
    from
        users user0_ 
    where
        user0_.id=?
2026-04-28 14:48:15.361 DEBUG 53092 --- [nio-8080-exec-1] org.hibernate.SQL                        : 
    select
        distinct case 
            when message0_.sender_id=? then message0_.receiver_id 
            else message0_.sender_id 
        end as col_0_0_ 
    from
        messages message0_ 
    where
        message0_.sender_id=? 
        or message0_.receiver_id=?
Hibernate: 
    select
        distinct case 
            when message0_.sender_id=? then message0_.receiver_id 
            else message0_.sender_id 
        end as col_0_0_ 
    from
        messages message0_ 
    where
        message0_.sender_id=? 
        or message0_.receiver_id=?
2026-04-28 14:48:15.369 DEBUG 53092 --- [nio-8080-exec-8] org.hibernate.SQL                        : 
    select
        user0_.id as id1_7_0_,
        user0_.avatar as avatar2_7_0_,
        user0_.created_at as created_3_7_0_,
        user0_.credit_score as credit_s4_7_0_,
        user0_.email as email5_7_0_,
        user0_.id_card as id_card6_7_0_,
        user0_.nickname as nickname7_7_0_,
        user0_.password as password8_7_0_,
        user0_.phone_number as phone_nu9_7_0_,
        user0_.role as role10_7_0_,
        user0_.status as status11_7_0_,
        user0_.updated_at as updated12_7_0_,
        user0_.username as usernam13_7_0_ 
    from
        users user0_ 
    where
        user0_.id=?
Hibernate: 
    select
        user0_.id as id1_7_0_,
        user0_.avatar as avatar2_7_0_,
        user0_.created_at as created_3_7_0_,
        user0_.credit_score as credit_s4_7_0_,
        user0_.email as email5_7_0_,
        user0_.id_card as id_card6_7_0_,
        user0_.nickname as nickname7_7_0_,
        user0_.password as password8_7_0_,
        user0_.phone_number as phone_nu9_7_0_,
        user0_.role as role10_7_0_,
        user0_.status as status11_7_0_,
        user0_.updated_at as updated12_7_0_,
        user0_.username as usernam13_7_0_ 
    from
        users user0_ 
    where
        user0_.id=?
2026-04-28 14:48:15.371 DEBUG 53092 --- [nio-8080-exec-8] org.hibernate.SQL                        : 
    select
        count(message0_.id) as col_0_0_ 
    from
        messages message0_ 
    where
        message0_.receiver_id=? 
        and message0_.is_read=0
Hibernate: 
    select
        count(message0_.id) as col_0_0_ 
    from
        messages message0_ 
    where
        message0_.receiver_id=? 
        and message0_.is_read=0
2026-04-28 14:48:21.020 DEBUG 53092 --- [nio-8080-exec-7] org.hibernate.SQL                        : 
    select
        user0_.id as id1_7_0_,
        user0_.avatar as avatar2_7_0_,
        user0_.created_at as created_3_7_0_,
        user0_.credit_score as credit_s4_7_0_,
        user0_.email as email5_7_0_,
        user0_.id_card as id_card6_7_0_,
        user0_.nickname as nickname7_7_0_,
        user0_.password as password8_7_0_,
        user0_.phone_number as phone_nu9_7_0_,
        user0_.role as role10_7_0_,
        user0_.status as status11_7_0_,
        user0_.updated_at as updated12_7_0_,
        user0_.username as usernam13_7_0_ 
    from
        users user0_ 
    where
        user0_.id=?
Hibernate: 
    select
        user0_.id as id1_7_0_,
        user0_.avatar as avatar2_7_0_,
        user0_.created_at as created_3_7_0_,
        user0_.credit_score as credit_s4_7_0_,
        user0_.email as email5_7_0_,
        user0_.id_card as id_card6_7_0_,
        user0_.nickname as nickname7_7_0_,
        user0_.password as password8_7_0_,
        user0_.phone_number as phone_nu9_7_0_,
        user0_.role as role10_7_0_,
        user0_.status as status11_7_0_,
        user0_.updated_at as updated12_7_0_,
        user0_.username as usernam13_7_0_ 
    from
        users user0_ 
    where
        user0_.id=?
2026-04-28 14:48:21.020 DEBUG 53092 --- [nio-8080-exec-5] org.hibernate.SQL                        : 
    select
        user0_.id as id1_7_0_,
        user0_.avatar as avatar2_7_0_,
        user0_.created_at as created_3_7_0_,
        user0_.credit_score as credit_s4_7_0_,
        user0_.email as email5_7_0_,
        user0_.id_card as id_card6_7_0_,
        user0_.nickname as nickname7_7_0_,
        user0_.password as password8_7_0_,
        user0_.phone_number as phone_nu9_7_0_,
        user0_.role as role10_7_0_,
        user0_.status as status11_7_0_,
        user0_.updated_at as updated12_7_0_,
        user0_.username as usernam13_7_0_ 
    from
        users user0_ 
    where
        user0_.id=?
Hibernate: 
    select
        user0_.id as id1_7_0_,
        user0_.avatar as avatar2_7_0_,
        user0_.created_at as created_3_7_0_,
        user0_.credit_score as credit_s4_7_0_,
        user0_.email as email5_7_0_,
        user0_.id_card as id_card6_7_0_,
        user0_.nickname as nickname7_7_0_,
        user0_.password as password8_7_0_,
        user0_.phone_number as phone_nu9_7_0_,
        user0_.role as role10_7_0_,
        user0_.status as status11_7_0_,
        user0_.updated_at as updated12_7_0_,
        user0_.username as usernam13_7_0_ 
    from
        users user0_ 
    where
        user0_.id=?
2026-04-28 14:48:21.023 DEBUG 53092 --- [nio-8080-exec-7] org.hibernate.SQL                        : 
    select
        category0_.id as id1_0_,
        category0_.created_at as created_2_0_,
        category0_.icon as icon3_0_,
        category0_.name as name4_0_,
        category0_.sort_order as sort_ord5_0_ 
    from
        categories category0_ 
    order by
        category0_.sort_order asc
Hibernate: 
    select
        category0_.id as id1_0_,
        category0_.created_at as created_2_0_,
        category0_.icon as icon3_0_,
        category0_.name as name4_0_,
        category0_.sort_order as sort_ord5_0_ 
    from
        categories category0_ 
    order by
        category0_.sort_order asc
2026-04-28 14:48:21.023 DEBUG 53092 --- [nio-8080-exec-5] org.hibernate.SQL                        : 
    select
        product0_.id as id1_5_,
        product0_.category_id as categor14_5_,
        product0_.condition_level as conditio2_5_,
        product0_.created_at as created_3_5_,
        product0_.description as descript4_5_,
        product0_.image_url as image_ur5_5_,
        product0_.location as location6_5_,
        product0_.name as name7_5_,
        product0_.original_price as original8_5_,
        product0_.price as price9_5_,
        product0_.reject_reason as reject_10_5_,
        product0_.seller_id as seller_15_5_,
        product0_.status as status11_5_,
        product0_.updated_at as updated12_5_,
        product0_.view_count as view_co13_5_ 
    from
        products product0_ 
    where
        product0_.status=? 
    order by
        product0_.created_at desc limit ?
Hibernate: 
    select
        product0_.id as id1_5_,
        product0_.category_id as categor14_5_,
        product0_.condition_level as conditio2_5_,
        product0_.created_at as created_3_5_,
        product0_.description as descript4_5_,
        product0_.image_url as image_ur5_5_,
        product0_.location as location6_5_,
        product0_.name as name7_5_,
        product0_.original_price as original8_5_,
        product0_.price as price9_5_,
        product0_.reject_reason as reject_10_5_,
        product0_.seller_id as seller_15_5_,
        product0_.status as status11_5_,
        product0_.updated_at as updated12_5_,
        product0_.view_count as view_co13_5_ 
    from
        products product0_ 
    where
        product0_.status=? 
    order by
        product0_.created_at desc limit ?
2026-04-28 14:48:21.025 DEBUG 53092 --- [nio-8080-exec-5] org.hibernate.SQL                        : 
    select
        count(product0_.id) as col_0_0_ 
    from
        products product0_ 
    where
        product0_.status=?
Hibernate: 
    select
        count(product0_.id) as col_0_0_ 
    from
        products product0_ 
    where
        product0_.status=?
2026-04-28 14:48:21.025 DEBUG 53092 --- [nio-8080-exec-5] org.hibernate.SQL                        : 
    select
        user0_.id as id1_7_0_,
        user0_.avatar as avatar2_7_0_,
        user0_.created_at as created_3_7_0_,
        user0_.credit_score as credit_s4_7_0_,
        user0_.email as email5_7_0_,
        user0_.id_card as id_card6_7_0_,
        user0_.nickname as nickname7_7_0_,
        user0_.password as password8_7_0_,
        user0_.phone_number as phone_nu9_7_0_,
        user0_.role as role10_7_0_,
        user0_.status as status11_7_0_,
        user0_.updated_at as updated12_7_0_,
        user0_.username as usernam13_7_0_ 
    from
        users user0_ 
    where
        user0_.id=?
Hibernate: 
    select
        user0_.id as id1_7_0_,
        user0_.avatar as avatar2_7_0_,
        user0_.created_at as created_3_7_0_,
        user0_.credit_score as credit_s4_7_0_,
        user0_.email as email5_7_0_,
        user0_.id_card as id_card6_7_0_,
        user0_.nickname as nickname7_7_0_,
        user0_.password as password8_7_0_,
        user0_.phone_number as phone_nu9_7_0_,
        user0_.role as role10_7_0_,
        user0_.status as status11_7_0_,
        user0_.updated_at as updated12_7_0_,
        user0_.username as usernam13_7_0_ 
    from
        users user0_ 
    where
        user0_.id=?
2026-04-28 14:48:21.026 DEBUG 53092 --- [nio-8080-exec-5] org.hibernate.SQL                        : 
    select
        user0_.id as id1_7_0_,
        user0_.avatar as avatar2_7_0_,
        user0_.created_at as created_3_7_0_,
        user0_.credit_score as credit_s4_7_0_,
        user0_.email as email5_7_0_,
        user0_.id_card as id_card6_7_0_,
        user0_.nickname as nickname7_7_0_,
        user0_.password as password8_7_0_,
        user0_.phone_number as phone_nu9_7_0_,
        user0_.role as role10_7_0_,
        user0_.status as status11_7_0_,
        user0_.updated_at as updated12_7_0_,
        user0_.username as usernam13_7_0_ 
    from
        users user0_ 
    where
        user0_.id=?
Hibernate: 
    select
        user0_.id as id1_7_0_,
        user0_.avatar as avatar2_7_0_,
        user0_.created_at as created_3_7_0_,
        user0_.credit_score as credit_s4_7_0_,
        user0_.email as email5_7_0_,
        user0_.id_card as id_card6_7_0_,
        user0_.nickname as nickname7_7_0_,
        user0_.password as password8_7_0_,
        user0_.phone_number as phone_nu9_7_0_,
        user0_.role as role10_7_0_,
        user0_.status as status11_7_0_,
        user0_.updated_at as updated12_7_0_,
        user0_.username as usernam13_7_0_ 
    from
        users user0_ 
    where
        user0_.id=?
2026-04-28 14:48:21.027 DEBUG 53092 --- [nio-8080-exec-5] org.hibernate.SQL                        : 
    select
        user0_.id as id1_7_0_,
        user0_.avatar as avatar2_7_0_,
        user0_.created_at as created_3_7_0_,
        user0_.credit_score as credit_s4_7_0_,
        user0_.email as email5_7_0_,
        user0_.id_card as id_card6_7_0_,
        user0_.nickname as nickname7_7_0_,
        user0_.password as password8_7_0_,
        user0_.phone_number as phone_nu9_7_0_,
        user0_.role as role10_7_0_,
        user0_.status as status11_7_0_,
        user0_.updated_at as updated12_7_0_,
        user0_.username as usernam13_7_0_ 
    from
        users user0_ 
    where
        user0_.id=?
Hibernate: 
    select
        user0_.id as id1_7_0_,
        user0_.avatar as avatar2_7_0_,
        user0_.created_at as created_3_7_0_,
        user0_.credit_score as credit_s4_7_0_,
        user0_.email as email5_7_0_,
        user0_.id_card as id_card6_7_0_,
        user0_.nickname as nickname7_7_0_,
        user0_.password as password8_7_0_,
        user0_.phone_number as phone_nu9_7_0_,
        user0_.role as role10_7_0_,
        user0_.status as status11_7_0_,
        user0_.updated_at as updated12_7_0_,
        user0_.username as usernam13_7_0_ 
    from
        users user0_ 
    where
        user0_.id=?
2026-04-28 14:48:21.027 DEBUG 53092 --- [nio-8080-exec-5] org.hibernate.SQL                        : 
    select
        user0_.id as id1_7_0_,
        user0_.avatar as avatar2_7_0_,
        user0_.created_at as created_3_7_0_,
        user0_.credit_score as credit_s4_7_0_,
        user0_.email as email5_7_0_,
        user0_.id_card as id_card6_7_0_,
        user0_.nickname as nickname7_7_0_,
        user0_.password as password8_7_0_,
        user0_.phone_number as phone_nu9_7_0_,
        user0_.role as role10_7_0_,
        user0_.status as status11_7_0_,
        user0_.updated_at as updated12_7_0_,
        user0_.username as usernam13_7_0_ 
    from
        users user0_ 
    where
        user0_.id=?
Hibernate: 
    select
        user0_.id as id1_7_0_,
        user0_.avatar as avatar2_7_0_,
        user0_.created_at as created_3_7_0_,
        user0_.credit_score as credit_s4_7_0_,
        user0_.email as email5_7_0_,
        user0_.id_card as id_card6_7_0_,
        user0_.nickname as nickname7_7_0_,
        user0_.password as password8_7_0_,
        user0_.phone_number as phone_nu9_7_0_,
        user0_.role as role10_7_0_,
        user0_.status as status11_7_0_,
        user0_.updated_at as updated12_7_0_,
        user0_.username as usernam13_7_0_ 
    from
        users user0_ 
    where
        user0_.id=?
2026-04-28 14:48:21.028 DEBUG 53092 --- [nio-8080-exec-5] org.hibernate.SQL                        : 
    select
        user0_.id as id1_7_0_,
        user0_.avatar as avatar2_7_0_,
        user0_.created_at as created_3_7_0_,
        user0_.credit_score as credit_s4_7_0_,
        user0_.email as email5_7_0_,
        user0_.id_card as id_card6_7_0_,
        user0_.nickname as nickname7_7_0_,
        user0_.password as password8_7_0_,
        user0_.phone_number as phone_nu9_7_0_,
        user0_.role as role10_7_0_,
        user0_.status as status11_7_0_,
        user0_.updated_at as updated12_7_0_,
        user0_.username as usernam13_7_0_ 
    from
        users user0_ 
    where
        user0_.id=?
Hibernate: 
    select
        user0_.id as id1_7_0_,
        user0_.avatar as avatar2_7_0_,
        user0_.created_at as created_3_7_0_,
        user0_.credit_score as credit_s4_7_0_,
        user0_.email as email5_7_0_,
        user0_.id_card as id_card6_7_0_,
        user0_.nickname as nickname7_7_0_,
        user0_.password as password8_7_0_,
        user0_.phone_number as phone_nu9_7_0_,
        user0_.role as role10_7_0_,
        user0_.status as status11_7_0_,
        user0_.updated_at as updated12_7_0_,
        user0_.username as usernam13_7_0_ 
    from
        users user0_ 
    where
        user0_.id=?
2026-04-28 14:48:22.207 DEBUG 53092 --- [nio-8080-exec-9] org.hibernate.SQL                        : 
    select
        user0_.id as id1_7_0_,
        user0_.avatar as avatar2_7_0_,
        user0_.created_at as created_3_7_0_,
        user0_.credit_score as credit_s4_7_0_,
        user0_.email as email5_7_0_,
        user0_.id_card as id_card6_7_0_,
        user0_.nickname as nickname7_7_0_,
        user0_.password as password8_7_0_,
        user0_.phone_number as phone_nu9_7_0_,
        user0_.role as role10_7_0_,
        user0_.status as status11_7_0_,
        user0_.updated_at as updated12_7_0_,
        user0_.username as usernam13_7_0_ 
    from
        users user0_ 
    where
        user0_.id=?
Hibernate: 
    select
        user0_.id as id1_7_0_,
        user0_.avatar as avatar2_7_0_,
        user0_.created_at as created_3_7_0_,
        user0_.credit_score as credit_s4_7_0_,
        user0_.email as email5_7_0_,
        user0_.id_card as id_card6_7_0_,
        user0_.nickname as nickname7_7_0_,
        user0_.password as password8_7_0_,
        user0_.phone_number as phone_nu9_7_0_,
        user0_.role as role10_7_0_,
        user0_.status as status11_7_0_,
        user0_.updated_at as updated12_7_0_,
        user0_.username as usernam13_7_0_ 
    from
        users user0_ 
    where
        user0_.id=?
2026-04-28 14:48:22.207 DEBUG 53092 --- [nio-8080-exec-2] org.hibernate.SQL                        : 
    select
        user0_.id as id1_7_0_,
        user0_.avatar as avatar2_7_0_,
        user0_.created_at as created_3_7_0_,
        user0_.credit_score as credit_s4_7_0_,
        user0_.email as email5_7_0_,
        user0_.id_card as id_card6_7_0_,
        user0_.nickname as nickname7_7_0_,
        user0_.password as password8_7_0_,
        user0_.phone_number as phone_nu9_7_0_,
        user0_.role as role10_7_0_,
        user0_.status as status11_7_0_,
        user0_.updated_at as updated12_7_0_,
        user0_.username as usernam13_7_0_ 
    from
        users user0_ 
    where
        user0_.id=?
Hibernate: 
    select
        user0_.id as id1_7_0_,
        user0_.avatar as avatar2_7_0_,
        user0_.created_at as created_3_7_0_,
        user0_.credit_score as credit_s4_7_0_,
        user0_.email as email5_7_0_,
        user0_.id_card as id_card6_7_0_,
        user0_.nickname as nickname7_7_0_,
        user0_.password as password8_7_0_,
        user0_.phone_number as phone_nu9_7_0_,
        user0_.role as role10_7_0_,
        user0_.status as status11_7_0_,
        user0_.updated_at as updated12_7_0_,
        user0_.username as usernam13_7_0_ 
    from
        users user0_ 
    where
        user0_.id=?
2026-04-28 14:48:22.208 DEBUG 53092 --- [nio-8080-exec-9] org.hibernate.SQL                        : 
    select
        category0_.id as id1_0_,
        category0_.created_at as created_2_0_,
        category0_.icon as icon3_0_,
        category0_.name as name4_0_,
        category0_.sort_order as sort_ord5_0_ 
    from
        categories category0_ 
    order by
        category0_.sort_order asc
Hibernate: 
    select
        category0_.id as id1_0_,
        category0_.created_at as created_2_0_,
        category0_.icon as icon3_0_,
        category0_.name as name4_0_,
        category0_.sort_order as sort_ord5_0_ 
    from
        categories category0_ 
    order by
        category0_.sort_order asc
2026-04-28 14:48:22.209 DEBUG 53092 --- [nio-8080-exec-2] org.hibernate.SQL                        : 
    select
        product0_.id as id1_5_,
        product0_.category_id as categor14_5_,
        product0_.condition_level as conditio2_5_,
        product0_.created_at as created_3_5_,
        product0_.description as descript4_5_,
        product0_.image_url as image_ur5_5_,
        product0_.location as location6_5_,
        product0_.name as name7_5_,
        product0_.original_price as original8_5_,
        product0_.price as price9_5_,
        product0_.reject_reason as reject_10_5_,
        product0_.seller_id as seller_15_5_,
        product0_.status as status11_5_,
        product0_.updated_at as updated12_5_,
        product0_.view_count as view_co13_5_ 
    from
        products product0_ 
    where
        product0_.status=? 
    order by
        product0_.created_at desc limit ?
Hibernate: 
    select
        product0_.id as id1_5_,
        product0_.category_id as categor14_5_,
        product0_.condition_level as conditio2_5_,
        product0_.created_at as created_3_5_,
        product0_.description as descript4_5_,
        product0_.image_url as image_ur5_5_,
        product0_.location as location6_5_,
        product0_.name as name7_5_,
        product0_.original_price as original8_5_,
        product0_.price as price9_5_,
        product0_.reject_reason as reject_10_5_,
        product0_.seller_id as seller_15_5_,
        product0_.status as status11_5_,
        product0_.updated_at as updated12_5_,
        product0_.view_count as view_co13_5_ 
    from
        products product0_ 
    where
        product0_.status=? 
    order by
        product0_.created_at desc limit ?
2026-04-28 14:48:22.210 DEBUG 53092 --- [nio-8080-exec-2] org.hibernate.SQL                        : 
    select
        count(product0_.id) as col_0_0_ 
    from
        products product0_ 
    where
        product0_.status=?
Hibernate: 
    select
        count(product0_.id) as col_0_0_ 
    from
        products product0_ 
    where
        product0_.status=?
2026-04-28 14:48:22.211 DEBUG 53092 --- [nio-8080-exec-2] org.hibernate.SQL                        : 
    select
        user0_.id as id1_7_0_,
        user0_.avatar as avatar2_7_0_,
        user0_.created_at as created_3_7_0_,
        user0_.credit_score as credit_s4_7_0_,
        user0_.email as email5_7_0_,
        user0_.id_card as id_card6_7_0_,
        user0_.nickname as nickname7_7_0_,
        user0_.password as password8_7_0_,
        user0_.phone_number as phone_nu9_7_0_,
        user0_.role as role10_7_0_,
        user0_.status as status11_7_0_,
        user0_.updated_at as updated12_7_0_,
        user0_.username as usernam13_7_0_ 
    from
        users user0_ 
    where
        user0_.id=?
Hibernate: 
    select
        user0_.id as id1_7_0_,
        user0_.avatar as avatar2_7_0_,
        user0_.created_at as created_3_7_0_,
        user0_.credit_score as credit_s4_7_0_,
        user0_.email as email5_7_0_,
        user0_.id_card as id_card6_7_0_,
        user0_.nickname as nickname7_7_0_,
        user0_.password as password8_7_0_,
        user0_.phone_number as phone_nu9_7_0_,
        user0_.role as role10_7_0_,
        user0_.status as status11_7_0_,
        user0_.updated_at as updated12_7_0_,
        user0_.username as usernam13_7_0_ 
    from
        users user0_ 
    where
        user0_.id=?
2026-04-28 14:48:22.212 DEBUG 53092 --- [nio-8080-exec-2] org.hibernate.SQL                        : 
    select
        user0_.id as id1_7_0_,
        user0_.avatar as avatar2_7_0_,
        user0_.created_at as created_3_7_0_,
        user0_.credit_score as credit_s4_7_0_,
        user0_.email as email5_7_0_,
        user0_.id_card as id_card6_7_0_,
        user0_.nickname as nickname7_7_0_,
        user0_.password as password8_7_0_,
        user0_.phone_number as phone_nu9_7_0_,
        user0_.role as role10_7_0_,
        user0_.status as status11_7_0_,
        user0_.updated_at as updated12_7_0_,
        user0_.username as usernam13_7_0_ 
    from
        users user0_ 
    where
        user0_.id=?
Hibernate: 
    select
        user0_.id as id1_7_0_,
        user0_.avatar as avatar2_7_0_,
        user0_.created_at as created_3_7_0_,
        user0_.credit_score as credit_s4_7_0_,
        user0_.email as email5_7_0_,
        user0_.id_card as id_card6_7_0_,
        user0_.nickname as nickname7_7_0_,
        user0_.password as password8_7_0_,
        user0_.phone_number as phone_nu9_7_0_,
        user0_.role as role10_7_0_,
        user0_.status as status11_7_0_,
        user0_.updated_at as updated12_7_0_,
        user0_.username as usernam13_7_0_ 
    from
        users user0_ 
    where
        user0_.id=?
2026-04-28 14:48:22.212 DEBUG 53092 --- [nio-8080-exec-2] org.hibernate.SQL                        : 
    select
        user0_.id as id1_7_0_,
        user0_.avatar as avatar2_7_0_,
        user0_.created_at as created_3_7_0_,
        user0_.credit_score as credit_s4_7_0_,
        user0_.email as email5_7_0_,
        user0_.id_card as id_card6_7_0_,
        user0_.nickname as nickname7_7_0_,
        user0_.password as password8_7_0_,
        user0_.phone_number as phone_nu9_7_0_,
        user0_.role as role10_7_0_,
        user0_.status as status11_7_0_,
        user0_.updated_at as updated12_7_0_,
        user0_.username as usernam13_7_0_ 
    from
        users user0_ 
    where
        user0_.id=?
Hibernate: 
    select
        user0_.id as id1_7_0_,
        user0_.avatar as avatar2_7_0_,
        user0_.created_at as created_3_7_0_,
        user0_.credit_score as credit_s4_7_0_,
        user0_.email as email5_7_0_,
        user0_.id_card as id_card6_7_0_,
        user0_.nickname as nickname7_7_0_,
        user0_.password as password8_7_0_,
        user0_.phone_number as phone_nu9_7_0_,
        user0_.role as role10_7_0_,
        user0_.status as status11_7_0_,
        user0_.updated_at as updated12_7_0_,
        user0_.username as usernam13_7_0_ 
    from
        users user0_ 
    where
        user0_.id=?
2026-04-28 14:48:22.213 DEBUG 53092 --- [nio-8080-exec-2] org.hibernate.SQL                        : 
    select
        user0_.id as id1_7_0_,
        user0_.avatar as avatar2_7_0_,
        user0_.created_at as created_3_7_0_,
        user0_.credit_score as credit_s4_7_0_,
        user0_.email as email5_7_0_,
        user0_.id_card as id_card6_7_0_,
        user0_.nickname as nickname7_7_0_,
        user0_.password as password8_7_0_,
        user0_.phone_number as phone_nu9_7_0_,
        user0_.role as role10_7_0_,
        user0_.status as status11_7_0_,
        user0_.updated_at as updated12_7_0_,
        user0_.username as usernam13_7_0_ 
    from
        users user0_ 
    where
        user0_.id=?
Hibernate: 
    select
        user0_.id as id1_7_0_,
        user0_.avatar as avatar2_7_0_,
        user0_.created_at as created_3_7_0_,
        user0_.credit_score as credit_s4_7_0_,
        user0_.email as email5_7_0_,
        user0_.id_card as id_card6_7_0_,
        user0_.nickname as nickname7_7_0_,
        user0_.password as password8_7_0_,
        user0_.phone_number as phone_nu9_7_0_,
        user0_.role as role10_7_0_,
        user0_.status as status11_7_0_,
        user0_.updated_at as updated12_7_0_,
        user0_.username as usernam13_7_0_ 
    from
        users user0_ 
    where
        user0_.id=?
2026-04-28 14:48:22.213 DEBUG 53092 --- [nio-8080-exec-2] org.hibernate.SQL                        : 
    select
        user0_.id as id1_7_0_,
        user0_.avatar as avatar2_7_0_,
        user0_.created_at as created_3_7_0_,
        user0_.credit_score as credit_s4_7_0_,
        user0_.email as email5_7_0_,
        user0_.id_card as id_card6_7_0_,
        user0_.nickname as nickname7_7_0_,
        user0_.password as password8_7_0_,
        user0_.phone_number as phone_nu9_7_0_,
        user0_.role as role10_7_0_,
        user0_.status as status11_7_0_,
        user0_.updated_at as updated12_7_0_,
        user0_.username as usernam13_7_0_ 
    from
        users user0_ 
    where
        user0_.id=?
Hibernate: 
    select
        user0_.id as id1_7_0_,
        user0_.avatar as avatar2_7_0_,
        user0_.created_at as created_3_7_0_,
        user0_.credit_score as credit_s4_7_0_,
        user0_.email as email5_7_0_,
        user0_.id_card as id_card6_7_0_,
        user0_.nickname as nickname7_7_0_,
        user0_.password as password8_7_0_,
        user0_.phone_number as phone_nu9_7_0_,
        user0_.role as role10_7_0_,
        user0_.status as status11_7_0_,
        user0_.updated_at as updated12_7_0_,
        user0_.username as usernam13_7_0_ 
    from
        users user0_ 
    where
        user0_.id=?
2026-04-28 14:48:22.577 DEBUG 53092 --- [nio-8080-exec-1] org.hibernate.SQL                        : 
    select
        user0_.id as id1_7_0_,
        user0_.avatar as avatar2_7_0_,
        user0_.created_at as created_3_7_0_,
        user0_.credit_score as credit_s4_7_0_,
        user0_.email as email5_7_0_,
        user0_.id_card as id_card6_7_0_,
        user0_.nickname as nickname7_7_0_,
        user0_.password as password8_7_0_,
        user0_.phone_number as phone_nu9_7_0_,
        user0_.role as role10_7_0_,
        user0_.status as status11_7_0_,
        user0_.updated_at as updated12_7_0_,
        user0_.username as usernam13_7_0_ 
    from
        users user0_ 
    where
        user0_.id=?
Hibernate: 
    select
        user0_.id as id1_7_0_,
        user0_.avatar as avatar2_7_0_,
        user0_.created_at as created_3_7_0_,
        user0_.credit_score as credit_s4_7_0_,
        user0_.email as email5_7_0_,
        user0_.id_card as id_card6_7_0_,
        user0_.nickname as nickname7_7_0_,
        user0_.password as password8_7_0_,
        user0_.phone_number as phone_nu9_7_0_,
        user0_.role as role10_7_0_,
        user0_.status as status11_7_0_,
        user0_.updated_at as updated12_7_0_,
        user0_.username as usernam13_7_0_ 
    from
        users user0_ 
    where
        user0_.id=?
2026-04-28 14:48:22.577 DEBUG 53092 --- [io-8080-exec-10] org.hibernate.SQL                        : 
    select
        user0_.id as id1_7_0_,
        user0_.avatar as avatar2_7_0_,
        user0_.created_at as created_3_7_0_,
        user0_.credit_score as credit_s4_7_0_,
        user0_.email as email5_7_0_,
        user0_.id_card as id_card6_7_0_,
        user0_.nickname as nickname7_7_0_,
        user0_.password as password8_7_0_,
        user0_.phone_number as phone_nu9_7_0_,
        user0_.role as role10_7_0_,
        user0_.status as status11_7_0_,
        user0_.updated_at as updated12_7_0_,
        user0_.username as usernam13_7_0_ 
    from
        users user0_ 
    where
        user0_.id=?
Hibernate: 
    select
        user0_.id as id1_7_0_,
        user0_.avatar as avatar2_7_0_,
        user0_.created_at as created_3_7_0_,
        user0_.credit_score as credit_s4_7_0_,
        user0_.email as email5_7_0_,
        user0_.id_card as id_card6_7_0_,
        user0_.nickname as nickname7_7_0_,
        user0_.password as password8_7_0_,
        user0_.phone_number as phone_nu9_7_0_,
        user0_.role as role10_7_0_,
        user0_.status as status11_7_0_,
        user0_.updated_at as updated12_7_0_,
        user0_.username as usernam13_7_0_ 
    from
        users user0_ 
    where
        user0_.id=?
2026-04-28 14:48:22.579 DEBUG 53092 --- [io-8080-exec-10] org.hibernate.SQL                        : 
    select
        category0_.id as id1_0_,
        category0_.created_at as created_2_0_,
        category0_.icon as icon3_0_,
        category0_.name as name4_0_,
        category0_.sort_order as sort_ord5_0_ 
    from
        categories category0_ 
    order by
        category0_.sort_order asc
Hibernate: 
    select
        category0_.id as id1_0_,
        category0_.created_at as created_2_0_,
        category0_.icon as icon3_0_,
        category0_.name as name4_0_,
        category0_.sort_order as sort_ord5_0_ 
    from
        categories category0_ 
    order by
        category0_.sort_order asc
2026-04-28 14:48:22.579 DEBUG 53092 --- [nio-8080-exec-1] org.hibernate.SQL                        : 
    select
        product0_.id as id1_5_,
        product0_.category_id as categor14_5_,
        product0_.condition_level as conditio2_5_,
        product0_.created_at as created_3_5_,
        product0_.description as descript4_5_,
        product0_.image_url as image_ur5_5_,
        product0_.location as location6_5_,
        product0_.name as name7_5_,
        product0_.original_price as original8_5_,
        product0_.price as price9_5_,
        product0_.reject_reason as reject_10_5_,
        product0_.seller_id as seller_15_5_,
        product0_.status as status11_5_,
        product0_.updated_at as updated12_5_,
        product0_.view_count as view_co13_5_ 
    from
        products product0_ 
    where
        product0_.status=? 
    order by
        product0_.created_at desc limit ?
Hibernate: 
    select
        product0_.id as id1_5_,
        product0_.category_id as categor14_5_,
        product0_.condition_level as conditio2_5_,
        product0_.created_at as created_3_5_,
        product0_.description as descript4_5_,
        product0_.image_url as image_ur5_5_,
        product0_.location as location6_5_,
        product0_.name as name7_5_,
        product0_.original_price as original8_5_,
        product0_.price as price9_5_,
        product0_.reject_reason as reject_10_5_,
        product0_.seller_id as seller_15_5_,
        product0_.status as status11_5_,
        product0_.updated_at as updated12_5_,
        product0_.view_count as view_co13_5_ 
    from
        products product0_ 
    where
        product0_.status=? 
    order by
        product0_.created_at desc limit ?
2026-04-28 14:48:22.580 DEBUG 53092 --- [nio-8080-exec-1] org.hibernate.SQL                        : 
    select
        count(product0_.id) as col_0_0_ 
    from
        products product0_ 
    where
        product0_.status=?
Hibernate: 
    select
        count(product0_.id) as col_0_0_ 
    from
        products product0_ 
    where
        product0_.status=?
2026-04-28 14:48:22.581 DEBUG 53092 --- [nio-8080-exec-1] org.hibernate.SQL                        : 
    select
        user0_.id as id1_7_0_,
        user0_.avatar as avatar2_7_0_,
        user0_.created_at as created_3_7_0_,
        user0_.credit_score as credit_s4_7_0_,
        user0_.email as email5_7_0_,
        user0_.id_card as id_card6_7_0_,
        user0_.nickname as nickname7_7_0_,
        user0_.password as password8_7_0_,
        user0_.phone_number as phone_nu9_7_0_,
        user0_.role as role10_7_0_,
        user0_.status as status11_7_0_,
        user0_.updated_at as updated12_7_0_,
        user0_.username as usernam13_7_0_ 
    from
        users user0_ 
    where
        user0_.id=?
Hibernate: 
    select
        user0_.id as id1_7_0_,
        user0_.avatar as avatar2_7_0_,
        user0_.created_at as created_3_7_0_,
        user0_.credit_score as credit_s4_7_0_,
        user0_.email as email5_7_0_,
        user0_.id_card as id_card6_7_0_,
        user0_.nickname as nickname7_7_0_,
        user0_.password as password8_7_0_,
        user0_.phone_number as phone_nu9_7_0_,
        user0_.role as role10_7_0_,
        user0_.status as status11_7_0_,
        user0_.updated_at as updated12_7_0_,
        user0_.username as usernam13_7_0_ 
    from
        users user0_ 
    where
        user0_.id=?
2026-04-28 14:48:22.582 DEBUG 53092 --- [nio-8080-exec-1] org.hibernate.SQL                        : 
    select
        user0_.id as id1_7_0_,
        user0_.avatar as avatar2_7_0_,
        user0_.created_at as created_3_7_0_,
        user0_.credit_score as credit_s4_7_0_,
        user0_.email as email5_7_0_,
        user0_.id_card as id_card6_7_0_,
        user0_.nickname as nickname7_7_0_,
        user0_.password as password8_7_0_,
        user0_.phone_number as phone_nu9_7_0_,
        user0_.role as role10_7_0_,
        user0_.status as status11_7_0_,
        user0_.updated_at as updated12_7_0_,
        user0_.username as usernam13_7_0_ 
    from
        users user0_ 
    where
        user0_.id=?
Hibernate: 
    select
        user0_.id as id1_7_0_,
        user0_.avatar as avatar2_7_0_,
        user0_.created_at as created_3_7_0_,
        user0_.credit_score as credit_s4_7_0_,
        user0_.email as email5_7_0_,
        user0_.id_card as id_card6_7_0_,
        user0_.nickname as nickname7_7_0_,
        user0_.password as password8_7_0_,
        user0_.phone_number as phone_nu9_7_0_,
        user0_.role as role10_7_0_,
        user0_.status as status11_7_0_,
        user0_.updated_at as updated12_7_0_,
        user0_.username as usernam13_7_0_ 
    from
        users user0_ 
    where
        user0_.id=?
2026-04-28 14:48:22.582 DEBUG 53092 --- [nio-8080-exec-1] org.hibernate.SQL                        : 
    select
        user0_.id as id1_7_0_,
        user0_.avatar as avatar2_7_0_,
        user0_.created_at as created_3_7_0_,
        user0_.credit_score as credit_s4_7_0_,
        user0_.email as email5_7_0_,
        user0_.id_card as id_card6_7_0_,
        user0_.nickname as nickname7_7_0_,
        user0_.password as password8_7_0_,
        user0_.phone_number as phone_nu9_7_0_,
        user0_.role as role10_7_0_,
        user0_.status as status11_7_0_,
        user0_.updated_at as updated12_7_0_,
        user0_.username as usernam13_7_0_ 
    from
        users user0_ 
    where
        user0_.id=?
Hibernate: 
    select
        user0_.id as id1_7_0_,
        user0_.avatar as avatar2_7_0_,
        user0_.created_at as created_3_7_0_,
        user0_.credit_score as credit_s4_7_0_,
        user0_.email as email5_7_0_,
        user0_.id_card as id_card6_7_0_,
        user0_.nickname as nickname7_7_0_,
        user0_.password as password8_7_0_,
        user0_.phone_number as phone_nu9_7_0_,
        user0_.role as role10_7_0_,
        user0_.status as status11_7_0_,
        user0_.updated_at as updated12_7_0_,
        user0_.username as usernam13_7_0_ 
    from
        users user0_ 
    where
        user0_.id=?
2026-04-28 14:48:22.583 DEBUG 53092 --- [nio-8080-exec-1] org.hibernate.SQL                        : 
    select
        user0_.id as id1_7_0_,
        user0_.avatar as avatar2_7_0_,
        user0_.created_at as created_3_7_0_,
        user0_.credit_score as credit_s4_7_0_,
        user0_.email as email5_7_0_,
        user0_.id_card as id_card6_7_0_,
        user0_.nickname as nickname7_7_0_,
        user0_.password as password8_7_0_,
        user0_.phone_number as phone_nu9_7_0_,
        user0_.role as role10_7_0_,
        user0_.status as status11_7_0_,
        user0_.updated_at as updated12_7_0_,
        user0_.username as usernam13_7_0_ 
    from
        users user0_ 
    where
        user0_.id=?
Hibernate: 
    select
        user0_.id as id1_7_0_,
        user0_.avatar as avatar2_7_0_,
        user0_.created_at as created_3_7_0_,
        user0_.credit_score as credit_s4_7_0_,
        user0_.email as email5_7_0_,
        user0_.id_card as id_card6_7_0_,
        user0_.nickname as nickname7_7_0_,
        user0_.password as password8_7_0_,
        user0_.phone_number as phone_nu9_7_0_,
        user0_.role as role10_7_0_,
        user0_.status as status11_7_0_,
        user0_.updated_at as updated12_7_0_,
        user0_.username as usernam13_7_0_ 
    from
        users user0_ 
    where
        user0_.id=?
2026-04-28 14:48:22.583 DEBUG 53092 --- [nio-8080-exec-1] org.hibernate.SQL                        : 
    select
        user0_.id as id1_7_0_,
        user0_.avatar as avatar2_7_0_,
        user0_.created_at as created_3_7_0_,
        user0_.credit_score as credit_s4_7_0_,
        user0_.email as email5_7_0_,
        user0_.id_card as id_card6_7_0_,
        user0_.nickname as nickname7_7_0_,
        user0_.password as password8_7_0_,
        user0_.phone_number as phone_nu9_7_0_,
        user0_.role as role10_7_0_,
        user0_.status as status11_7_0_,
        user0_.updated_at as updated12_7_0_,
        user0_.username as usernam13_7_0_ 
    from
        users user0_ 
    where
        user0_.id=?
Hibernate: 
    select
        user0_.id as id1_7_0_,
        user0_.avatar as avatar2_7_0_,
        user0_.created_at as created_3_7_0_,
        user0_.credit_score as credit_s4_7_0_,
        user0_.email as email5_7_0_,
        user0_.id_card as id_card6_7_0_,
        user0_.nickname as nickname7_7_0_,
        user0_.password as password8_7_0_,
        user0_.phone_number as phone_nu9_7_0_,
        user0_.role as role10_7_0_,
        user0_.status as status11_7_0_,
        user0_.updated_at as updated12_7_0_,
        user0_.username as usernam13_7_0_ 
    from
        users user0_ 
    where
        user0_.id=?
2026-04-28 14:48:23.460 DEBUG 53092 --- [nio-8080-exec-8] org.hibernate.SQL                        : 
    select
        user0_.id as id1_7_0_,
        user0_.avatar as avatar2_7_0_,
        user0_.created_at as created_3_7_0_,
        user0_.credit_score as credit_s4_7_0_,
        user0_.email as email5_7_0_,
        user0_.id_card as id_card6_7_0_,
        user0_.nickname as nickname7_7_0_,
        user0_.password as password8_7_0_,
        user0_.phone_number as phone_nu9_7_0_,
        user0_.role as role10_7_0_,
        user0_.status as status11_7_0_,
        user0_.updated_at as updated12_7_0_,
        user0_.username as usernam13_7_0_ 
    from
        users user0_ 
    where
        user0_.id=?
Hibernate: 
    select
        user0_.id as id1_7_0_,
        user0_.avatar as avatar2_7_0_,
        user0_.created_at as created_3_7_0_,
        user0_.credit_score as credit_s4_7_0_,
        user0_.email as email5_7_0_,
        user0_.id_card as id_card6_7_0_,
        user0_.nickname as nickname7_7_0_,
        user0_.password as password8_7_0_,
        user0_.phone_number as phone_nu9_7_0_,
        user0_.role as role10_7_0_,
        user0_.status as status11_7_0_,
        user0_.updated_at as updated12_7_0_,
        user0_.username as usernam13_7_0_ 
    from
        users user0_ 
    where
        user0_.id=?
2026-04-28 14:48:23.462 DEBUG 53092 --- [nio-8080-exec-8] org.hibernate.SQL                        : 
    select
        user0_.id as id1_7_0_,
        user0_.avatar as avatar2_7_0_,
        user0_.created_at as created_3_7_0_,
        user0_.credit_score as credit_s4_7_0_,
        user0_.email as email5_7_0_,
        user0_.id_card as id_card6_7_0_,
        user0_.nickname as nickname7_7_0_,
        user0_.password as password8_7_0_,
        user0_.phone_number as phone_nu9_7_0_,
        user0_.role as role10_7_0_,
        user0_.status as status11_7_0_,
        user0_.updated_at as updated12_7_0_,
        user0_.username as usernam13_7_0_ 
    from
        users user0_ 
    where
        user0_.id=?
Hibernate: 
    select
        user0_.id as id1_7_0_,
        user0_.avatar as avatar2_7_0_,
        user0_.created_at as created_3_7_0_,
        user0_.credit_score as credit_s4_7_0_,
        user0_.email as email5_7_0_,
        user0_.id_card as id_card6_7_0_,
        user0_.nickname as nickname7_7_0_,
        user0_.password as password8_7_0_,
        user0_.phone_number as phone_nu9_7_0_,
        user0_.role as role10_7_0_,
        user0_.status as status11_7_0_,
        user0_.updated_at as updated12_7_0_,
        user0_.username as usernam13_7_0_ 
    from
        users user0_ 
    where
        user0_.id=?
2026-04-28 14:48:27.909 DEBUG 53092 --- [nio-8080-exec-6] org.hibernate.SQL                        : 
    select
        user0_.id as id1_7_0_,
        user0_.avatar as avatar2_7_0_,
        user0_.created_at as created_3_7_0_,
        user0_.credit_score as credit_s4_7_0_,
        user0_.email as email5_7_0_,
        user0_.id_card as id_card6_7_0_,
        user0_.nickname as nickname7_7_0_,
        user0_.password as password8_7_0_,
        user0_.phone_number as phone_nu9_7_0_,
        user0_.role as role10_7_0_,
        user0_.status as status11_7_0_,
        user0_.updated_at as updated12_7_0_,
        user0_.username as usernam13_7_0_ 
    from
        users user0_ 
    where
        user0_.id=?
Hibernate: 
    select
        user0_.id as id1_7_0_,
        user0_.avatar as avatar2_7_0_,
        user0_.created_at as created_3_7_0_,
        user0_.credit_score as credit_s4_7_0_,
        user0_.email as email5_7_0_,
        user0_.id_card as id_card6_7_0_,
        user0_.nickname as nickname7_7_0_,
        user0_.password as password8_7_0_,
        user0_.phone_number as phone_nu9_7_0_,
        user0_.role as role10_7_0_,
        user0_.status as status11_7_0_,
        user0_.updated_at as updated12_7_0_,
        user0_.username as usernam13_7_0_ 
    from
        users user0_ 
    where
        user0_.id=?
2026-04-28 14:48:27.911 DEBUG 53092 --- [nio-8080-exec-6] org.hibernate.SQL                        : 
    select
        user0_.id as id1_7_0_,
        user0_.avatar as avatar2_7_0_,
        user0_.created_at as created_3_7_0_,
        user0_.credit_score as credit_s4_7_0_,
        user0_.email as email5_7_0_,
        user0_.id_card as id_card6_7_0_,
        user0_.nickname as nickname7_7_0_,
        user0_.password as password8_7_0_,
        user0_.phone_number as phone_nu9_7_0_,
        user0_.role as role10_7_0_,
        user0_.status as status11_7_0_,
        user0_.updated_at as updated12_7_0_,
        user0_.username as usernam13_7_0_ 
    from
        users user0_ 
    where
        user0_.id=?
Hibernate: 
    select
        user0_.id as id1_7_0_,
        user0_.avatar as avatar2_7_0_,
        user0_.created_at as created_3_7_0_,
        user0_.credit_score as credit_s4_7_0_,
        user0_.email as email5_7_0_,
        user0_.id_card as id_card6_7_0_,
        user0_.nickname as nickname7_7_0_,
        user0_.password as password8_7_0_,
        user0_.phone_number as phone_nu9_7_0_,
        user0_.role as role10_7_0_,
        user0_.status as status11_7_0_,
        user0_.updated_at as updated12_7_0_,
        user0_.username as usernam13_7_0_ 
    from
        users user0_ 
    where
        user0_.id=?
2026-04-28 14:48:29.593 DEBUG 53092 --- [nio-8080-exec-7] org.hibernate.SQL                        : 
    select
        user0_.id as id1_7_0_,
        user0_.avatar as avatar2_7_0_,
        user0_.created_at as created_3_7_0_,
        user0_.credit_score as credit_s4_7_0_,
        user0_.email as email5_7_0_,
        user0_.id_card as id_card6_7_0_,
        user0_.nickname as nickname7_7_0_,
        user0_.password as password8_7_0_,
        user0_.phone_number as phone_nu9_7_0_,
        user0_.role as role10_7_0_,
        user0_.status as status11_7_0_,
        user0_.updated_at as updated12_7_0_,
        user0_.username as usernam13_7_0_ 
    from
        users user0_ 
    where
        user0_.id=?
Hibernate: 
    select
        user0_.id as id1_7_0_,
        user0_.avatar as avatar2_7_0_,
        user0_.created_at as created_3_7_0_,
        user0_.credit_score as credit_s4_7_0_,
        user0_.email as email5_7_0_,
        user0_.id_card as id_card6_7_0_,
        user0_.nickname as nickname7_7_0_,
        user0_.password as password8_7_0_,
        user0_.phone_number as phone_nu9_7_0_,
        user0_.role as role10_7_0_,
        user0_.status as status11_7_0_,
        user0_.updated_at as updated12_7_0_,
        user0_.username as usernam13_7_0_ 
    from
        users user0_ 
    where
        user0_.id=?
2026-04-28 14:48:29.596 DEBUG 53092 --- [nio-8080-exec-7] org.hibernate.SQL                        : 
    select
        user0_.id as id1_7_0_,
        user0_.avatar as avatar2_7_0_,
        user0_.created_at as created_3_7_0_,
        user0_.credit_score as credit_s4_7_0_,
        user0_.email as email5_7_0_,
        user0_.id_card as id_card6_7_0_,
        user0_.nickname as nickname7_7_0_,
        user0_.password as password8_7_0_,
        user0_.phone_number as phone_nu9_7_0_,
        user0_.role as role10_7_0_,
        user0_.status as status11_7_0_,
        user0_.updated_at as updated12_7_0_,
        user0_.username as usernam13_7_0_ 
    from
        users user0_ 
    where
        user0_.id=?
Hibernate: 
    select
        user0_.id as id1_7_0_,
        user0_.avatar as avatar2_7_0_,
        user0_.created_at as created_3_7_0_,
        user0_.credit_score as credit_s4_7_0_,
        user0_.email as email5_7_0_,
        user0_.id_card as id_card6_7_0_,
        user0_.nickname as nickname7_7_0_,
        user0_.password as password8_7_0_,
        user0_.phone_number as phone_nu9_7_0_,
        user0_.role as role10_7_0_,
        user0_.status as status11_7_0_,
        user0_.updated_at as updated12_7_0_,
        user0_.username as usernam13_7_0_ 
    from
        users user0_ 
    where
        user0_.id=?
2026-04-28 14:48:30.473 DEBUG 53092 --- [nio-8080-exec-1] org.hibernate.SQL                        : 
    select
        user0_.id as id1_7_0_,
        user0_.avatar as avatar2_7_0_,
        user0_.created_at as created_3_7_0_,
        user0_.credit_score as credit_s4_7_0_,
        user0_.email as email5_7_0_,
        user0_.id_card as id_card6_7_0_,
        user0_.nickname as nickname7_7_0_,
        user0_.password as password8_7_0_,
        user0_.phone_number as phone_nu9_7_0_,
        user0_.role as role10_7_0_,
        user0_.status as status11_7_0_,
        user0_.updated_at as updated12_7_0_,
        user0_.username as usernam13_7_0_ 
    from
        users user0_ 
    where
        user0_.id=?
Hibernate: 
    select
        user0_.id as id1_7_0_,
        user0_.avatar as avatar2_7_0_,
        user0_.created_at as created_3_7_0_,
        user0_.credit_score as credit_s4_7_0_,
        user0_.email as email5_7_0_,
        user0_.id_card as id_card6_7_0_,
        user0_.nickname as nickname7_7_0_,
        user0_.password as password8_7_0_,
        user0_.phone_number as phone_nu9_7_0_,
        user0_.role as role10_7_0_,
        user0_.status as status11_7_0_,
        user0_.updated_at as updated12_7_0_,
        user0_.username as usernam13_7_0_ 
    from
        users user0_ 
    where
        user0_.id=?
2026-04-28 14:48:30.473 DEBUG 53092 --- [io-8080-exec-10] org.hibernate.SQL                        : 
    select
        user0_.id as id1_7_0_,
        user0_.avatar as avatar2_7_0_,
        user0_.created_at as created_3_7_0_,
        user0_.credit_score as credit_s4_7_0_,
        user0_.email as email5_7_0_,
        user0_.id_card as id_card6_7_0_,
        user0_.nickname as nickname7_7_0_,
        user0_.password as password8_7_0_,
        user0_.phone_number as phone_nu9_7_0_,
        user0_.role as role10_7_0_,
        user0_.status as status11_7_0_,
        user0_.updated_at as updated12_7_0_,
        user0_.username as usernam13_7_0_ 
    from
        users user0_ 
    where
        user0_.id=?
Hibernate: 
    select
        user0_.id as id1_7_0_,
        user0_.avatar as avatar2_7_0_,
        user0_.created_at as created_3_7_0_,
        user0_.credit_score as credit_s4_7_0_,
        user0_.email as email5_7_0_,
        user0_.id_card as id_card6_7_0_,
        user0_.nickname as nickname7_7_0_,
        user0_.password as password8_7_0_,
        user0_.phone_number as phone_nu9_7_0_,
        user0_.role as role10_7_0_,
        user0_.status as status11_7_0_,
        user0_.updated_at as updated12_7_0_,
        user0_.username as usernam13_7_0_ 
    from
        users user0_ 
    where
        user0_.id=?
2026-04-28 14:48:30.473 DEBUG 53092 --- [nio-8080-exec-4] org.hibernate.SQL                        : 
    select
        user0_.id as id1_7_0_,
        user0_.avatar as avatar2_7_0_,
        user0_.created_at as created_3_7_0_,
        user0_.credit_score as credit_s4_7_0_,
        user0_.email as email5_7_0_,
        user0_.id_card as id_card6_7_0_,
        user0_.nickname as nickname7_7_0_,
        user0_.password as password8_7_0_,
        user0_.phone_number as phone_nu9_7_0_,
        user0_.role as role10_7_0_,
        user0_.status as status11_7_0_,
        user0_.updated_at as updated12_7_0_,
        user0_.username as usernam13_7_0_ 
    from
        users user0_ 
    where
        user0_.id=?
Hibernate: 
    select
        user0_.id as id1_7_0_,
        user0_.avatar as avatar2_7_0_,
        user0_.created_at as created_3_7_0_,
        user0_.credit_score as credit_s4_7_0_,
        user0_.email as email5_7_0_,
        user0_.id_card as id_card6_7_0_,
        user0_.nickname as nickname7_7_0_,
        user0_.password as password8_7_0_,
        user0_.phone_number as phone_nu9_7_0_,
        user0_.role as role10_7_0_,
        user0_.status as status11_7_0_,
        user0_.updated_at as updated12_7_0_,
        user0_.username as usernam13_7_0_ 
    from
        users user0_ 
    where
        user0_.id=?
2026-04-28 14:48:30.474 DEBUG 53092 --- [io-8080-exec-10] org.hibernate.SQL                        : 
    select
        user0_.id as id1_7_,
        user0_.avatar as avatar2_7_,
        user0_.created_at as created_3_7_,
        user0_.credit_score as credit_s4_7_,
        user0_.email as email5_7_,
        user0_.id_card as id_card6_7_,
        user0_.nickname as nickname7_7_,
        user0_.password as password8_7_,
        user0_.phone_number as phone_nu9_7_,
        user0_.role as role10_7_,
        user0_.status as status11_7_,
        user0_.updated_at as updated12_7_,
        user0_.username as usernam13_7_ 
    from
        users user0_ 
    where
        user0_.status=? 
    order by
        user0_.created_at asc limit ?
Hibernate: 
    select
        user0_.id as id1_7_,
        user0_.avatar as avatar2_7_,
        user0_.created_at as created_3_7_,
        user0_.credit_score as credit_s4_7_,
        user0_.email as email5_7_,
        user0_.id_card as id_card6_7_,
        user0_.nickname as nickname7_7_,
        user0_.password as password8_7_,
        user0_.phone_number as phone_nu9_7_,
        user0_.role as role10_7_,
        user0_.status as status11_7_,
        user0_.updated_at as updated12_7_,
        user0_.username as usernam13_7_ 
    from
        users user0_ 
    where
        user0_.status=? 
    order by
        user0_.created_at asc limit ?
2026-04-28 14:48:30.474 DEBUG 53092 --- [nio-8080-exec-4] org.hibernate.SQL                        : 
    select
        product0_.id as id1_5_,
        product0_.category_id as categor14_5_,
        product0_.condition_level as conditio2_5_,
        product0_.created_at as created_3_5_,
        product0_.description as descript4_5_,
        product0_.image_url as image_ur5_5_,
        product0_.location as location6_5_,
        product0_.name as name7_5_,
        product0_.original_price as original8_5_,
        product0_.price as price9_5_,
        product0_.reject_reason as reject_10_5_,
        product0_.seller_id as seller_15_5_,
        product0_.status as status11_5_,
        product0_.updated_at as updated12_5_,
        product0_.view_count as view_co13_5_ 
    from
        products product0_ 
    where
        product0_.status=? 
    order by
        product0_.created_at asc limit ?
Hibernate: 
    select
        product0_.id as id1_5_,
        product0_.category_id as categor14_5_,
        product0_.condition_level as conditio2_5_,
        product0_.created_at as created_3_5_,
        product0_.description as descript4_5_,
        product0_.image_url as image_ur5_5_,
        product0_.location as location6_5_,
        product0_.name as name7_5_,
        product0_.original_price as original8_5_,
        product0_.price as price9_5_,
        product0_.reject_reason as reject_10_5_,
        product0_.seller_id as seller_15_5_,
        product0_.status as status11_5_,
        product0_.updated_at as updated12_5_,
        product0_.view_count as view_co13_5_ 
    from
        products product0_ 
    where
        product0_.status=? 
    order by
        product0_.created_at asc limit ?
2026-04-28 14:48:30.474 DEBUG 53092 --- [nio-8080-exec-1] org.hibernate.SQL                        : 
    select
        review0_.id as id1_6_,
        review0_.audit_remark as audit_re2_6_,
        review0_.audit_status as audit_st3_6_,
        review0_.comment as comment4_6_,
        review0_.created_at as created_5_6_,
        review0_.desc_score as desc_sco6_6_,
        review0_.images as images7_6_,
        review0_.order_id as order_i11_6_,
        review0_.product_id as product12_6_,
        review0_.rating as rating8_6_,
        review0_.service_score as service_9_6_,
        review0_.ship_score as ship_sc10_6_,
        review0_.user_id as user_id13_6_ 
    from
        reviews review0_ 
    where
        review0_.audit_status=? 
    order by
        review0_.created_at asc limit ?
Hibernate: 
    select
        review0_.id as id1_6_,
        review0_.audit_remark as audit_re2_6_,
        review0_.audit_status as audit_st3_6_,
        review0_.comment as comment4_6_,
        review0_.created_at as created_5_6_,
        review0_.desc_score as desc_sco6_6_,
        review0_.images as images7_6_,
        review0_.order_id as order_i11_6_,
        review0_.product_id as product12_6_,
        review0_.rating as rating8_6_,
        review0_.service_score as service_9_6_,
        review0_.ship_score as ship_sc10_6_,
        review0_.user_id as user_id13_6_ 
    from
        reviews review0_ 
    where
        review0_.audit_status=? 
    order by
        review0_.created_at asc limit ?
2026-04-28 14:48:31.507 DEBUG 53092 --- [nio-8080-exec-8] org.hibernate.SQL                        : 
    select
        user0_.id as id1_7_0_,
        user0_.avatar as avatar2_7_0_,
        user0_.created_at as created_3_7_0_,
        user0_.credit_score as credit_s4_7_0_,
        user0_.email as email5_7_0_,
        user0_.id_card as id_card6_7_0_,
        user0_.nickname as nickname7_7_0_,
        user0_.password as password8_7_0_,
        user0_.phone_number as phone_nu9_7_0_,
        user0_.role as role10_7_0_,
        user0_.status as status11_7_0_,
        user0_.updated_at as updated12_7_0_,
        user0_.username as usernam13_7_0_ 
    from
        users user0_ 
    where
        user0_.id=?
Hibernate: 
    select
        user0_.id as id1_7_0_,
        user0_.avatar as avatar2_7_0_,
        user0_.created_at as created_3_7_0_,
        user0_.credit_score as credit_s4_7_0_,
        user0_.email as email5_7_0_,
        user0_.id_card as id_card6_7_0_,
        user0_.nickname as nickname7_7_0_,
        user0_.password as password8_7_0_,
        user0_.phone_number as phone_nu9_7_0_,
        user0_.role as role10_7_0_,
        user0_.status as status11_7_0_,
        user0_.updated_at as updated12_7_0_,
        user0_.username as usernam13_7_0_ 
    from
        users user0_ 
    where
        user0_.id=?
2026-04-28 14:48:31.509 DEBUG 53092 --- [nio-8080-exec-8] org.hibernate.SQL                        : 
    select
        product0_.id as id1_5_,
        product0_.category_id as categor14_5_,
        product0_.condition_level as conditio2_5_,
        product0_.created_at as created_3_5_,
        product0_.description as descript4_5_,
        product0_.image_url as image_ur5_5_,
        product0_.location as location6_5_,
        product0_.name as name7_5_,
        product0_.original_price as original8_5_,
        product0_.price as price9_5_,
        product0_.reject_reason as reject_10_5_,
        product0_.seller_id as seller_15_5_,
        product0_.status as status11_5_,
        product0_.updated_at as updated12_5_,
        product0_.view_count as view_co13_5_ 
    from
        products product0_ 
    where
        product0_.status=? 
    order by
        product0_.created_at asc limit ?
Hibernate: 
    select
        product0_.id as id1_5_,
        product0_.category_id as categor14_5_,
        product0_.condition_level as conditio2_5_,
        product0_.created_at as created_3_5_,
        product0_.description as descript4_5_,
        product0_.image_url as image_ur5_5_,
        product0_.location as location6_5_,
        product0_.name as name7_5_,
        product0_.original_price as original8_5_,
        product0_.price as price9_5_,
        product0_.reject_reason as reject_10_5_,
        product0_.seller_id as seller_15_5_,
        product0_.status as status11_5_,
        product0_.updated_at as updated12_5_,
        product0_.view_count as view_co13_5_ 
    from
        products product0_ 
    where
        product0_.status=? 
    order by
        product0_.created_at asc limit ?
2026-04-28 14:48:32.005 DEBUG 53092 --- [nio-8080-exec-6] org.hibernate.SQL                        : 
    select
        user0_.id as id1_7_0_,
        user0_.avatar as avatar2_7_0_,
        user0_.created_at as created_3_7_0_,
        user0_.credit_score as credit_s4_7_0_,
        user0_.email as email5_7_0_,
        user0_.id_card as id_card6_7_0_,
        user0_.nickname as nickname7_7_0_,
        user0_.password as password8_7_0_,
        user0_.phone_number as phone_nu9_7_0_,
        user0_.role as role10_7_0_,
        user0_.status as status11_7_0_,
        user0_.updated_at as updated12_7_0_,
        user0_.username as usernam13_7_0_ 
    from
        users user0_ 
    where
        user0_.id=?
Hibernate: 
    select
        user0_.id as id1_7_0_,
        user0_.avatar as avatar2_7_0_,
        user0_.created_at as created_3_7_0_,
        user0_.credit_score as credit_s4_7_0_,
        user0_.email as email5_7_0_,
        user0_.id_card as id_card6_7_0_,
        user0_.nickname as nickname7_7_0_,
        user0_.password as password8_7_0_,
        user0_.phone_number as phone_nu9_7_0_,
        user0_.role as role10_7_0_,
        user0_.status as status11_7_0_,
        user0_.updated_at as updated12_7_0_,
        user0_.username as usernam13_7_0_ 
    from
        users user0_ 
    where
        user0_.id=?
2026-04-28 14:48:32.007 DEBUG 53092 --- [nio-8080-exec-6] org.hibernate.SQL                        : 
    select
        review0_.id as id1_6_,
        review0_.audit_remark as audit_re2_6_,
        review0_.audit_status as audit_st3_6_,
        review0_.comment as comment4_6_,
        review0_.created_at as created_5_6_,
        review0_.desc_score as desc_sco6_6_,
        review0_.images as images7_6_,
        review0_.order_id as order_i11_6_,
        review0_.product_id as product12_6_,
        review0_.rating as rating8_6_,
        review0_.service_score as service_9_6_,
        review0_.ship_score as ship_sc10_6_,
        review0_.user_id as user_id13_6_ 
    from
        reviews review0_ 
    where
        review0_.audit_status=? 
    order by
        review0_.created_at asc limit ?
Hibernate: 
    select
        review0_.id as id1_6_,
        review0_.audit_remark as audit_re2_6_,
        review0_.audit_status as audit_st3_6_,
        review0_.comment as comment4_6_,
        review0_.created_at as created_5_6_,
        review0_.desc_score as desc_sco6_6_,
        review0_.images as images7_6_,
        review0_.order_id as order_i11_6_,
        review0_.product_id as product12_6_,
        review0_.rating as rating8_6_,
        review0_.service_score as service_9_6_,
        review0_.ship_score as ship_sc10_6_,
        review0_.user_id as user_id13_6_ 
    from
        reviews review0_ 
    where
        review0_.audit_status=? 
    order by
        review0_.created_at asc limit ?
2026-04-28 14:48:32.530 DEBUG 53092 --- [nio-8080-exec-3] org.hibernate.SQL                        : 
    select
        user0_.id as id1_7_0_,
        user0_.avatar as avatar2_7_0_,
        user0_.created_at as created_3_7_0_,
        user0_.credit_score as credit_s4_7_0_,
        user0_.email as email5_7_0_,
        user0_.id_card as id_card6_7_0_,
        user0_.nickname as nickname7_7_0_,
        user0_.password as password8_7_0_,
        user0_.phone_number as phone_nu9_7_0_,
        user0_.role as role10_7_0_,
        user0_.status as status11_7_0_,
        user0_.updated_at as updated12_7_0_,
        user0_.username as usernam13_7_0_ 
    from
        users user0_ 
    where
        user0_.id=?
Hibernate: 
    select
        user0_.id as id1_7_0_,
        user0_.avatar as avatar2_7_0_,
        user0_.created_at as created_3_7_0_,
        user0_.credit_score as credit_s4_7_0_,
        user0_.email as email5_7_0_,
        user0_.id_card as id_card6_7_0_,
        user0_.nickname as nickname7_7_0_,
        user0_.password as password8_7_0_,
        user0_.phone_number as phone_nu9_7_0_,
        user0_.role as role10_7_0_,
        user0_.status as status11_7_0_,
        user0_.updated_at as updated12_7_0_,
        user0_.username as usernam13_7_0_ 
    from
        users user0_ 
    where
        user0_.id=?
2026-04-28 14:48:32.532 DEBUG 53092 --- [nio-8080-exec-3] org.hibernate.SQL                        : 
    select
        user0_.id as id1_7_,
        user0_.avatar as avatar2_7_,
        user0_.created_at as created_3_7_,
        user0_.credit_score as credit_s4_7_,
        user0_.email as email5_7_,
        user0_.id_card as id_card6_7_,
        user0_.nickname as nickname7_7_,
        user0_.password as password8_7_,
        user0_.phone_number as phone_nu9_7_,
        user0_.role as role10_7_,
        user0_.status as status11_7_,
        user0_.updated_at as updated12_7_,
        user0_.username as usernam13_7_ 
    from
        users user0_ 
    where
        user0_.status=? 
    order by
        user0_.created_at asc limit ?
Hibernate: 
    select
        user0_.id as id1_7_,
        user0_.avatar as avatar2_7_,
        user0_.created_at as created_3_7_,
        user0_.credit_score as credit_s4_7_,
        user0_.email as email5_7_,
        user0_.id_card as id_card6_7_,
        user0_.nickname as nickname7_7_,
        user0_.password as password8_7_,
        user0_.phone_number as phone_nu9_7_,
        user0_.role as role10_7_,
        user0_.status as status11_7_,
        user0_.updated_at as updated12_7_,
        user0_.username as usernam13_7_ 
    from
        users user0_ 
    where
        user0_.status=? 
    order by
        user0_.created_at asc limit ?
2026-04-28 14:48:33.522 DEBUG 53092 --- [nio-8080-exec-7] org.hibernate.SQL                        : 
    select
        user0_.id as id1_7_0_,
        user0_.avatar as avatar2_7_0_,
        user0_.created_at as created_3_7_0_,
        user0_.credit_score as credit_s4_7_0_,
        user0_.email as email5_7_0_,
        user0_.id_card as id_card6_7_0_,
        user0_.nickname as nickname7_7_0_,
        user0_.password as password8_7_0_,
        user0_.phone_number as phone_nu9_7_0_,
        user0_.role as role10_7_0_,
        user0_.status as status11_7_0_,
        user0_.updated_at as updated12_7_0_,
        user0_.username as usernam13_7_0_ 
    from
        users user0_ 
    where
        user0_.id=?
Hibernate: 
    select
        user0_.id as id1_7_0_,
        user0_.avatar as avatar2_7_0_,
        user0_.created_at as created_3_7_0_,
        user0_.credit_score as credit_s4_7_0_,
        user0_.email as email5_7_0_,
        user0_.id_card as id_card6_7_0_,
        user0_.nickname as nickname7_7_0_,
        user0_.password as password8_7_0_,
        user0_.phone_number as phone_nu9_7_0_,
        user0_.role as role10_7_0_,
        user0_.status as status11_7_0_,
        user0_.updated_at as updated12_7_0_,
        user0_.username as usernam13_7_0_ 
    from
        users user0_ 
    where
        user0_.id=?
2026-04-28 14:48:33.524 DEBUG 53092 --- [nio-8080-exec-7] org.hibernate.SQL                        : 
    select
        user0_.id as id1_7_0_,
        user0_.avatar as avatar2_7_0_,
        user0_.created_at as created_3_7_0_,
        user0_.credit_score as credit_s4_7_0_,
        user0_.email as email5_7_0_,
        user0_.id_card as id_card6_7_0_,
        user0_.nickname as nickname7_7_0_,
        user0_.password as password8_7_0_,
        user0_.phone_number as phone_nu9_7_0_,
        user0_.role as role10_7_0_,
        user0_.status as status11_7_0_,
        user0_.updated_at as updated12_7_0_,
        user0_.username as usernam13_7_0_ 
    from
        users user0_ 
    where
        user0_.id=?
Hibernate: 
    select
        user0_.id as id1_7_0_,
        user0_.avatar as avatar2_7_0_,
        user0_.created_at as created_3_7_0_,
        user0_.credit_score as credit_s4_7_0_,
        user0_.email as email5_7_0_,
        user0_.id_card as id_card6_7_0_,
        user0_.nickname as nickname7_7_0_,
        user0_.password as password8_7_0_,
        user0_.phone_number as phone_nu9_7_0_,
        user0_.role as role10_7_0_,
        user0_.status as status11_7_0_,
        user0_.updated_at as updated12_7_0_,
        user0_.username as usernam13_7_0_ 
    from
        users user0_ 
    where
        user0_.id=?
2026-04-28 14:48:34.220 DEBUG 53092 --- [   scheduling-1] org.hibernate.SQL                        : 
    select
        order0_.id as id1_3_,
        order0_.buyer_id as buyer_i15_3_,
        order0_.created_at as created_2_3_,
        order0_.order_no as order_no3_3_,
        order0_.payment_time as payment_4_3_,
        order0_.price as price5_3_,
        order0_.product_id as product16_3_,
        order0_.receive_time as receive_6_3_,
        order0_.seller_id as seller_17_3_,
        order0_.ship_time as ship_tim7_3_,
        order0_.shipping_address as shipping8_3_,
        order0_.shipping_name as shipping9_3_,
        order0_.shipping_phone as shippin10_3_,
        order0_.status as status11_3_,
        order0_.tracking_company as trackin12_3_,
        order0_.tracking_number as trackin13_3_,
        order0_.updated_at as updated14_3_ 
    from
        orders order0_ 
    where
        order0_.status='PENDING' 
        and order0_.created_at<?
Hibernate: 
    select
        order0_.id as id1_3_,
        order0_.buyer_id as buyer_i15_3_,
        order0_.created_at as created_2_3_,
        order0_.order_no as order_no3_3_,
        order0_.payment_time as payment_4_3_,
        order0_.price as price5_3_,
        order0_.product_id as product16_3_,
        order0_.receive_time as receive_6_3_,
        order0_.seller_id as seller_17_3_,
        order0_.ship_time as ship_tim7_3_,
        order0_.shipping_address as shipping8_3_,
        order0_.shipping_name as shipping9_3_,
        order0_.shipping_phone as shippin10_3_,
        order0_.status as status11_3_,
        order0_.tracking_company as trackin12_3_,
        order0_.tracking_number as trackin13_3_,
        order0_.updated_at as updated14_3_ 
    from
        orders order0_ 
    where
        order0_.status='PENDING' 
        and order0_.created_at<?
2026-04-28 14:48:42.020 DEBUG 53092 --- [nio-8080-exec-5] org.hibernate.SQL                        : 
    select
        user0_.id as id1_7_,
        user0_.avatar as avatar2_7_,
        user0_.created_at as created_3_7_,
        user0_.credit_score as credit_s4_7_,
        user0_.email as email5_7_,
        user0_.id_card as id_card6_7_,
        user0_.nickname as nickname7_7_,
        user0_.password as password8_7_,
        user0_.phone_number as phone_nu9_7_,
        user0_.role as role10_7_,
        user0_.status as status11_7_,
        user0_.updated_at as updated12_7_,
        user0_.username as usernam13_7_ 
    from
        users user0_ 
    where
        user0_.username=?
Hibernate: 
    select
        user0_.id as id1_7_,
        user0_.avatar as avatar2_7_,
        user0_.created_at as created_3_7_,
        user0_.credit_score as credit_s4_7_,
        user0_.email as email5_7_,
        user0_.id_card as id_card6_7_,
        user0_.nickname as nickname7_7_,
        user0_.password as password8_7_,
        user0_.phone_number as phone_nu9_7_,
        user0_.role as role10_7_,
        user0_.status as status11_7_,
        user0_.updated_at as updated12_7_,
        user0_.username as usernam13_7_ 
    from
        users user0_ 
    where
        user0_.username=?
2026-04-28 14:48:43.635 DEBUG 53092 --- [nio-8080-exec-1] org.hibernate.SQL                        : 
    select
        user0_.id as id1_7_0_,
        user0_.avatar as avatar2_7_0_,
        user0_.created_at as created_3_7_0_,
        user0_.credit_score as credit_s4_7_0_,
        user0_.email as email5_7_0_,
        user0_.id_card as id_card6_7_0_,
        user0_.nickname as nickname7_7_0_,
        user0_.password as password8_7_0_,
        user0_.phone_number as phone_nu9_7_0_,
        user0_.role as role10_7_0_,
        user0_.status as status11_7_0_,
        user0_.updated_at as updated12_7_0_,
        user0_.username as usernam13_7_0_ 
    from
        users user0_ 
    where
        user0_.id=?
Hibernate: 
    select
        user0_.id as id1_7_0_,
        user0_.avatar as avatar2_7_0_,
        user0_.created_at as created_3_7_0_,
        user0_.credit_score as credit_s4_7_0_,
        user0_.email as email5_7_0_,
        user0_.id_card as id_card6_7_0_,
        user0_.nickname as nickname7_7_0_,
        user0_.password as password8_7_0_,
        user0_.phone_number as phone_nu9_7_0_,
        user0_.role as role10_7_0_,
        user0_.status as status11_7_0_,
        user0_.updated_at as updated12_7_0_,
        user0_.username as usernam13_7_0_ 
    from
        users user0_ 
    where
        user0_.id=?
2026-04-28 14:48:43.635 DEBUG 53092 --- [nio-8080-exec-4] org.hibernate.SQL                        : 
    select
        user0_.id as id1_7_0_,
        user0_.avatar as avatar2_7_0_,
        user0_.created_at as created_3_7_0_,
        user0_.credit_score as credit_s4_7_0_,
        user0_.email as email5_7_0_,
        user0_.id_card as id_card6_7_0_,
        user0_.nickname as nickname7_7_0_,
        user0_.password as password8_7_0_,
        user0_.phone_number as phone_nu9_7_0_,
        user0_.role as role10_7_0_,
        user0_.status as status11_7_0_,
        user0_.updated_at as updated12_7_0_,
        user0_.username as usernam13_7_0_ 
    from
        users user0_ 
    where
        user0_.id=?
Hibernate: 
    select
        user0_.id as id1_7_0_,
        user0_.avatar as avatar2_7_0_,
        user0_.created_at as created_3_7_0_,
        user0_.credit_score as credit_s4_7_0_,
        user0_.email as email5_7_0_,
        user0_.id_card as id_card6_7_0_,
        user0_.nickname as nickname7_7_0_,
        user0_.password as password8_7_0_,
        user0_.phone_number as phone_nu9_7_0_,
        user0_.role as role10_7_0_,
        user0_.status as status11_7_0_,
        user0_.updated_at as updated12_7_0_,
        user0_.username as usernam13_7_0_ 
    from
        users user0_ 
    where
        user0_.id=?
2026-04-28 14:48:43.637 DEBUG 53092 --- [nio-8080-exec-4] org.hibernate.SQL                        : 
    select
        category0_.id as id1_0_,
        category0_.created_at as created_2_0_,
        category0_.icon as icon3_0_,
        category0_.name as name4_0_,
        category0_.sort_order as sort_ord5_0_ 
    from
        categories category0_ 
    order by
        category0_.sort_order asc
Hibernate: 
    select
        category0_.id as id1_0_,
        category0_.created_at as created_2_0_,
        category0_.icon as icon3_0_,
        category0_.name as name4_0_,
        category0_.sort_order as sort_ord5_0_ 
    from
        categories category0_ 
    order by
        category0_.sort_order asc
2026-04-28 14:48:43.637 DEBUG 53092 --- [nio-8080-exec-1] org.hibernate.SQL                        : 
    select
        product0_.id as id1_5_,
        product0_.category_id as categor14_5_,
        product0_.condition_level as conditio2_5_,
        product0_.created_at as created_3_5_,
        product0_.description as descript4_5_,
        product0_.image_url as image_ur5_5_,
        product0_.location as location6_5_,
        product0_.name as name7_5_,
        product0_.original_price as original8_5_,
        product0_.price as price9_5_,
        product0_.reject_reason as reject_10_5_,
        product0_.seller_id as seller_15_5_,
        product0_.status as status11_5_,
        product0_.updated_at as updated12_5_,
        product0_.view_count as view_co13_5_ 
    from
        products product0_ 
    where
        product0_.status=? 
    order by
        product0_.created_at desc limit ?
Hibernate: 
    select
        product0_.id as id1_5_,
        product0_.category_id as categor14_5_,
        product0_.condition_level as conditio2_5_,
        product0_.created_at as created_3_5_,
        product0_.description as descript4_5_,
        product0_.image_url as image_ur5_5_,
        product0_.location as location6_5_,
        product0_.name as name7_5_,
        product0_.original_price as original8_5_,
        product0_.price as price9_5_,
        product0_.reject_reason as reject_10_5_,
        product0_.seller_id as seller_15_5_,
        product0_.status as status11_5_,
        product0_.updated_at as updated12_5_,
        product0_.view_count as view_co13_5_ 
    from
        products product0_ 
    where
        product0_.status=? 
    order by
        product0_.created_at desc limit ?
2026-04-28 14:48:43.638 DEBUG 53092 --- [nio-8080-exec-1] org.hibernate.SQL                        : 
    select
        count(product0_.id) as col_0_0_ 
    from
        products product0_ 
    where
        product0_.status=?
Hibernate: 
    select
        count(product0_.id) as col_0_0_ 
    from
        products product0_ 
    where
        product0_.status=?
2026-04-28 14:48:43.639 DEBUG 53092 --- [nio-8080-exec-1] org.hibernate.SQL                        : 
    select
        user0_.id as id1_7_0_,
        user0_.avatar as avatar2_7_0_,
        user0_.created_at as created_3_7_0_,
        user0_.credit_score as credit_s4_7_0_,
        user0_.email as email5_7_0_,
        user0_.id_card as id_card6_7_0_,
        user0_.nickname as nickname7_7_0_,
        user0_.password as password8_7_0_,
        user0_.phone_number as phone_nu9_7_0_,
        user0_.role as role10_7_0_,
        user0_.status as status11_7_0_,
        user0_.updated_at as updated12_7_0_,
        user0_.username as usernam13_7_0_ 
    from
        users user0_ 
    where
        user0_.id=?
Hibernate: 
    select
        user0_.id as id1_7_0_,
        user0_.avatar as avatar2_7_0_,
        user0_.created_at as created_3_7_0_,
        user0_.credit_score as credit_s4_7_0_,
        user0_.email as email5_7_0_,
        user0_.id_card as id_card6_7_0_,
        user0_.nickname as nickname7_7_0_,
        user0_.password as password8_7_0_,
        user0_.phone_number as phone_nu9_7_0_,
        user0_.role as role10_7_0_,
        user0_.status as status11_7_0_,
        user0_.updated_at as updated12_7_0_,
        user0_.username as usernam13_7_0_ 
    from
        users user0_ 
    where
        user0_.id=?
2026-04-28 14:48:43.640 DEBUG 53092 --- [nio-8080-exec-1] org.hibernate.SQL                        : 
    select
        user0_.id as id1_7_0_,
        user0_.avatar as avatar2_7_0_,
        user0_.created_at as created_3_7_0_,
        user0_.credit_score as credit_s4_7_0_,
        user0_.email as email5_7_0_,
        user0_.id_card as id_card6_7_0_,
        user0_.nickname as nickname7_7_0_,
        user0_.password as password8_7_0_,
        user0_.phone_number as phone_nu9_7_0_,
        user0_.role as role10_7_0_,
        user0_.status as status11_7_0_,
        user0_.updated_at as updated12_7_0_,
        user0_.username as usernam13_7_0_ 
    from
        users user0_ 
    where
        user0_.id=?
Hibernate: 
    select
        user0_.id as id1_7_0_,
        user0_.avatar as avatar2_7_0_,
        user0_.created_at as created_3_7_0_,
        user0_.credit_score as credit_s4_7_0_,
        user0_.email as email5_7_0_,
        user0_.id_card as id_card6_7_0_,
        user0_.nickname as nickname7_7_0_,
        user0_.password as password8_7_0_,
        user0_.phone_number as phone_nu9_7_0_,
        user0_.role as role10_7_0_,
        user0_.status as status11_7_0_,
        user0_.updated_at as updated12_7_0_,
        user0_.username as usernam13_7_0_ 
    from
        users user0_ 
    where
        user0_.id=?
2026-04-28 14:48:43.641 DEBUG 53092 --- [nio-8080-exec-1] org.hibernate.SQL                        : 
    select
        user0_.id as id1_7_0_,
        user0_.avatar as avatar2_7_0_,
        user0_.created_at as created_3_7_0_,
        user0_.credit_score as credit_s4_7_0_,
        user0_.email as email5_7_0_,
        user0_.id_card as id_card6_7_0_,
        user0_.nickname as nickname7_7_0_,
        user0_.password as password8_7_0_,
        user0_.phone_number as phone_nu9_7_0_,
        user0_.role as role10_7_0_,
        user0_.status as status11_7_0_,
        user0_.updated_at as updated12_7_0_,
        user0_.username as usernam13_7_0_ 
    from
        users user0_ 
    where
        user0_.id=?
Hibernate: 
    select
        user0_.id as id1_7_0_,
        user0_.avatar as avatar2_7_0_,
        user0_.created_at as created_3_7_0_,
        user0_.credit_score as credit_s4_7_0_,
        user0_.email as email5_7_0_,
        user0_.id_card as id_card6_7_0_,
        user0_.nickname as nickname7_7_0_,
        user0_.password as password8_7_0_,
        user0_.phone_number as phone_nu9_7_0_,
        user0_.role as role10_7_0_,
        user0_.status as status11_7_0_,
        user0_.updated_at as updated12_7_0_,
        user0_.username as usernam13_7_0_ 
    from
        users user0_ 
    where
        user0_.id=?
2026-04-28 14:48:43.641 DEBUG 53092 --- [nio-8080-exec-1] org.hibernate.SQL                        : 
    select
        user0_.id as id1_7_0_,
        user0_.avatar as avatar2_7_0_,
        user0_.created_at as created_3_7_0_,
        user0_.credit_score as credit_s4_7_0_,
        user0_.email as email5_7_0_,
        user0_.id_card as id_card6_7_0_,
        user0_.nickname as nickname7_7_0_,
        user0_.password as password8_7_0_,
        user0_.phone_number as phone_nu9_7_0_,
        user0_.role as role10_7_0_,
        user0_.status as status11_7_0_,
        user0_.updated_at as updated12_7_0_,
        user0_.username as usernam13_7_0_ 
    from
        users user0_ 
    where
        user0_.id=?
Hibernate: 
    select
        user0_.id as id1_7_0_,
        user0_.avatar as avatar2_7_0_,
        user0_.created_at as created_3_7_0_,
        user0_.credit_score as credit_s4_7_0_,
        user0_.email as email5_7_0_,
        user0_.id_card as id_card6_7_0_,
        user0_.nickname as nickname7_7_0_,
        user0_.password as password8_7_0_,
        user0_.phone_number as phone_nu9_7_0_,
        user0_.role as role10_7_0_,
        user0_.status as status11_7_0_,
        user0_.updated_at as updated12_7_0_,
        user0_.username as usernam13_7_0_ 
    from
        users user0_ 
    where
        user0_.id=?
2026-04-28 14:48:43.642 DEBUG 53092 --- [nio-8080-exec-1] org.hibernate.SQL                        : 
    select
        user0_.id as id1_7_0_,
        user0_.avatar as avatar2_7_0_,
        user0_.created_at as created_3_7_0_,
        user0_.credit_score as credit_s4_7_0_,
        user0_.email as email5_7_0_,
        user0_.id_card as id_card6_7_0_,
        user0_.nickname as nickname7_7_0_,
        user0_.password as password8_7_0_,
        user0_.phone_number as phone_nu9_7_0_,
        user0_.role as role10_7_0_,
        user0_.status as status11_7_0_,
        user0_.updated_at as updated12_7_0_,
        user0_.username as usernam13_7_0_ 
    from
        users user0_ 
    where
        user0_.id=?
Hibernate: 
    select
        user0_.id as id1_7_0_,
        user0_.avatar as avatar2_7_0_,
        user0_.created_at as created_3_7_0_,
        user0_.credit_score as credit_s4_7_0_,
        user0_.email as email5_7_0_,
        user0_.id_card as id_card6_7_0_,
        user0_.nickname as nickname7_7_0_,
        user0_.password as password8_7_0_,
        user0_.phone_number as phone_nu9_7_0_,
        user0_.role as role10_7_0_,
        user0_.status as status11_7_0_,
        user0_.updated_at as updated12_7_0_,
        user0_.username as usernam13_7_0_ 
    from
        users user0_ 
    where
        user0_.id=?
2026-04-28 14:48:46.412 DEBUG 53092 --- [nio-8080-exec-8] org.hibernate.SQL                        : 
    select
        user0_.id as id1_7_0_,
        user0_.avatar as avatar2_7_0_,
        user0_.created_at as created_3_7_0_,
        user0_.credit_score as credit_s4_7_0_,
        user0_.email as email5_7_0_,
        user0_.id_card as id_card6_7_0_,
        user0_.nickname as nickname7_7_0_,
        user0_.password as password8_7_0_,
        user0_.phone_number as phone_nu9_7_0_,
        user0_.role as role10_7_0_,
        user0_.status as status11_7_0_,
        user0_.updated_at as updated12_7_0_,
        user0_.username as usernam13_7_0_ 
    from
        users user0_ 
    where
        user0_.id=?
Hibernate: 
    select
        user0_.id as id1_7_0_,
        user0_.avatar as avatar2_7_0_,
        user0_.created_at as created_3_7_0_,
        user0_.credit_score as credit_s4_7_0_,
        user0_.email as email5_7_0_,
        user0_.id_card as id_card6_7_0_,
        user0_.nickname as nickname7_7_0_,
        user0_.password as password8_7_0_,
        user0_.phone_number as phone_nu9_7_0_,
        user0_.role as role10_7_0_,
        user0_.status as status11_7_0_,
        user0_.updated_at as updated12_7_0_,
        user0_.username as usernam13_7_0_ 
    from
        users user0_ 
    where
        user0_.id=?
2026-04-28 14:48:46.413 DEBUG 53092 --- [nio-8080-exec-8] org.hibernate.SQL                        : 
    select
        category0_.id as id1_0_,
        category0_.created_at as created_2_0_,
        category0_.icon as icon3_0_,
        category0_.name as name4_0_,
        category0_.sort_order as sort_ord5_0_ 
    from
        categories category0_ 
    order by
        category0_.sort_order asc
Hibernate: 
    select
        category0_.id as id1_0_,
        category0_.created_at as created_2_0_,
        category0_.icon as icon3_0_,
        category0_.name as name4_0_,
        category0_.sort_order as sort_ord5_0_ 
    from
        categories category0_ 
    order by
        category0_.sort_order asc
2026-04-28 14:48:49.106 DEBUG 53092 --- [nio-8080-exec-3] org.hibernate.SQL                        : 
    select
        user0_.id as id1_7_0_,
        user0_.avatar as avatar2_7_0_,
        user0_.created_at as created_3_7_0_,
        user0_.credit_score as credit_s4_7_0_,
        user0_.email as email5_7_0_,
        user0_.id_card as id_card6_7_0_,
        user0_.nickname as nickname7_7_0_,
        user0_.password as password8_7_0_,
        user0_.phone_number as phone_nu9_7_0_,
        user0_.role as role10_7_0_,
        user0_.status as status11_7_0_,
        user0_.updated_at as updated12_7_0_,
        user0_.username as usernam13_7_0_ 
    from
        users user0_ 
    where
        user0_.id=?
Hibernate: 
    select
        user0_.id as id1_7_0_,
        user0_.avatar as avatar2_7_0_,
        user0_.created_at as created_3_7_0_,
        user0_.credit_score as credit_s4_7_0_,
        user0_.email as email5_7_0_,
        user0_.id_card as id_card6_7_0_,
        user0_.nickname as nickname7_7_0_,
        user0_.password as password8_7_0_,
        user0_.phone_number as phone_nu9_7_0_,
        user0_.role as role10_7_0_,
        user0_.status as status11_7_0_,
        user0_.updated_at as updated12_7_0_,
        user0_.username as usernam13_7_0_ 
    from
        users user0_ 
    where
        user0_.id=?
2026-04-28 14:48:57.095 DEBUG 53092 --- [nio-8080-exec-2] org.hibernate.SQL                        : 
    select
        user0_.id as id1_7_0_,
        user0_.avatar as avatar2_7_0_,
        user0_.created_at as created_3_7_0_,
        user0_.credit_score as credit_s4_7_0_,
        user0_.email as email5_7_0_,
        user0_.id_card as id_card6_7_0_,
        user0_.nickname as nickname7_7_0_,
        user0_.password as password8_7_0_,
        user0_.phone_number as phone_nu9_7_0_,
        user0_.role as role10_7_0_,
        user0_.status as status11_7_0_,
        user0_.updated_at as updated12_7_0_,
        user0_.username as usernam13_7_0_ 
    from
        users user0_ 
    where
        user0_.id=?
Hibernate: 
    select
        user0_.id as id1_7_0_,
        user0_.avatar as avatar2_7_0_,
        user0_.created_at as created_3_7_0_,
        user0_.credit_score as credit_s4_7_0_,
        user0_.email as email5_7_0_,
        user0_.id_card as id_card6_7_0_,
        user0_.nickname as nickname7_7_0_,
        user0_.password as password8_7_0_,
        user0_.phone_number as phone_nu9_7_0_,
        user0_.role as role10_7_0_,
        user0_.status as status11_7_0_,
        user0_.updated_at as updated12_7_0_,
        user0_.username as usernam13_7_0_ 
    from
        users user0_ 
    where
        user0_.id=?
2026-04-28 14:48:57.096 DEBUG 53092 --- [nio-8080-exec-2] org.hibernate.SQL                        : 
    select
        count(message0_.id) as col_0_0_ 
    from
        messages message0_ 
    where
        message0_.receiver_id=? 
        and message0_.is_read=0
Hibernate: 
    select
        count(message0_.id) as col_0_0_ 
    from
        messages message0_ 
    where
        message0_.receiver_id=? 
        and message0_.is_read=0
2026-04-28 14:49:02.184 DEBUG 53092 --- [io-8080-exec-10] org.hibernate.SQL                        : 
    select
        user0_.id as id1_7_0_,
        user0_.avatar as avatar2_7_0_,
        user0_.created_at as created_3_7_0_,
        user0_.credit_score as credit_s4_7_0_,
        user0_.email as email5_7_0_,
        user0_.id_card as id_card6_7_0_,
        user0_.nickname as nickname7_7_0_,
        user0_.password as password8_7_0_,
        user0_.phone_number as phone_nu9_7_0_,
        user0_.role as role10_7_0_,
        user0_.status as status11_7_0_,
        user0_.updated_at as updated12_7_0_,
        user0_.username as usernam13_7_0_ 
    from
        users user0_ 
    where
        user0_.id=?
Hibernate: 
    select
        user0_.id as id1_7_0_,
        user0_.avatar as avatar2_7_0_,
        user0_.created_at as created_3_7_0_,
        user0_.credit_score as credit_s4_7_0_,
        user0_.email as email5_7_0_,
        user0_.id_card as id_card6_7_0_,
        user0_.nickname as nickname7_7_0_,
        user0_.password as password8_7_0_,
        user0_.phone_number as phone_nu9_7_0_,
        user0_.role as role10_7_0_,
        user0_.status as status11_7_0_,
        user0_.updated_at as updated12_7_0_,
        user0_.username as usernam13_7_0_ 
    from
        users user0_ 
    where
        user0_.id=?
2026-04-28 14:49:02.190 DEBUG 53092 --- [io-8080-exec-10] org.hibernate.SQL                        : 
    select
        user0_.id as id1_7_0_,
        user0_.avatar as avatar2_7_0_,
        user0_.created_at as created_3_7_0_,
        user0_.credit_score as credit_s4_7_0_,
        user0_.email as email5_7_0_,
        user0_.id_card as id_card6_7_0_,
        user0_.nickname as nickname7_7_0_,
        user0_.password as password8_7_0_,
        user0_.phone_number as phone_nu9_7_0_,
        user0_.role as role10_7_0_,
        user0_.status as status11_7_0_,
        user0_.updated_at as updated12_7_0_,
        user0_.username as usernam13_7_0_ 
    from
        users user0_ 
    where
        user0_.id=?
Hibernate: 
    select
        user0_.id as id1_7_0_,
        user0_.avatar as avatar2_7_0_,
        user0_.created_at as created_3_7_0_,
        user0_.credit_score as credit_s4_7_0_,
        user0_.email as email5_7_0_,
        user0_.id_card as id_card6_7_0_,
        user0_.nickname as nickname7_7_0_,
        user0_.password as password8_7_0_,
        user0_.phone_number as phone_nu9_7_0_,
        user0_.role as role10_7_0_,
        user0_.status as status11_7_0_,
        user0_.updated_at as updated12_7_0_,
        user0_.username as usernam13_7_0_ 
    from
        users user0_ 
    where
        user0_.id=?
2026-04-28 14:49:02.191 DEBUG 53092 --- [io-8080-exec-10] org.hibernate.SQL                        : 
    select
        category0_.id as id1_0_0_,
        category0_.created_at as created_2_0_0_,
        category0_.icon as icon3_0_0_,
        category0_.name as name4_0_0_,
        category0_.sort_order as sort_ord5_0_0_ 
    from
        categories category0_ 
    where
        category0_.id=?
Hibernate: 
    select
        category0_.id as id1_0_0_,
        category0_.created_at as created_2_0_0_,
        category0_.icon as icon3_0_0_,
        category0_.name as name4_0_0_,
        category0_.sort_order as sort_ord5_0_0_ 
    from
        categories category0_ 
    where
        category0_.id=?
2026-04-28 14:49:02.196 DEBUG 53092 --- [io-8080-exec-10] org.hibernate.SQL                        : 
    insert 
    into
        products
        (category_id, condition_level, created_at, description, image_url, location, name, original_price, price, reject_reason, seller_id, status, updated_at, view_count) 
    values
        (?, ?, ?, ?, ?, ?, ?, ?, ?, ?, ?, ?, ?, ?)
Hibernate: 
    insert 
    into
        products
        (category_id, condition_level, created_at, description, image_url, location, name, original_price, price, reject_reason, seller_id, status, updated_at, view_count) 
    values
        (?, ?, ?, ?, ?, ?, ?, ?, ?, ?, ?, ?, ?, ?)
2026-04-28 14:49:02.199 DEBUG 53092 --- [io-8080-exec-10] org.hibernate.SQL                        : 
    insert 
    into
        product_images
        (created_at, image_url, product_id, sort_order) 
    values
        (?, ?, ?, ?)
Hibernate: 
    insert 
    into
        product_images
        (created_at, image_url, product_id, sort_order) 
    values
        (?, ?, ?, ?)
2026-04-28 14:49:02.200 DEBUG 53092 --- [io-8080-exec-10] org.hibernate.SQL                        : 
    select
        productima0_.id as id1_4_,
        productima0_.created_at as created_2_4_,
        productima0_.image_url as image_ur3_4_,
        productima0_.product_id as product_5_4_,
        productima0_.sort_order as sort_ord4_4_ 
    from
        product_images productima0_ 
    left outer join
        products product1_ 
            on productima0_.product_id=product1_.id 
    where
        product1_.id=? 
    order by
        productima0_.sort_order asc
Hibernate: 
    select
        productima0_.id as id1_4_,
        productima0_.created_at as created_2_4_,
        productima0_.image_url as image_ur3_4_,
        productima0_.product_id as product_5_4_,
        productima0_.sort_order as sort_ord4_4_ 
    from
        product_images productima0_ 
    left outer join
        products product1_ 
            on productima0_.product_id=product1_.id 
    where
        product1_.id=? 
    order by
        productima0_.sort_order asc
2026-04-28 14:49:02.201 DEBUG 53092 --- [io-8080-exec-10] org.hibernate.SQL                        : 
    select
        avg(review0_.rating) as col_0_0_ 
    from
        reviews review0_ 
    where
        review0_.product_id=? 
        and review0_.audit_status=1
Hibernate: 
    select
        avg(review0_.rating) as col_0_0_ 
    from
        reviews review0_ 
    where
        review0_.product_id=? 
        and review0_.audit_status=1
2026-04-28 14:49:02.202 DEBUG 53092 --- [io-8080-exec-10] org.hibernate.SQL                        : 
    select
        count(review0_.id) as col_0_0_ 
    from
        reviews review0_ 
    where
        review0_.product_id=? 
        and review0_.audit_status=1
Hibernate: 
    select
        count(review0_.id) as col_0_0_ 
    from
        reviews review0_ 
    where
        review0_.product_id=? 
        and review0_.audit_status=1
2026-04-28 14:49:03.918 DEBUG 53092 --- [nio-8080-exec-4] org.hibernate.SQL                        : 
    select
        user0_.id as id1_7_0_,
        user0_.avatar as avatar2_7_0_,
        user0_.created_at as created_3_7_0_,
        user0_.credit_score as credit_s4_7_0_,
        user0_.email as email5_7_0_,
        user0_.id_card as id_card6_7_0_,
        user0_.nickname as nickname7_7_0_,
        user0_.password as password8_7_0_,
        user0_.phone_number as phone_nu9_7_0_,
        user0_.role as role10_7_0_,
        user0_.status as status11_7_0_,
        user0_.updated_at as updated12_7_0_,
        user0_.username as usernam13_7_0_ 
    from
        users user0_ 
    where
        user0_.id=?
Hibernate: 
    select
        user0_.id as id1_7_0_,
        user0_.avatar as avatar2_7_0_,
        user0_.created_at as created_3_7_0_,
        user0_.credit_score as credit_s4_7_0_,
        user0_.email as email5_7_0_,
        user0_.id_card as id_card6_7_0_,
        user0_.nickname as nickname7_7_0_,
        user0_.password as password8_7_0_,
        user0_.phone_number as phone_nu9_7_0_,
        user0_.role as role10_7_0_,
        user0_.status as status11_7_0_,
        user0_.updated_at as updated12_7_0_,
        user0_.username as usernam13_7_0_ 
    from
        users user0_ 
    where
        user0_.id=?
2026-04-28 14:49:03.919 DEBUG 53092 --- [nio-8080-exec-4] org.hibernate.SQL                        : 
    select
        user0_.id as id1_7_0_,
        user0_.avatar as avatar2_7_0_,
        user0_.created_at as created_3_7_0_,
        user0_.credit_score as credit_s4_7_0_,
        user0_.email as email5_7_0_,
        user0_.id_card as id_card6_7_0_,
        user0_.nickname as nickname7_7_0_,
        user0_.password as password8_7_0_,
        user0_.phone_number as phone_nu9_7_0_,
        user0_.role as role10_7_0_,
        user0_.status as status11_7_0_,
        user0_.updated_at as updated12_7_0_,
        user0_.username as usernam13_7_0_ 
    from
        users user0_ 
    where
        user0_.id=?
Hibernate: 
    select
        user0_.id as id1_7_0_,
        user0_.avatar as avatar2_7_0_,
        user0_.created_at as created_3_7_0_,
        user0_.credit_score as credit_s4_7_0_,
        user0_.email as email5_7_0_,
        user0_.id_card as id_card6_7_0_,
        user0_.nickname as nickname7_7_0_,
        user0_.password as password8_7_0_,
        user0_.phone_number as phone_nu9_7_0_,
        user0_.role as role10_7_0_,
        user0_.status as status11_7_0_,
        user0_.updated_at as updated12_7_0_,
        user0_.username as usernam13_7_0_ 
    from
        users user0_ 
    where
        user0_.id=?
2026-04-28 14:49:06.673 DEBUG 53092 --- [nio-8080-exec-3] org.hibernate.SQL                        : 
    select
        user0_.id as id1_7_0_,
        user0_.avatar as avatar2_7_0_,
        user0_.created_at as created_3_7_0_,
        user0_.credit_score as credit_s4_7_0_,
        user0_.email as email5_7_0_,
        user0_.id_card as id_card6_7_0_,
        user0_.nickname as nickname7_7_0_,
        user0_.password as password8_7_0_,
        user0_.phone_number as phone_nu9_7_0_,
        user0_.role as role10_7_0_,
        user0_.status as status11_7_0_,
        user0_.updated_at as updated12_7_0_,
        user0_.username as usernam13_7_0_ 
    from
        users user0_ 
    where
        user0_.id=?
Hibernate: 
    select
        user0_.id as id1_7_0_,
        user0_.avatar as avatar2_7_0_,
        user0_.created_at as created_3_7_0_,
        user0_.credit_score as credit_s4_7_0_,
        user0_.email as email5_7_0_,
        user0_.id_card as id_card6_7_0_,
        user0_.nickname as nickname7_7_0_,
        user0_.password as password8_7_0_,
        user0_.phone_number as phone_nu9_7_0_,
        user0_.role as role10_7_0_,
        user0_.status as status11_7_0_,
        user0_.updated_at as updated12_7_0_,
        user0_.username as usernam13_7_0_ 
    from
        users user0_ 
    where
        user0_.id=?
2026-04-28 14:49:06.673 DEBUG 53092 --- [nio-8080-exec-6] org.hibernate.SQL                        : 
    select
        user0_.id as id1_7_0_,
        user0_.avatar as avatar2_7_0_,
        user0_.created_at as created_3_7_0_,
        user0_.credit_score as credit_s4_7_0_,
        user0_.email as email5_7_0_,
        user0_.id_card as id_card6_7_0_,
        user0_.nickname as nickname7_7_0_,
        user0_.password as password8_7_0_,
        user0_.phone_number as phone_nu9_7_0_,
        user0_.role as role10_7_0_,
        user0_.status as status11_7_0_,
        user0_.updated_at as updated12_7_0_,
        user0_.username as usernam13_7_0_ 
    from
        users user0_ 
    where
        user0_.id=?
Hibernate: 
    select
        user0_.id as id1_7_0_,
        user0_.avatar as avatar2_7_0_,
        user0_.created_at as created_3_7_0_,
        user0_.credit_score as credit_s4_7_0_,
        user0_.email as email5_7_0_,
        user0_.id_card as id_card6_7_0_,
        user0_.nickname as nickname7_7_0_,
        user0_.password as password8_7_0_,
        user0_.phone_number as phone_nu9_7_0_,
        user0_.role as role10_7_0_,
        user0_.status as status11_7_0_,
        user0_.updated_at as updated12_7_0_,
        user0_.username as usernam13_7_0_ 
    from
        users user0_ 
    where
        user0_.id=?
2026-04-28 14:49:06.675 DEBUG 53092 --- [nio-8080-exec-3] org.hibernate.SQL                        : 
    select
        category0_.id as id1_0_,
        category0_.created_at as created_2_0_,
        category0_.icon as icon3_0_,
        category0_.name as name4_0_,
        category0_.sort_order as sort_ord5_0_ 
    from
        categories category0_ 
    order by
        category0_.sort_order asc
Hibernate: 
    select
        category0_.id as id1_0_,
        category0_.created_at as created_2_0_,
        category0_.icon as icon3_0_,
        category0_.name as name4_0_,
        category0_.sort_order as sort_ord5_0_ 
    from
        categories category0_ 
    order by
        category0_.sort_order asc
2026-04-28 14:49:06.675 DEBUG 53092 --- [nio-8080-exec-6] org.hibernate.SQL                        : 
    select
        product0_.id as id1_5_,
        product0_.category_id as categor14_5_,
        product0_.condition_level as conditio2_5_,
        product0_.created_at as created_3_5_,
        product0_.description as descript4_5_,
        product0_.image_url as image_ur5_5_,
        product0_.location as location6_5_,
        product0_.name as name7_5_,
        product0_.original_price as original8_5_,
        product0_.price as price9_5_,
        product0_.reject_reason as reject_10_5_,
        product0_.seller_id as seller_15_5_,
        product0_.status as status11_5_,
        product0_.updated_at as updated12_5_,
        product0_.view_count as view_co13_5_ 
    from
        products product0_ 
    where
        product0_.status=? 
    order by
        product0_.created_at desc limit ?
Hibernate: 
    select
        product0_.id as id1_5_,
        product0_.category_id as categor14_5_,
        product0_.condition_level as conditio2_5_,
        product0_.created_at as created_3_5_,
        product0_.description as descript4_5_,
        product0_.image_url as image_ur5_5_,
        product0_.location as location6_5_,
        product0_.name as name7_5_,
        product0_.original_price as original8_5_,
        product0_.price as price9_5_,
        product0_.reject_reason as reject_10_5_,
        product0_.seller_id as seller_15_5_,
        product0_.status as status11_5_,
        product0_.updated_at as updated12_5_,
        product0_.view_count as view_co13_5_ 
    from
        products product0_ 
    where
        product0_.status=? 
    order by
        product0_.created_at desc limit ?
2026-04-28 14:49:06.676 DEBUG 53092 --- [nio-8080-exec-6] org.hibernate.SQL                        : 
    select
        count(product0_.id) as col_0_0_ 
    from
        products product0_ 
    where
        product0_.status=?
Hibernate: 
    select
        count(product0_.id) as col_0_0_ 
    from
        products product0_ 
    where
        product0_.status=?
2026-04-28 14:49:06.677 DEBUG 53092 --- [nio-8080-exec-6] org.hibernate.SQL                        : 
    select
        user0_.id as id1_7_0_,
        user0_.avatar as avatar2_7_0_,
        user0_.created_at as created_3_7_0_,
        user0_.credit_score as credit_s4_7_0_,
        user0_.email as email5_7_0_,
        user0_.id_card as id_card6_7_0_,
        user0_.nickname as nickname7_7_0_,
        user0_.password as password8_7_0_,
        user0_.phone_number as phone_nu9_7_0_,
        user0_.role as role10_7_0_,
        user0_.status as status11_7_0_,
        user0_.updated_at as updated12_7_0_,
        user0_.username as usernam13_7_0_ 
    from
        users user0_ 
    where
        user0_.id=?
Hibernate: 
    select
        user0_.id as id1_7_0_,
        user0_.avatar as avatar2_7_0_,
        user0_.created_at as created_3_7_0_,
        user0_.credit_score as credit_s4_7_0_,
        user0_.email as email5_7_0_,
        user0_.id_card as id_card6_7_0_,
        user0_.nickname as nickname7_7_0_,
        user0_.password as password8_7_0_,
        user0_.phone_number as phone_nu9_7_0_,
        user0_.role as role10_7_0_,
        user0_.status as status11_7_0_,
        user0_.updated_at as updated12_7_0_,
        user0_.username as usernam13_7_0_ 
    from
        users user0_ 
    where
        user0_.id=?
2026-04-28 14:49:06.678 DEBUG 53092 --- [nio-8080-exec-6] org.hibernate.SQL                        : 
    select
        user0_.id as id1_7_0_,
        user0_.avatar as avatar2_7_0_,
        user0_.created_at as created_3_7_0_,
        user0_.credit_score as credit_s4_7_0_,
        user0_.email as email5_7_0_,
        user0_.id_card as id_card6_7_0_,
        user0_.nickname as nickname7_7_0_,
        user0_.password as password8_7_0_,
        user0_.phone_number as phone_nu9_7_0_,
        user0_.role as role10_7_0_,
        user0_.status as status11_7_0_,
        user0_.updated_at as updated12_7_0_,
        user0_.username as usernam13_7_0_ 
    from
        users user0_ 
    where
        user0_.id=?
Hibernate: 
    select
        user0_.id as id1_7_0_,
        user0_.avatar as avatar2_7_0_,
        user0_.created_at as created_3_7_0_,
        user0_.credit_score as credit_s4_7_0_,
        user0_.email as email5_7_0_,
        user0_.id_card as id_card6_7_0_,
        user0_.nickname as nickname7_7_0_,
        user0_.password as password8_7_0_,
        user0_.phone_number as phone_nu9_7_0_,
        user0_.role as role10_7_0_,
        user0_.status as status11_7_0_,
        user0_.updated_at as updated12_7_0_,
        user0_.username as usernam13_7_0_ 
    from
        users user0_ 
    where
        user0_.id=?
2026-04-28 14:49:06.678 DEBUG 53092 --- [nio-8080-exec-6] org.hibernate.SQL                        : 
    select
        user0_.id as id1_7_0_,
        user0_.avatar as avatar2_7_0_,
        user0_.created_at as created_3_7_0_,
        user0_.credit_score as credit_s4_7_0_,
        user0_.email as email5_7_0_,
        user0_.id_card as id_card6_7_0_,
        user0_.nickname as nickname7_7_0_,
        user0_.password as password8_7_0_,
        user0_.phone_number as phone_nu9_7_0_,
        user0_.role as role10_7_0_,
        user0_.status as status11_7_0_,
        user0_.updated_at as updated12_7_0_,
        user0_.username as usernam13_7_0_ 
    from
        users user0_ 
    where
        user0_.id=?
Hibernate: 
    select
        user0_.id as id1_7_0_,
        user0_.avatar as avatar2_7_0_,
        user0_.created_at as created_3_7_0_,
        user0_.credit_score as credit_s4_7_0_,
        user0_.email as email5_7_0_,
        user0_.id_card as id_card6_7_0_,
        user0_.nickname as nickname7_7_0_,
        user0_.password as password8_7_0_,
        user0_.phone_number as phone_nu9_7_0_,
        user0_.role as role10_7_0_,
        user0_.status as status11_7_0_,
        user0_.updated_at as updated12_7_0_,
        user0_.username as usernam13_7_0_ 
    from
        users user0_ 
    where
        user0_.id=?
2026-04-28 14:49:06.679 DEBUG 53092 --- [nio-8080-exec-6] org.hibernate.SQL                        : 
    select
        user0_.id as id1_7_0_,
        user0_.avatar as avatar2_7_0_,
        user0_.created_at as created_3_7_0_,
        user0_.credit_score as credit_s4_7_0_,
        user0_.email as email5_7_0_,
        user0_.id_card as id_card6_7_0_,
        user0_.nickname as nickname7_7_0_,
        user0_.password as password8_7_0_,
        user0_.phone_number as phone_nu9_7_0_,
        user0_.role as role10_7_0_,
        user0_.status as status11_7_0_,
        user0_.updated_at as updated12_7_0_,
        user0_.username as usernam13_7_0_ 
    from
        users user0_ 
    where
        user0_.id=?
Hibernate: 
    select
        user0_.id as id1_7_0_,
        user0_.avatar as avatar2_7_0_,
        user0_.created_at as created_3_7_0_,
        user0_.credit_score as credit_s4_7_0_,
        user0_.email as email5_7_0_,
        user0_.id_card as id_card6_7_0_,
        user0_.nickname as nickname7_7_0_,
        user0_.password as password8_7_0_,
        user0_.phone_number as phone_nu9_7_0_,
        user0_.role as role10_7_0_,
        user0_.status as status11_7_0_,
        user0_.updated_at as updated12_7_0_,
        user0_.username as usernam13_7_0_ 
    from
        users user0_ 
    where
        user0_.id=?
2026-04-28 14:49:06.680 DEBUG 53092 --- [nio-8080-exec-6] org.hibernate.SQL                        : 
    select
        user0_.id as id1_7_0_,
        user0_.avatar as avatar2_7_0_,
        user0_.created_at as created_3_7_0_,
        user0_.credit_score as credit_s4_7_0_,
        user0_.email as email5_7_0_,
        user0_.id_card as id_card6_7_0_,
        user0_.nickname as nickname7_7_0_,
        user0_.password as password8_7_0_,
        user0_.phone_number as phone_nu9_7_0_,
        user0_.role as role10_7_0_,
        user0_.status as status11_7_0_,
        user0_.updated_at as updated12_7_0_,
        user0_.username as usernam13_7_0_ 
    from
        users user0_ 
    where
        user0_.id=?
Hibernate: 
    select
        user0_.id as id1_7_0_,
        user0_.avatar as avatar2_7_0_,
        user0_.created_at as created_3_7_0_,
        user0_.credit_score as credit_s4_7_0_,
        user0_.email as email5_7_0_,
        user0_.id_card as id_card6_7_0_,
        user0_.nickname as nickname7_7_0_,
        user0_.password as password8_7_0_,
        user0_.phone_number as phone_nu9_7_0_,
        user0_.role as role10_7_0_,
        user0_.status as status11_7_0_,
        user0_.updated_at as updated12_7_0_,
        user0_.username as usernam13_7_0_ 
    from
        users user0_ 
    where
        user0_.id=?
2026-04-28 14:49:07.530 DEBUG 53092 --- [nio-8080-exec-7] org.hibernate.SQL                        : 
    select
        user0_.id as id1_7_0_,
        user0_.avatar as avatar2_7_0_,
        user0_.created_at as created_3_7_0_,
        user0_.credit_score as credit_s4_7_0_,
        user0_.email as email5_7_0_,
        user0_.id_card as id_card6_7_0_,
        user0_.nickname as nickname7_7_0_,
        user0_.password as password8_7_0_,
        user0_.phone_number as phone_nu9_7_0_,
        user0_.role as role10_7_0_,
        user0_.status as status11_7_0_,
        user0_.updated_at as updated12_7_0_,
        user0_.username as usernam13_7_0_ 
    from
        users user0_ 
    where
        user0_.id=?
Hibernate: 
    select
        user0_.id as id1_7_0_,
        user0_.avatar as avatar2_7_0_,
        user0_.created_at as created_3_7_0_,
        user0_.credit_score as credit_s4_7_0_,
        user0_.email as email5_7_0_,
        user0_.id_card as id_card6_7_0_,
        user0_.nickname as nickname7_7_0_,
        user0_.password as password8_7_0_,
        user0_.phone_number as phone_nu9_7_0_,
        user0_.role as role10_7_0_,
        user0_.status as status11_7_0_,
        user0_.updated_at as updated12_7_0_,
        user0_.username as usernam13_7_0_ 
    from
        users user0_ 
    where
        user0_.id=?
2026-04-28 14:49:07.532 DEBUG 53092 --- [nio-8080-exec-7] org.hibernate.SQL                        : 
    select
        user0_.id as id1_7_0_,
        user0_.avatar as avatar2_7_0_,
        user0_.created_at as created_3_7_0_,
        user0_.credit_score as credit_s4_7_0_,
        user0_.email as email5_7_0_,
        user0_.id_card as id_card6_7_0_,
        user0_.nickname as nickname7_7_0_,
        user0_.password as password8_7_0_,
        user0_.phone_number as phone_nu9_7_0_,
        user0_.role as role10_7_0_,
        user0_.status as status11_7_0_,
        user0_.updated_at as updated12_7_0_,
        user0_.username as usernam13_7_0_ 
    from
        users user0_ 
    where
        user0_.id=?
Hibernate: 
    select
        user0_.id as id1_7_0_,
        user0_.avatar as avatar2_7_0_,
        user0_.created_at as created_3_7_0_,
        user0_.credit_score as credit_s4_7_0_,
        user0_.email as email5_7_0_,
        user0_.id_card as id_card6_7_0_,
        user0_.nickname as nickname7_7_0_,
        user0_.password as password8_7_0_,
        user0_.phone_number as phone_nu9_7_0_,
        user0_.role as role10_7_0_,
        user0_.status as status11_7_0_,
        user0_.updated_at as updated12_7_0_,
        user0_.username as usernam13_7_0_ 
    from
        users user0_ 
    where
        user0_.id=?
2026-04-28 14:49:16.955 DEBUG 53092 --- [nio-8080-exec-5] org.hibernate.SQL                        : 
    select
        user0_.id as id1_7_,
        user0_.avatar as avatar2_7_,
        user0_.created_at as created_3_7_,
        user0_.credit_score as credit_s4_7_,
        user0_.email as email5_7_,
        user0_.id_card as id_card6_7_,
        user0_.nickname as nickname7_7_,
        user0_.password as password8_7_,
        user0_.phone_number as phone_nu9_7_,
        user0_.role as role10_7_,
        user0_.status as status11_7_,
        user0_.updated_at as updated12_7_,
        user0_.username as usernam13_7_ 
    from
        users user0_ 
    where
        user0_.username=?
Hibernate: 
    select
        user0_.id as id1_7_,
        user0_.avatar as avatar2_7_,
        user0_.created_at as created_3_7_,
        user0_.credit_score as credit_s4_7_,
        user0_.email as email5_7_,
        user0_.id_card as id_card6_7_,
        user0_.nickname as nickname7_7_,
        user0_.password as password8_7_,
        user0_.phone_number as phone_nu9_7_,
        user0_.role as role10_7_,
        user0_.status as status11_7_,
        user0_.updated_at as updated12_7_,
        user0_.username as usernam13_7_ 
    from
        users user0_ 
    where
        user0_.username=?
2026-04-28 14:49:19.924 DEBUG 53092 --- [nio-8080-exec-9] org.hibernate.SQL                        : 
    select
        user0_.id as id1_7_0_,
        user0_.avatar as avatar2_7_0_,
        user0_.created_at as created_3_7_0_,
        user0_.credit_score as credit_s4_7_0_,
        user0_.email as email5_7_0_,
        user0_.id_card as id_card6_7_0_,
        user0_.nickname as nickname7_7_0_,
        user0_.password as password8_7_0_,
        user0_.phone_number as phone_nu9_7_0_,
        user0_.role as role10_7_0_,
        user0_.status as status11_7_0_,
        user0_.updated_at as updated12_7_0_,
        user0_.username as usernam13_7_0_ 
    from
        users user0_ 
    where
        user0_.id=?
Hibernate: 
    select
        user0_.id as id1_7_0_,
        user0_.avatar as avatar2_7_0_,
        user0_.created_at as created_3_7_0_,
        user0_.credit_score as credit_s4_7_0_,
        user0_.email as email5_7_0_,
        user0_.id_card as id_card6_7_0_,
        user0_.nickname as nickname7_7_0_,
        user0_.password as password8_7_0_,
        user0_.phone_number as phone_nu9_7_0_,
        user0_.role as role10_7_0_,
        user0_.status as status11_7_0_,
        user0_.updated_at as updated12_7_0_,
        user0_.username as usernam13_7_0_ 
    from
        users user0_ 
    where
        user0_.id=?
2026-04-28 14:49:19.926 DEBUG 53092 --- [nio-8080-exec-9] org.hibernate.SQL                        : 
    select
        user0_.id as id1_7_0_,
        user0_.avatar as avatar2_7_0_,
        user0_.created_at as created_3_7_0_,
        user0_.credit_score as credit_s4_7_0_,
        user0_.email as email5_7_0_,
        user0_.id_card as id_card6_7_0_,
        user0_.nickname as nickname7_7_0_,
        user0_.password as password8_7_0_,
        user0_.phone_number as phone_nu9_7_0_,
        user0_.role as role10_7_0_,
        user0_.status as status11_7_0_,
        user0_.updated_at as updated12_7_0_,
        user0_.username as usernam13_7_0_ 
    from
        users user0_ 
    where
        user0_.id=?
Hibernate: 
    select
        user0_.id as id1_7_0_,
        user0_.avatar as avatar2_7_0_,
        user0_.created_at as created_3_7_0_,
        user0_.credit_score as credit_s4_7_0_,
        user0_.email as email5_7_0_,
        user0_.id_card as id_card6_7_0_,
        user0_.nickname as nickname7_7_0_,
        user0_.password as password8_7_0_,
        user0_.phone_number as phone_nu9_7_0_,
        user0_.role as role10_7_0_,
        user0_.status as status11_7_0_,
        user0_.updated_at as updated12_7_0_,
        user0_.username as usernam13_7_0_ 
    from
        users user0_ 
    where
        user0_.id=?
2026-04-28 14:49:20.587 DEBUG 53092 --- [nio-8080-exec-3] org.hibernate.SQL                        : 
    select
        user0_.id as id1_7_0_,
        user0_.avatar as avatar2_7_0_,
        user0_.created_at as created_3_7_0_,
        user0_.credit_score as credit_s4_7_0_,
        user0_.email as email5_7_0_,
        user0_.id_card as id_card6_7_0_,
        user0_.nickname as nickname7_7_0_,
        user0_.password as password8_7_0_,
        user0_.phone_number as phone_nu9_7_0_,
        user0_.role as role10_7_0_,
        user0_.status as status11_7_0_,
        user0_.updated_at as updated12_7_0_,
        user0_.username as usernam13_7_0_ 
    from
        users user0_ 
    where
        user0_.id=?
Hibernate: 
    select
        user0_.id as id1_7_0_,
        user0_.avatar as avatar2_7_0_,
        user0_.created_at as created_3_7_0_,
        user0_.credit_score as credit_s4_7_0_,
        user0_.email as email5_7_0_,
        user0_.id_card as id_card6_7_0_,
        user0_.nickname as nickname7_7_0_,
        user0_.password as password8_7_0_,
        user0_.phone_number as phone_nu9_7_0_,
        user0_.role as role10_7_0_,
        user0_.status as status11_7_0_,
        user0_.updated_at as updated12_7_0_,
        user0_.username as usernam13_7_0_ 
    from
        users user0_ 
    where
        user0_.id=?
2026-04-28 14:49:20.587 DEBUG 53092 --- [nio-8080-exec-6] org.hibernate.SQL                        : 
    select
        user0_.id as id1_7_0_,
        user0_.avatar as avatar2_7_0_,
        user0_.created_at as created_3_7_0_,
        user0_.credit_score as credit_s4_7_0_,
        user0_.email as email5_7_0_,
        user0_.id_card as id_card6_7_0_,
        user0_.nickname as nickname7_7_0_,
        user0_.password as password8_7_0_,
        user0_.phone_number as phone_nu9_7_0_,
        user0_.role as role10_7_0_,
        user0_.status as status11_7_0_,
        user0_.updated_at as updated12_7_0_,
        user0_.username as usernam13_7_0_ 
    from
        users user0_ 
    where
        user0_.id=?
Hibernate: 
    select
        user0_.id as id1_7_0_,
        user0_.avatar as avatar2_7_0_,
        user0_.created_at as created_3_7_0_,
        user0_.credit_score as credit_s4_7_0_,
        user0_.email as email5_7_0_,
        user0_.id_card as id_card6_7_0_,
        user0_.nickname as nickname7_7_0_,
        user0_.password as password8_7_0_,
        user0_.phone_number as phone_nu9_7_0_,
        user0_.role as role10_7_0_,
        user0_.status as status11_7_0_,
        user0_.updated_at as updated12_7_0_,
        user0_.username as usernam13_7_0_ 
    from
        users user0_ 
    where
        user0_.id=?
2026-04-28 14:49:20.587 DEBUG 53092 --- [nio-8080-exec-7] org.hibernate.SQL                        : 
    select
        user0_.id as id1_7_0_,
        user0_.avatar as avatar2_7_0_,
        user0_.created_at as created_3_7_0_,
        user0_.credit_score as credit_s4_7_0_,
        user0_.email as email5_7_0_,
        user0_.id_card as id_card6_7_0_,
        user0_.nickname as nickname7_7_0_,
        user0_.password as password8_7_0_,
        user0_.phone_number as phone_nu9_7_0_,
        user0_.role as role10_7_0_,
        user0_.status as status11_7_0_,
        user0_.updated_at as updated12_7_0_,
        user0_.username as usernam13_7_0_ 
    from
        users user0_ 
    where
        user0_.id=?
Hibernate: 
    select
        user0_.id as id1_7_0_,
        user0_.avatar as avatar2_7_0_,
        user0_.created_at as created_3_7_0_,
        user0_.credit_score as credit_s4_7_0_,
        user0_.email as email5_7_0_,
        user0_.id_card as id_card6_7_0_,
        user0_.nickname as nickname7_7_0_,
        user0_.password as password8_7_0_,
        user0_.phone_number as phone_nu9_7_0_,
        user0_.role as role10_7_0_,
        user0_.status as status11_7_0_,
        user0_.updated_at as updated12_7_0_,
        user0_.username as usernam13_7_0_ 
    from
        users user0_ 
    where
        user0_.id=?
2026-04-28 14:49:20.589 DEBUG 53092 --- [nio-8080-exec-6] org.hibernate.SQL                        : 
    select
        product0_.id as id1_5_,
        product0_.category_id as categor14_5_,
        product0_.condition_level as conditio2_5_,
        product0_.created_at as created_3_5_,
        product0_.description as descript4_5_,
        product0_.image_url as image_ur5_5_,
        product0_.location as location6_5_,
        product0_.name as name7_5_,
        product0_.original_price as original8_5_,
        product0_.price as price9_5_,
        product0_.reject_reason as reject_10_5_,
        product0_.seller_id as seller_15_5_,
        product0_.status as status11_5_,
        product0_.updated_at as updated12_5_,
        product0_.view_count as view_co13_5_ 
    from
        products product0_ 
    where
        product0_.status=? 
    order by
        product0_.created_at asc limit ?
Hibernate: 
    select
        product0_.id as id1_5_,
        product0_.category_id as categor14_5_,
        product0_.condition_level as conditio2_5_,
        product0_.created_at as created_3_5_,
        product0_.description as descript4_5_,
        product0_.image_url as image_ur5_5_,
        product0_.location as location6_5_,
        product0_.name as name7_5_,
        product0_.original_price as original8_5_,
        product0_.price as price9_5_,
        product0_.reject_reason as reject_10_5_,
        product0_.seller_id as seller_15_5_,
        product0_.status as status11_5_,
        product0_.updated_at as updated12_5_,
        product0_.view_count as view_co13_5_ 
    from
        products product0_ 
    where
        product0_.status=? 
    order by
        product0_.created_at asc limit ?
2026-04-28 14:49:20.589 DEBUG 53092 --- [nio-8080-exec-3] org.hibernate.SQL                        : 
    select
        user0_.id as id1_7_,
        user0_.avatar as avatar2_7_,
        user0_.created_at as created_3_7_,
        user0_.credit_score as credit_s4_7_,
        user0_.email as email5_7_,
        user0_.id_card as id_card6_7_,
        user0_.nickname as nickname7_7_,
        user0_.password as password8_7_,
        user0_.phone_number as phone_nu9_7_,
        user0_.role as role10_7_,
        user0_.status as status11_7_,
        user0_.updated_at as updated12_7_,
        user0_.username as usernam13_7_ 
    from
        users user0_ 
    where
        user0_.status=? 
    order by
        user0_.created_at asc limit ?
Hibernate: 
    select
        user0_.id as id1_7_,
        user0_.avatar as avatar2_7_,
        user0_.created_at as created_3_7_,
        user0_.credit_score as credit_s4_7_,
        user0_.email as email5_7_,
        user0_.id_card as id_card6_7_,
        user0_.nickname as nickname7_7_,
        user0_.password as password8_7_,
        user0_.phone_number as phone_nu9_7_,
        user0_.role as role10_7_,
        user0_.status as status11_7_,
        user0_.updated_at as updated12_7_,
        user0_.username as usernam13_7_ 
    from
        users user0_ 
    where
        user0_.status=? 
    order by
        user0_.created_at asc limit ?
2026-04-28 14:49:20.589 DEBUG 53092 --- [nio-8080-exec-7] org.hibernate.SQL                        : 
    select
        review0_.id as id1_6_,
        review0_.audit_remark as audit_re2_6_,
        review0_.audit_status as audit_st3_6_,
        review0_.comment as comment4_6_,
        review0_.created_at as created_5_6_,
        review0_.desc_score as desc_sco6_6_,
        review0_.images as images7_6_,
        review0_.order_id as order_i11_6_,
        review0_.product_id as product12_6_,
        review0_.rating as rating8_6_,
        review0_.service_score as service_9_6_,
        review0_.ship_score as ship_sc10_6_,
        review0_.user_id as user_id13_6_ 
    from
        reviews review0_ 
    where
        review0_.audit_status=? 
    order by
        review0_.created_at asc limit ?
Hibernate: 
    select
        review0_.id as id1_6_,
        review0_.audit_remark as audit_re2_6_,
        review0_.audit_status as audit_st3_6_,
        review0_.comment as comment4_6_,
        review0_.created_at as created_5_6_,
        review0_.desc_score as desc_sco6_6_,
        review0_.images as images7_6_,
        review0_.order_id as order_i11_6_,
        review0_.product_id as product12_6_,
        review0_.rating as rating8_6_,
        review0_.service_score as service_9_6_,
        review0_.ship_score as ship_sc10_6_,
        review0_.user_id as user_id13_6_ 
    from
        reviews review0_ 
    where
        review0_.audit_status=? 
    order by
        review0_.created_at asc limit ?
2026-04-28 14:49:20.590 DEBUG 53092 --- [nio-8080-exec-6] org.hibernate.SQL                        : 
    select
        user0_.id as id1_7_0_,
        user0_.avatar as avatar2_7_0_,
        user0_.created_at as created_3_7_0_,
        user0_.credit_score as credit_s4_7_0_,
        user0_.email as email5_7_0_,
        user0_.id_card as id_card6_7_0_,
        user0_.nickname as nickname7_7_0_,
        user0_.password as password8_7_0_,
        user0_.phone_number as phone_nu9_7_0_,
        user0_.role as role10_7_0_,
        user0_.status as status11_7_0_,
        user0_.updated_at as updated12_7_0_,
        user0_.username as usernam13_7_0_ 
    from
        users user0_ 
    where
        user0_.id=?
Hibernate: 
    select
        user0_.id as id1_7_0_,
        user0_.avatar as avatar2_7_0_,
        user0_.created_at as created_3_7_0_,
        user0_.credit_score as credit_s4_7_0_,
        user0_.email as email5_7_0_,
        user0_.id_card as id_card6_7_0_,
        user0_.nickname as nickname7_7_0_,
        user0_.password as password8_7_0_,
        user0_.phone_number as phone_nu9_7_0_,
        user0_.role as role10_7_0_,
        user0_.status as status11_7_0_,
        user0_.updated_at as updated12_7_0_,
        user0_.username as usernam13_7_0_ 
    from
        users user0_ 
    where
        user0_.id=?
2026-04-28 14:49:34.225 DEBUG 53092 --- [   scheduling-1] org.hibernate.SQL                        : 
    select
        order0_.id as id1_3_,
        order0_.buyer_id as buyer_i15_3_,
        order0_.created_at as created_2_3_,
        order0_.order_no as order_no3_3_,
        order0_.payment_time as payment_4_3_,
        order0_.price as price5_3_,
        order0_.product_id as product16_3_,
        order0_.receive_time as receive_6_3_,
        order0_.seller_id as seller_17_3_,
        order0_.ship_time as ship_tim7_3_,
        order0_.shipping_address as shipping8_3_,
        order0_.shipping_name as shipping9_3_,
        order0_.shipping_phone as shippin10_3_,
        order0_.status as status11_3_,
        order0_.tracking_company as trackin12_3_,
        order0_.tracking_number as trackin13_3_,
        order0_.updated_at as updated14_3_ 
    from
        orders order0_ 
    where
        order0_.status='PENDING' 
        and order0_.created_at<?
Hibernate: 
    select
        order0_.id as id1_3_,
        order0_.buyer_id as buyer_i15_3_,
        order0_.created_at as created_2_3_,
        order0_.order_no as order_no3_3_,
        order0_.payment_time as payment_4_3_,
        order0_.price as price5_3_,
        order0_.product_id as product16_3_,
        order0_.receive_time as receive_6_3_,
        order0_.seller_id as seller_17_3_,
        order0_.ship_time as ship_tim7_3_,
        order0_.shipping_address as shipping8_3_,
        order0_.shipping_name as shipping9_3_,
        order0_.shipping_phone as shippin10_3_,
        order0_.status as status11_3_,
        order0_.tracking_company as trackin12_3_,
        order0_.tracking_number as trackin13_3_,
        order0_.updated_at as updated14_3_ 
    from
        orders order0_ 
    where
        order0_.status='PENDING' 
        and order0_.created_at<?
2026-04-28 14:50:34.234 DEBUG 53092 --- [   scheduling-1] org.hibernate.SQL                        : 
    select
        order0_.id as id1_3_,
        order0_.buyer_id as buyer_i15_3_,
        order0_.created_at as created_2_3_,
        order0_.order_no as order_no3_3_,
        order0_.payment_time as payment_4_3_,
        order0_.price as price5_3_,
        order0_.product_id as product16_3_,
        order0_.receive_time as receive_6_3_,
        order0_.seller_id as seller_17_3_,
        order0_.ship_time as ship_tim7_3_,
        order0_.shipping_address as shipping8_3_,
        order0_.shipping_name as shipping9_3_,
        order0_.shipping_phone as shippin10_3_,
        order0_.status as status11_3_,
        order0_.tracking_company as trackin12_3_,
        order0_.tracking_number as trackin13_3_,
        order0_.updated_at as updated14_3_ 
    from
        orders order0_ 
    where
        order0_.status='PENDING' 
        and order0_.created_at<?
Hibernate: 
    select
        order0_.id as id1_3_,
        order0_.buyer_id as buyer_i15_3_,
        order0_.created_at as created_2_3_,
        order0_.order_no as order_no3_3_,
        order0_.payment_time as payment_4_3_,
        order0_.price as price5_3_,
        order0_.product_id as product16_3_,
        order0_.receive_time as receive_6_3_,
        order0_.seller_id as seller_17_3_,
        order0_.ship_time as ship_tim7_3_,
        order0_.shipping_address as shipping8_3_,
        order0_.shipping_name as shipping9_3_,
        order0_.shipping_phone as shippin10_3_,
        order0_.status as status11_3_,
        order0_.tracking_company as trackin12_3_,
        order0_.tracking_number as trackin13_3_,
        order0_.updated_at as updated14_3_ 
    from
        orders order0_ 
    where
        order0_.status='PENDING' 
        and order0_.created_at<?
2026-04-28 14:51:34.240 DEBUG 53092 --- [   scheduling-1] org.hibernate.SQL                        : 
    select
        order0_.id as id1_3_,
        order0_.buyer_id as buyer_i15_3_,
        order0_.created_at as created_2_3_,
        order0_.order_no as order_no3_3_,
        order0_.payment_time as payment_4_3_,
        order0_.price as price5_3_,
        order0_.product_id as product16_3_,
        order0_.receive_time as receive_6_3_,
        order0_.seller_id as seller_17_3_,
        order0_.ship_time as ship_tim7_3_,
        order0_.shipping_address as shipping8_3_,
        order0_.shipping_name as shipping9_3_,
        order0_.shipping_phone as shippin10_3_,
        order0_.status as status11_3_,
        order0_.tracking_company as trackin12_3_,
        order0_.tracking_number as trackin13_3_,
        order0_.updated_at as updated14_3_ 
    from
        orders order0_ 
    where
        order0_.status='PENDING' 
        and order0_.created_at<?
Hibernate: 
    select
        order0_.id as id1_3_,
        order0_.buyer_id as buyer_i15_3_,
        order0_.created_at as created_2_3_,
        order0_.order_no as order_no3_3_,
        order0_.payment_time as payment_4_3_,
        order0_.price as price5_3_,
        order0_.product_id as product16_3_,
        order0_.receive_time as receive_6_3_,
        order0_.seller_id as seller_17_3_,
        order0_.ship_time as ship_tim7_3_,
        order0_.shipping_address as shipping8_3_,
        order0_.shipping_name as shipping9_3_,
        order0_.shipping_phone as shippin10_3_,
        order0_.status as status11_3_,
        order0_.tracking_company as trackin12_3_,
        order0_.tracking_number as trackin13_3_,
        order0_.updated_at as updated14_3_ 
    from
        orders order0_ 
    where
        order0_.status='PENDING' 
        and order0_.created_at<?
2026-04-28 14:51:35.954 DEBUG 53092 --- [nio-8080-exec-5] org.hibernate.SQL                        : 
    select
        user0_.id as id1_7_0_,
        user0_.avatar as avatar2_7_0_,
        user0_.created_at as created_3_7_0_,
        user0_.credit_score as credit_s4_7_0_,
        user0_.email as email5_7_0_,
        user0_.id_card as id_card6_7_0_,
        user0_.nickname as nickname7_7_0_,
        user0_.password as password8_7_0_,
        user0_.phone_number as phone_nu9_7_0_,
        user0_.role as role10_7_0_,
        user0_.status as status11_7_0_,
        user0_.updated_at as updated12_7_0_,
        user0_.username as usernam13_7_0_ 
    from
        users user0_ 
    where
        user0_.id=?
Hibernate: 
    select
        user0_.id as id1_7_0_,
        user0_.avatar as avatar2_7_0_,
        user0_.created_at as created_3_7_0_,
        user0_.credit_score as credit_s4_7_0_,
        user0_.email as email5_7_0_,
        user0_.id_card as id_card6_7_0_,
        user0_.nickname as nickname7_7_0_,
        user0_.password as password8_7_0_,
        user0_.phone_number as phone_nu9_7_0_,
        user0_.role as role10_7_0_,
        user0_.status as status11_7_0_,
        user0_.updated_at as updated12_7_0_,
        user0_.username as usernam13_7_0_ 
    from
        users user0_ 
    where
        user0_.id=?
2026-04-28 14:51:35.957 DEBUG 53092 --- [nio-8080-exec-5] org.hibernate.SQL                        : 
    select
        user0_.id as id1_7_0_,
        user0_.avatar as avatar2_7_0_,
        user0_.created_at as created_3_7_0_,
        user0_.credit_score as credit_s4_7_0_,
        user0_.email as email5_7_0_,
        user0_.id_card as id_card6_7_0_,
        user0_.nickname as nickname7_7_0_,
        user0_.password as password8_7_0_,
        user0_.phone_number as phone_nu9_7_0_,
        user0_.role as role10_7_0_,
        user0_.status as status11_7_0_,
        user0_.updated_at as updated12_7_0_,
        user0_.username as usernam13_7_0_ 
    from
        users user0_ 
    where
        user0_.id=?
Hibernate: 
    select
        user0_.id as id1_7_0_,
        user0_.avatar as avatar2_7_0_,
        user0_.created_at as created_3_7_0_,
        user0_.credit_score as credit_s4_7_0_,
        user0_.email as email5_7_0_,
        user0_.id_card as id_card6_7_0_,
        user0_.nickname as nickname7_7_0_,
        user0_.password as password8_7_0_,
        user0_.phone_number as phone_nu9_7_0_,
        user0_.role as role10_7_0_,
        user0_.status as status11_7_0_,
        user0_.updated_at as updated12_7_0_,
        user0_.username as usernam13_7_0_ 
    from
        users user0_ 
    where
        user0_.id=?
2026-04-28 14:51:35.962 DEBUG 53092 --- [nio-8080-exec-8] org.hibernate.SQL                        : 
    select
        user0_.id as id1_7_0_,
        user0_.avatar as avatar2_7_0_,
        user0_.created_at as created_3_7_0_,
        user0_.credit_score as credit_s4_7_0_,
        user0_.email as email5_7_0_,
        user0_.id_card as id_card6_7_0_,
        user0_.nickname as nickname7_7_0_,
        user0_.password as password8_7_0_,
        user0_.phone_number as phone_nu9_7_0_,
        user0_.role as role10_7_0_,
        user0_.status as status11_7_0_,
        user0_.updated_at as updated12_7_0_,
        user0_.username as usernam13_7_0_ 
    from
        users user0_ 
    where
        user0_.id=?
Hibernate: 
    select
        user0_.id as id1_7_0_,
        user0_.avatar as avatar2_7_0_,
        user0_.created_at as created_3_7_0_,
        user0_.credit_score as credit_s4_7_0_,
        user0_.email as email5_7_0_,
        user0_.id_card as id_card6_7_0_,
        user0_.nickname as nickname7_7_0_,
        user0_.password as password8_7_0_,
        user0_.phone_number as phone_nu9_7_0_,
        user0_.role as role10_7_0_,
        user0_.status as status11_7_0_,
        user0_.updated_at as updated12_7_0_,
        user0_.username as usernam13_7_0_ 
    from
        users user0_ 
    where
        user0_.id=?
2026-04-28 14:51:35.962 DEBUG 53092 --- [nio-8080-exec-4] org.hibernate.SQL                        : 
    select
        user0_.id as id1_7_0_,
        user0_.avatar as avatar2_7_0_,
        user0_.created_at as created_3_7_0_,
        user0_.credit_score as credit_s4_7_0_,
        user0_.email as email5_7_0_,
        user0_.id_card as id_card6_7_0_,
        user0_.nickname as nickname7_7_0_,
        user0_.password as password8_7_0_,
        user0_.phone_number as phone_nu9_7_0_,
        user0_.role as role10_7_0_,
        user0_.status as status11_7_0_,
        user0_.updated_at as updated12_7_0_,
        user0_.username as usernam13_7_0_ 
    from
        users user0_ 
    where
        user0_.id=?
Hibernate: 
    select
        user0_.id as id1_7_0_,
        user0_.avatar as avatar2_7_0_,
        user0_.created_at as created_3_7_0_,
        user0_.credit_score as credit_s4_7_0_,
        user0_.email as email5_7_0_,
        user0_.id_card as id_card6_7_0_,
        user0_.nickname as nickname7_7_0_,
        user0_.password as password8_7_0_,
        user0_.phone_number as phone_nu9_7_0_,
        user0_.role as role10_7_0_,
        user0_.status as status11_7_0_,
        user0_.updated_at as updated12_7_0_,
        user0_.username as usernam13_7_0_ 
    from
        users user0_ 
    where
        user0_.id=?
2026-04-28 14:51:35.962 DEBUG 53092 --- [nio-8080-exec-1] org.hibernate.SQL                        : 
    select
        user0_.id as id1_7_0_,
        user0_.avatar as avatar2_7_0_,
        user0_.created_at as created_3_7_0_,
        user0_.credit_score as credit_s4_7_0_,
        user0_.email as email5_7_0_,
        user0_.id_card as id_card6_7_0_,
        user0_.nickname as nickname7_7_0_,
        user0_.password as password8_7_0_,
        user0_.phone_number as phone_nu9_7_0_,
        user0_.role as role10_7_0_,
        user0_.status as status11_7_0_,
        user0_.updated_at as updated12_7_0_,
        user0_.username as usernam13_7_0_ 
    from
        users user0_ 
    where
        user0_.id=?
Hibernate: 
    select
        user0_.id as id1_7_0_,
        user0_.avatar as avatar2_7_0_,
        user0_.created_at as created_3_7_0_,
        user0_.credit_score as credit_s4_7_0_,
        user0_.email as email5_7_0_,
        user0_.id_card as id_card6_7_0_,
        user0_.nickname as nickname7_7_0_,
        user0_.password as password8_7_0_,
        user0_.phone_number as phone_nu9_7_0_,
        user0_.role as role10_7_0_,
        user0_.status as status11_7_0_,
        user0_.updated_at as updated12_7_0_,
        user0_.username as usernam13_7_0_ 
    from
        users user0_ 
    where
        user0_.id=?
2026-04-28 14:51:35.965 DEBUG 53092 --- [nio-8080-exec-4] org.hibernate.SQL                        : 
    select
        product0_.id as id1_5_,
        product0_.category_id as categor14_5_,
        product0_.condition_level as conditio2_5_,
        product0_.created_at as created_3_5_,
        product0_.description as descript4_5_,
        product0_.image_url as image_ur5_5_,
        product0_.location as location6_5_,
        product0_.name as name7_5_,
        product0_.original_price as original8_5_,
        product0_.price as price9_5_,
        product0_.reject_reason as reject_10_5_,
        product0_.seller_id as seller_15_5_,
        product0_.status as status11_5_,
        product0_.updated_at as updated12_5_,
        product0_.view_count as view_co13_5_ 
    from
        products product0_ 
    where
        product0_.status=? 
    order by
        product0_.created_at asc limit ?
Hibernate: 
    select
        product0_.id as id1_5_,
        product0_.category_id as categor14_5_,
        product0_.condition_level as conditio2_5_,
        product0_.created_at as created_3_5_,
        product0_.description as descript4_5_,
        product0_.image_url as image_ur5_5_,
        product0_.location as location6_5_,
        product0_.name as name7_5_,
        product0_.original_price as original8_5_,
        product0_.price as price9_5_,
        product0_.reject_reason as reject_10_5_,
        product0_.seller_id as seller_15_5_,
        product0_.status as status11_5_,
        product0_.updated_at as updated12_5_,
        product0_.view_count as view_co13_5_ 
    from
        products product0_ 
    where
        product0_.status=? 
    order by
        product0_.created_at asc limit ?
2026-04-28 14:51:35.965 DEBUG 53092 --- [nio-8080-exec-8] org.hibernate.SQL                        : 
    select
        review0_.id as id1_6_,
        review0_.audit_remark as audit_re2_6_,
        review0_.audit_status as audit_st3_6_,
        review0_.comment as comment4_6_,
        review0_.created_at as created_5_6_,
        review0_.desc_score as desc_sco6_6_,
        review0_.images as images7_6_,
        review0_.order_id as order_i11_6_,
        review0_.product_id as product12_6_,
        review0_.rating as rating8_6_,
        review0_.service_score as service_9_6_,
        review0_.ship_score as ship_sc10_6_,
        review0_.user_id as user_id13_6_ 
    from
        reviews review0_ 
    where
        review0_.audit_status=? 
    order by
        review0_.created_at asc limit ?
Hibernate: 
    select
        review0_.id as id1_6_,
        review0_.audit_remark as audit_re2_6_,
        review0_.audit_status as audit_st3_6_,
        review0_.comment as comment4_6_,
        review0_.created_at as created_5_6_,
        review0_.desc_score as desc_sco6_6_,
        review0_.images as images7_6_,
        review0_.order_id as order_i11_6_,
        review0_.product_id as product12_6_,
        review0_.rating as rating8_6_,
        review0_.service_score as service_9_6_,
        review0_.ship_score as ship_sc10_6_,
        review0_.user_id as user_id13_6_ 
    from
        reviews review0_ 
    where
        review0_.audit_status=? 
    order by
        review0_.created_at asc limit ?
2026-04-28 14:51:35.965 DEBUG 53092 --- [nio-8080-exec-1] org.hibernate.SQL                        : 
    select
        user0_.id as id1_7_,
        user0_.avatar as avatar2_7_,
        user0_.created_at as created_3_7_,
        user0_.credit_score as credit_s4_7_,
        user0_.email as email5_7_,
        user0_.id_card as id_card6_7_,
        user0_.nickname as nickname7_7_,
        user0_.password as password8_7_,
        user0_.phone_number as phone_nu9_7_,
        user0_.role as role10_7_,
        user0_.status as status11_7_,
        user0_.updated_at as updated12_7_,
        user0_.username as usernam13_7_ 
    from
        users user0_ 
    where
        user0_.status=? 
    order by
        user0_.created_at asc limit ?
Hibernate: 
    select
        user0_.id as id1_7_,
        user0_.avatar as avatar2_7_,
        user0_.created_at as created_3_7_,
        user0_.credit_score as credit_s4_7_,
        user0_.email as email5_7_,
        user0_.id_card as id_card6_7_,
        user0_.nickname as nickname7_7_,
        user0_.password as password8_7_,
        user0_.phone_number as phone_nu9_7_,
        user0_.role as role10_7_,
        user0_.status as status11_7_,
        user0_.updated_at as updated12_7_,
        user0_.username as usernam13_7_ 
    from
        users user0_ 
    where
        user0_.status=? 
    order by
        user0_.created_at asc limit ?
2026-04-28 14:51:35.966 DEBUG 53092 --- [nio-8080-exec-4] org.hibernate.SQL                        : 
    select
        user0_.id as id1_7_0_,
        user0_.avatar as avatar2_7_0_,
        user0_.created_at as created_3_7_0_,
        user0_.credit_score as credit_s4_7_0_,
        user0_.email as email5_7_0_,
        user0_.id_card as id_card6_7_0_,
        user0_.nickname as nickname7_7_0_,
        user0_.password as password8_7_0_,
        user0_.phone_number as phone_nu9_7_0_,
        user0_.role as role10_7_0_,
        user0_.status as status11_7_0_,
        user0_.updated_at as updated12_7_0_,
        user0_.username as usernam13_7_0_ 
    from
        users user0_ 
    where
        user0_.id=?
Hibernate: 
    select
        user0_.id as id1_7_0_,
        user0_.avatar as avatar2_7_0_,
        user0_.created_at as created_3_7_0_,
        user0_.credit_score as credit_s4_7_0_,
        user0_.email as email5_7_0_,
        user0_.id_card as id_card6_7_0_,
        user0_.nickname as nickname7_7_0_,
        user0_.password as password8_7_0_,
        user0_.phone_number as phone_nu9_7_0_,
        user0_.role as role10_7_0_,
        user0_.status as status11_7_0_,
        user0_.updated_at as updated12_7_0_,
        user0_.username as usernam13_7_0_ 
    from
        users user0_ 
    where
        user0_.id=?
2026-04-28 14:51:54.763 DEBUG 53092 --- [nio-8080-exec-2] org.hibernate.SQL                        : 
    select
        user0_.id as id1_7_0_,
        user0_.avatar as avatar2_7_0_,
        user0_.created_at as created_3_7_0_,
        user0_.credit_score as credit_s4_7_0_,
        user0_.email as email5_7_0_,
        user0_.id_card as id_card6_7_0_,
        user0_.nickname as nickname7_7_0_,
        user0_.password as password8_7_0_,
        user0_.phone_number as phone_nu9_7_0_,
        user0_.role as role10_7_0_,
        user0_.status as status11_7_0_,
        user0_.updated_at as updated12_7_0_,
        user0_.username as usernam13_7_0_ 
    from
        users user0_ 
    where
        user0_.id=?
Hibernate: 
    select
        user0_.id as id1_7_0_,
        user0_.avatar as avatar2_7_0_,
        user0_.created_at as created_3_7_0_,
        user0_.credit_score as credit_s4_7_0_,
        user0_.email as email5_7_0_,
        user0_.id_card as id_card6_7_0_,
        user0_.nickname as nickname7_7_0_,
        user0_.password as password8_7_0_,
        user0_.phone_number as phone_nu9_7_0_,
        user0_.role as role10_7_0_,
        user0_.status as status11_7_0_,
        user0_.updated_at as updated12_7_0_,
        user0_.username as usernam13_7_0_ 
    from
        users user0_ 
    where
        user0_.id=?
2026-04-28 14:51:54.763 DEBUG 53092 --- [io-8080-exec-10] org.hibernate.SQL                        : 
    select
        user0_.id as id1_7_0_,
        user0_.avatar as avatar2_7_0_,
        user0_.created_at as created_3_7_0_,
        user0_.credit_score as credit_s4_7_0_,
        user0_.email as email5_7_0_,
        user0_.id_card as id_card6_7_0_,
        user0_.nickname as nickname7_7_0_,
        user0_.password as password8_7_0_,
        user0_.phone_number as phone_nu9_7_0_,
        user0_.role as role10_7_0_,
        user0_.status as status11_7_0_,
        user0_.updated_at as updated12_7_0_,
        user0_.username as usernam13_7_0_ 
    from
        users user0_ 
    where
        user0_.id=?
Hibernate: 
    select
        user0_.id as id1_7_0_,
        user0_.avatar as avatar2_7_0_,
        user0_.created_at as created_3_7_0_,
        user0_.credit_score as credit_s4_7_0_,
        user0_.email as email5_7_0_,
        user0_.id_card as id_card6_7_0_,
        user0_.nickname as nickname7_7_0_,
        user0_.password as password8_7_0_,
        user0_.phone_number as phone_nu9_7_0_,
        user0_.role as role10_7_0_,
        user0_.status as status11_7_0_,
        user0_.updated_at as updated12_7_0_,
        user0_.username as usernam13_7_0_ 
    from
        users user0_ 
    where
        user0_.id=?
2026-04-28 14:51:54.763 DEBUG 53092 --- [nio-8080-exec-9] org.hibernate.SQL                        : 
    select
        user0_.id as id1_7_0_,
        user0_.avatar as avatar2_7_0_,
        user0_.created_at as created_3_7_0_,
        user0_.credit_score as credit_s4_7_0_,
        user0_.email as email5_7_0_,
        user0_.id_card as id_card6_7_0_,
        user0_.nickname as nickname7_7_0_,
        user0_.password as password8_7_0_,
        user0_.phone_number as phone_nu9_7_0_,
        user0_.role as role10_7_0_,
        user0_.status as status11_7_0_,
        user0_.updated_at as updated12_7_0_,
        user0_.username as usernam13_7_0_ 
    from
        users user0_ 
    where
        user0_.id=?
Hibernate: 
    select
        user0_.id as id1_7_0_,
        user0_.avatar as avatar2_7_0_,
        user0_.created_at as created_3_7_0_,
        user0_.credit_score as credit_s4_7_0_,
        user0_.email as email5_7_0_,
        user0_.id_card as id_card6_7_0_,
        user0_.nickname as nickname7_7_0_,
        user0_.password as password8_7_0_,
        user0_.phone_number as phone_nu9_7_0_,
        user0_.role as role10_7_0_,
        user0_.status as status11_7_0_,
        user0_.updated_at as updated12_7_0_,
        user0_.username as usernam13_7_0_ 
    from
        users user0_ 
    where
        user0_.id=?
2026-04-28 14:51:54.765 DEBUG 53092 --- [io-8080-exec-10] org.hibernate.SQL                        : 
    select
        user0_.id as id1_7_,
        user0_.avatar as avatar2_7_,
        user0_.created_at as created_3_7_,
        user0_.credit_score as credit_s4_7_,
        user0_.email as email5_7_,
        user0_.id_card as id_card6_7_,
        user0_.nickname as nickname7_7_,
        user0_.password as password8_7_,
        user0_.phone_number as phone_nu9_7_,
        user0_.role as role10_7_,
        user0_.status as status11_7_,
        user0_.updated_at as updated12_7_,
        user0_.username as usernam13_7_ 
    from
        users user0_ 
    where
        user0_.status=? 
    order by
        user0_.created_at asc limit ?
Hibernate: 
    select
        user0_.id as id1_7_,
        user0_.avatar as avatar2_7_,
        user0_.created_at as created_3_7_,
        user0_.credit_score as credit_s4_7_,
        user0_.email as email5_7_,
        user0_.id_card as id_card6_7_,
        user0_.nickname as nickname7_7_,
        user0_.password as password8_7_,
        user0_.phone_number as phone_nu9_7_,
        user0_.role as role10_7_,
        user0_.status as status11_7_,
        user0_.updated_at as updated12_7_,
        user0_.username as usernam13_7_ 
    from
        users user0_ 
    where
        user0_.status=? 
    order by
        user0_.created_at asc limit ?
2026-04-28 14:51:54.765 DEBUG 53092 --- [nio-8080-exec-9] org.hibernate.SQL                        : 
    select
        review0_.id as id1_6_,
        review0_.audit_remark as audit_re2_6_,
        review0_.audit_status as audit_st3_6_,
        review0_.comment as comment4_6_,
        review0_.created_at as created_5_6_,
        review0_.desc_score as desc_sco6_6_,
        review0_.images as images7_6_,
        review0_.order_id as order_i11_6_,
        review0_.product_id as product12_6_,
        review0_.rating as rating8_6_,
        review0_.service_score as service_9_6_,
        review0_.ship_score as ship_sc10_6_,
        review0_.user_id as user_id13_6_ 
    from
        reviews review0_ 
    where
        review0_.audit_status=? 
    order by
        review0_.created_at asc limit ?
Hibernate: 
    select
        review0_.id as id1_6_,
        review0_.audit_remark as audit_re2_6_,
        review0_.audit_status as audit_st3_6_,
        review0_.comment as comment4_6_,
        review0_.created_at as created_5_6_,
        review0_.desc_score as desc_sco6_6_,
        review0_.images as images7_6_,
        review0_.order_id as order_i11_6_,
        review0_.product_id as product12_6_,
        review0_.rating as rating8_6_,
        review0_.service_score as service_9_6_,
        review0_.ship_score as ship_sc10_6_,
        review0_.user_id as user_id13_6_ 
    from
        reviews review0_ 
    where
        review0_.audit_status=? 
    order by
        review0_.created_at asc limit ?
2026-04-28 14:51:54.765 DEBUG 53092 --- [nio-8080-exec-2] org.hibernate.SQL                        : 
    select
        product0_.id as id1_5_,
        product0_.category_id as categor14_5_,
        product0_.condition_level as conditio2_5_,
        product0_.created_at as created_3_5_,
        product0_.description as descript4_5_,
        product0_.image_url as image_ur5_5_,
        product0_.location as location6_5_,
        product0_.name as name7_5_,
        product0_.original_price as original8_5_,
        product0_.price as price9_5_,
        product0_.reject_reason as reject_10_5_,
        product0_.seller_id as seller_15_5_,
        product0_.status as status11_5_,
        product0_.updated_at as updated12_5_,
        product0_.view_count as view_co13_5_ 
    from
        products product0_ 
    where
        product0_.status=? 
    order by
        product0_.created_at asc limit ?
Hibernate: 
    select
        product0_.id as id1_5_,
        product0_.category_id as categor14_5_,
        product0_.condition_level as conditio2_5_,
        product0_.created_at as created_3_5_,
        product0_.description as descript4_5_,
        product0_.image_url as image_ur5_5_,
        product0_.location as location6_5_,
        product0_.name as name7_5_,
        product0_.original_price as original8_5_,
        product0_.price as price9_5_,
        product0_.reject_reason as reject_10_5_,
        product0_.seller_id as seller_15_5_,
        product0_.status as status11_5_,
        product0_.updated_at as updated12_5_,
        product0_.view_count as view_co13_5_ 
    from
        products product0_ 
    where
        product0_.status=? 
    order by
        product0_.created_at asc limit ?
2026-04-28 14:51:54.766 DEBUG 53092 --- [nio-8080-exec-2] org.hibernate.SQL                        : 
    select
        user0_.id as id1_7_0_,
        user0_.avatar as avatar2_7_0_,
        user0_.created_at as created_3_7_0_,
        user0_.credit_score as credit_s4_7_0_,
        user0_.email as email5_7_0_,
        user0_.id_card as id_card6_7_0_,
        user0_.nickname as nickname7_7_0_,
        user0_.password as password8_7_0_,
        user0_.phone_number as phone_nu9_7_0_,
        user0_.role as role10_7_0_,
        user0_.status as status11_7_0_,
        user0_.updated_at as updated12_7_0_,
        user0_.username as usernam13_7_0_ 
    from
        users user0_ 
    where
        user0_.id=?
Hibernate: 
    select
        user0_.id as id1_7_0_,
        user0_.avatar as avatar2_7_0_,
        user0_.created_at as created_3_7_0_,
        user0_.credit_score as credit_s4_7_0_,
        user0_.email as email5_7_0_,
        user0_.id_card as id_card6_7_0_,
        user0_.nickname as nickname7_7_0_,
        user0_.password as password8_7_0_,
        user0_.phone_number as phone_nu9_7_0_,
        user0_.role as role10_7_0_,
        user0_.status as status11_7_0_,
        user0_.updated_at as updated12_7_0_,
        user0_.username as usernam13_7_0_ 
    from
        users user0_ 
    where
        user0_.id=?
2026-04-28 14:52:14.405 DEBUG 53092 --- [nio-8080-exec-1] org.hibernate.SQL                        : 
    select
        user0_.id as id1_7_0_,
        user0_.avatar as avatar2_7_0_,
        user0_.created_at as created_3_7_0_,
        user0_.credit_score as credit_s4_7_0_,
        user0_.email as email5_7_0_,
        user0_.id_card as id_card6_7_0_,
        user0_.nickname as nickname7_7_0_,
        user0_.password as password8_7_0_,
        user0_.phone_number as phone_nu9_7_0_,
        user0_.role as role10_7_0_,
        user0_.status as status11_7_0_,
        user0_.updated_at as updated12_7_0_,
        user0_.username as usernam13_7_0_ 
    from
        users user0_ 
    where
        user0_.id=?
Hibernate: 
    select
        user0_.id as id1_7_0_,
        user0_.avatar as avatar2_7_0_,
        user0_.created_at as created_3_7_0_,
        user0_.credit_score as credit_s4_7_0_,
        user0_.email as email5_7_0_,
        user0_.id_card as id_card6_7_0_,
        user0_.nickname as nickname7_7_0_,
        user0_.password as password8_7_0_,
        user0_.phone_number as phone_nu9_7_0_,
        user0_.role as role10_7_0_,
        user0_.status as status11_7_0_,
        user0_.updated_at as updated12_7_0_,
        user0_.username as usernam13_7_0_ 
    from
        users user0_ 
    where
        user0_.id=?
2026-04-28 14:52:14.408 DEBUG 53092 --- [nio-8080-exec-1] org.hibernate.SQL                        : 
    select
        product0_.id as id1_5_0_,
        product0_.category_id as categor14_5_0_,
        product0_.condition_level as conditio2_5_0_,
        product0_.created_at as created_3_5_0_,
        product0_.description as descript4_5_0_,
        product0_.image_url as image_ur5_5_0_,
        product0_.location as location6_5_0_,
        product0_.name as name7_5_0_,
        product0_.original_price as original8_5_0_,
        product0_.price as price9_5_0_,
        product0_.reject_reason as reject_10_5_0_,
        product0_.seller_id as seller_15_5_0_,
        product0_.status as status11_5_0_,
        product0_.updated_at as updated12_5_0_,
        product0_.view_count as view_co13_5_0_ 
    from
        products product0_ 
    where
        product0_.id=?
Hibernate: 
    select
        product0_.id as id1_5_0_,
        product0_.category_id as categor14_5_0_,
        product0_.condition_level as conditio2_5_0_,
        product0_.created_at as created_3_5_0_,
        product0_.description as descript4_5_0_,
        product0_.image_url as image_ur5_5_0_,
        product0_.location as location6_5_0_,
        product0_.name as name7_5_0_,
        product0_.original_price as original8_5_0_,
        product0_.price as price9_5_0_,
        product0_.reject_reason as reject_10_5_0_,
        product0_.seller_id as seller_15_5_0_,
        product0_.status as status11_5_0_,
        product0_.updated_at as updated12_5_0_,
        product0_.view_count as view_co13_5_0_ 
    from
        products product0_ 
    where
        product0_.id=?
2026-04-28 14:52:14.409 DEBUG 53092 --- [nio-8080-exec-1] org.hibernate.SQL                        : 
    update
        products 
    set
        category_id=?,
        condition_level=?,
        description=?,
        image_url=?,
        location=?,
        name=?,
        original_price=?,
        price=?,
        reject_reason=?,
        seller_id=?,
        status=?,
        updated_at=?,
        view_count=? 
    where
        id=?
Hibernate: 
    update
        products 
    set
        category_id=?,
        condition_level=?,
        description=?,
        image_url=?,
        location=?,
        name=?,
        original_price=?,
        price=?,
        reject_reason=?,
        seller_id=?,
        status=?,
        updated_at=?,
        view_count=? 
    where
        id=?
2026-04-28 14:52:15.419 DEBUG 53092 --- [nio-8080-exec-6] org.hibernate.SQL                        : 
    select
        user0_.id as id1_7_0_,
        user0_.avatar as avatar2_7_0_,
        user0_.created_at as created_3_7_0_,
        user0_.credit_score as credit_s4_7_0_,
        user0_.email as email5_7_0_,
        user0_.id_card as id_card6_7_0_,
        user0_.nickname as nickname7_7_0_,
        user0_.password as password8_7_0_,
        user0_.phone_number as phone_nu9_7_0_,
        user0_.role as role10_7_0_,
        user0_.status as status11_7_0_,
        user0_.updated_at as updated12_7_0_,
        user0_.username as usernam13_7_0_ 
    from
        users user0_ 
    where
        user0_.id=?
Hibernate: 
    select
        user0_.id as id1_7_0_,
        user0_.avatar as avatar2_7_0_,
        user0_.created_at as created_3_7_0_,
        user0_.credit_score as credit_s4_7_0_,
        user0_.email as email5_7_0_,
        user0_.id_card as id_card6_7_0_,
        user0_.nickname as nickname7_7_0_,
        user0_.password as password8_7_0_,
        user0_.phone_number as phone_nu9_7_0_,
        user0_.role as role10_7_0_,
        user0_.status as status11_7_0_,
        user0_.updated_at as updated12_7_0_,
        user0_.username as usernam13_7_0_ 
    from
        users user0_ 
    where
        user0_.id=?
2026-04-28 14:52:15.421 DEBUG 53092 --- [nio-8080-exec-6] org.hibernate.SQL                        : 
    select
        user0_.id as id1_7_,
        user0_.avatar as avatar2_7_,
        user0_.created_at as created_3_7_,
        user0_.credit_score as credit_s4_7_,
        user0_.email as email5_7_,
        user0_.id_card as id_card6_7_,
        user0_.nickname as nickname7_7_,
        user0_.password as password8_7_,
        user0_.phone_number as phone_nu9_7_,
        user0_.role as role10_7_,
        user0_.status as status11_7_,
        user0_.updated_at as updated12_7_,
        user0_.username as usernam13_7_ 
    from
        users user0_ 
    where
        user0_.status=? 
    order by
        user0_.created_at asc limit ?
Hibernate: 
    select
        user0_.id as id1_7_,
        user0_.avatar as avatar2_7_,
        user0_.created_at as created_3_7_,
        user0_.credit_score as credit_s4_7_,
        user0_.email as email5_7_,
        user0_.id_card as id_card6_7_,
        user0_.nickname as nickname7_7_,
        user0_.password as password8_7_,
        user0_.phone_number as phone_nu9_7_,
        user0_.role as role10_7_,
        user0_.status as status11_7_,
        user0_.updated_at as updated12_7_,
        user0_.username as usernam13_7_ 
    from
        users user0_ 
    where
        user0_.status=? 
    order by
        user0_.created_at asc limit ?
2026-04-28 14:52:15.958 DEBUG 53092 --- [io-8080-exec-10] org.hibernate.SQL                        : 
    select
        user0_.id as id1_7_0_,
        user0_.avatar as avatar2_7_0_,
        user0_.created_at as created_3_7_0_,
        user0_.credit_score as credit_s4_7_0_,
        user0_.email as email5_7_0_,
        user0_.id_card as id_card6_7_0_,
        user0_.nickname as nickname7_7_0_,
        user0_.password as password8_7_0_,
        user0_.phone_number as phone_nu9_7_0_,
        user0_.role as role10_7_0_,
        user0_.status as status11_7_0_,
        user0_.updated_at as updated12_7_0_,
        user0_.username as usernam13_7_0_ 
    from
        users user0_ 
    where
        user0_.id=?
Hibernate: 
    select
        user0_.id as id1_7_0_,
        user0_.avatar as avatar2_7_0_,
        user0_.created_at as created_3_7_0_,
        user0_.credit_score as credit_s4_7_0_,
        user0_.email as email5_7_0_,
        user0_.id_card as id_card6_7_0_,
        user0_.nickname as nickname7_7_0_,
        user0_.password as password8_7_0_,
        user0_.phone_number as phone_nu9_7_0_,
        user0_.role as role10_7_0_,
        user0_.status as status11_7_0_,
        user0_.updated_at as updated12_7_0_,
        user0_.username as usernam13_7_0_ 
    from
        users user0_ 
    where
        user0_.id=?
2026-04-28 14:52:15.958 DEBUG 53092 --- [nio-8080-exec-9] org.hibernate.SQL                        : 
    select
        user0_.id as id1_7_0_,
        user0_.avatar as avatar2_7_0_,
        user0_.created_at as created_3_7_0_,
        user0_.credit_score as credit_s4_7_0_,
        user0_.email as email5_7_0_,
        user0_.id_card as id_card6_7_0_,
        user0_.nickname as nickname7_7_0_,
        user0_.password as password8_7_0_,
        user0_.phone_number as phone_nu9_7_0_,
        user0_.role as role10_7_0_,
        user0_.status as status11_7_0_,
        user0_.updated_at as updated12_7_0_,
        user0_.username as usernam13_7_0_ 
    from
        users user0_ 
    where
        user0_.id=?
Hibernate: 
    select
        user0_.id as id1_7_0_,
        user0_.avatar as avatar2_7_0_,
        user0_.created_at as created_3_7_0_,
        user0_.credit_score as credit_s4_7_0_,
        user0_.email as email5_7_0_,
        user0_.id_card as id_card6_7_0_,
        user0_.nickname as nickname7_7_0_,
        user0_.password as password8_7_0_,
        user0_.phone_number as phone_nu9_7_0_,
        user0_.role as role10_7_0_,
        user0_.status as status11_7_0_,
        user0_.updated_at as updated12_7_0_,
        user0_.username as usernam13_7_0_ 
    from
        users user0_ 
    where
        user0_.id=?
2026-04-28 14:52:15.960 DEBUG 53092 --- [io-8080-exec-10] org.hibernate.SQL                        : 
    select
        category0_.id as id1_0_,
        category0_.created_at as created_2_0_,
        category0_.icon as icon3_0_,
        category0_.name as name4_0_,
        category0_.sort_order as sort_ord5_0_ 
    from
        categories category0_ 
    order by
        category0_.sort_order asc
Hibernate: 
    select
        category0_.id as id1_0_,
        category0_.created_at as created_2_0_,
        category0_.icon as icon3_0_,
        category0_.name as name4_0_,
        category0_.sort_order as sort_ord5_0_ 
    from
        categories category0_ 
    order by
        category0_.sort_order asc
2026-04-28 14:52:15.960 DEBUG 53092 --- [nio-8080-exec-9] org.hibernate.SQL                        : 
    select
        product0_.id as id1_5_,
        product0_.category_id as categor14_5_,
        product0_.condition_level as conditio2_5_,
        product0_.created_at as created_3_5_,
        product0_.description as descript4_5_,
        product0_.image_url as image_ur5_5_,
        product0_.location as location6_5_,
        product0_.name as name7_5_,
        product0_.original_price as original8_5_,
        product0_.price as price9_5_,
        product0_.reject_reason as reject_10_5_,
        product0_.seller_id as seller_15_5_,
        product0_.status as status11_5_,
        product0_.updated_at as updated12_5_,
        product0_.view_count as view_co13_5_ 
    from
        products product0_ 
    where
        product0_.status=? 
    order by
        product0_.created_at desc limit ?
Hibernate: 
    select
        product0_.id as id1_5_,
        product0_.category_id as categor14_5_,
        product0_.condition_level as conditio2_5_,
        product0_.created_at as created_3_5_,
        product0_.description as descript4_5_,
        product0_.image_url as image_ur5_5_,
        product0_.location as location6_5_,
        product0_.name as name7_5_,
        product0_.original_price as original8_5_,
        product0_.price as price9_5_,
        product0_.reject_reason as reject_10_5_,
        product0_.seller_id as seller_15_5_,
        product0_.status as status11_5_,
        product0_.updated_at as updated12_5_,
        product0_.view_count as view_co13_5_ 
    from
        products product0_ 
    where
        product0_.status=? 
    order by
        product0_.created_at desc limit ?
2026-04-28 14:52:15.962 DEBUG 53092 --- [nio-8080-exec-9] org.hibernate.SQL                        : 
    select
        count(product0_.id) as col_0_0_ 
    from
        products product0_ 
    where
        product0_.status=?
Hibernate: 
    select
        count(product0_.id) as col_0_0_ 
    from
        products product0_ 
    where
        product0_.status=?
2026-04-28 14:52:15.963 DEBUG 53092 --- [nio-8080-exec-9] org.hibernate.SQL                        : 
    select
        user0_.id as id1_7_0_,
        user0_.avatar as avatar2_7_0_,
        user0_.created_at as created_3_7_0_,
        user0_.credit_score as credit_s4_7_0_,
        user0_.email as email5_7_0_,
        user0_.id_card as id_card6_7_0_,
        user0_.nickname as nickname7_7_0_,
        user0_.password as password8_7_0_,
        user0_.phone_number as phone_nu9_7_0_,
        user0_.role as role10_7_0_,
        user0_.status as status11_7_0_,
        user0_.updated_at as updated12_7_0_,
        user0_.username as usernam13_7_0_ 
    from
        users user0_ 
    where
        user0_.id=?
Hibernate: 
    select
        user0_.id as id1_7_0_,
        user0_.avatar as avatar2_7_0_,
        user0_.created_at as created_3_7_0_,
        user0_.credit_score as credit_s4_7_0_,
        user0_.email as email5_7_0_,
        user0_.id_card as id_card6_7_0_,
        user0_.nickname as nickname7_7_0_,
        user0_.password as password8_7_0_,
        user0_.phone_number as phone_nu9_7_0_,
        user0_.role as role10_7_0_,
        user0_.status as status11_7_0_,
        user0_.updated_at as updated12_7_0_,
        user0_.username as usernam13_7_0_ 
    from
        users user0_ 
    where
        user0_.id=?
2026-04-28 14:52:15.963 DEBUG 53092 --- [nio-8080-exec-9] org.hibernate.SQL                        : 
    select
        user0_.id as id1_7_0_,
        user0_.avatar as avatar2_7_0_,
        user0_.created_at as created_3_7_0_,
        user0_.credit_score as credit_s4_7_0_,
        user0_.email as email5_7_0_,
        user0_.id_card as id_card6_7_0_,
        user0_.nickname as nickname7_7_0_,
        user0_.password as password8_7_0_,
        user0_.phone_number as phone_nu9_7_0_,
        user0_.role as role10_7_0_,
        user0_.status as status11_7_0_,
        user0_.updated_at as updated12_7_0_,
        user0_.username as usernam13_7_0_ 
    from
        users user0_ 
    where
        user0_.id=?
Hibernate: 
    select
        user0_.id as id1_7_0_,
        user0_.avatar as avatar2_7_0_,
        user0_.created_at as created_3_7_0_,
        user0_.credit_score as credit_s4_7_0_,
        user0_.email as email5_7_0_,
        user0_.id_card as id_card6_7_0_,
        user0_.nickname as nickname7_7_0_,
        user0_.password as password8_7_0_,
        user0_.phone_number as phone_nu9_7_0_,
        user0_.role as role10_7_0_,
        user0_.status as status11_7_0_,
        user0_.updated_at as updated12_7_0_,
        user0_.username as usernam13_7_0_ 
    from
        users user0_ 
    where
        user0_.id=?
2026-04-28 14:52:15.964 DEBUG 53092 --- [nio-8080-exec-9] org.hibernate.SQL                        : 
    select
        user0_.id as id1_7_0_,
        user0_.avatar as avatar2_7_0_,
        user0_.created_at as created_3_7_0_,
        user0_.credit_score as credit_s4_7_0_,
        user0_.email as email5_7_0_,
        user0_.id_card as id_card6_7_0_,
        user0_.nickname as nickname7_7_0_,
        user0_.password as password8_7_0_,
        user0_.phone_number as phone_nu9_7_0_,
        user0_.role as role10_7_0_,
        user0_.status as status11_7_0_,
        user0_.updated_at as updated12_7_0_,
        user0_.username as usernam13_7_0_ 
    from
        users user0_ 
    where
        user0_.id=?
Hibernate: 
    select
        user0_.id as id1_7_0_,
        user0_.avatar as avatar2_7_0_,
        user0_.created_at as created_3_7_0_,
        user0_.credit_score as credit_s4_7_0_,
        user0_.email as email5_7_0_,
        user0_.id_card as id_card6_7_0_,
        user0_.nickname as nickname7_7_0_,
        user0_.password as password8_7_0_,
        user0_.phone_number as phone_nu9_7_0_,
        user0_.role as role10_7_0_,
        user0_.status as status11_7_0_,
        user0_.updated_at as updated12_7_0_,
        user0_.username as usernam13_7_0_ 
    from
        users user0_ 
    where
        user0_.id=?
2026-04-28 14:52:15.965 DEBUG 53092 --- [nio-8080-exec-9] org.hibernate.SQL                        : 
    select
        user0_.id as id1_7_0_,
        user0_.avatar as avatar2_7_0_,
        user0_.created_at as created_3_7_0_,
        user0_.credit_score as credit_s4_7_0_,
        user0_.email as email5_7_0_,
        user0_.id_card as id_card6_7_0_,
        user0_.nickname as nickname7_7_0_,
        user0_.password as password8_7_0_,
        user0_.phone_number as phone_nu9_7_0_,
        user0_.role as role10_7_0_,
        user0_.status as status11_7_0_,
        user0_.updated_at as updated12_7_0_,
        user0_.username as usernam13_7_0_ 
    from
        users user0_ 
    where
        user0_.id=?
Hibernate: 
    select
        user0_.id as id1_7_0_,
        user0_.avatar as avatar2_7_0_,
        user0_.created_at as created_3_7_0_,
        user0_.credit_score as credit_s4_7_0_,
        user0_.email as email5_7_0_,
        user0_.id_card as id_card6_7_0_,
        user0_.nickname as nickname7_7_0_,
        user0_.password as password8_7_0_,
        user0_.phone_number as phone_nu9_7_0_,
        user0_.role as role10_7_0_,
        user0_.status as status11_7_0_,
        user0_.updated_at as updated12_7_0_,
        user0_.username as usernam13_7_0_ 
    from
        users user0_ 
    where
        user0_.id=?
2026-04-28 14:52:15.965 DEBUG 53092 --- [nio-8080-exec-9] org.hibernate.SQL                        : 
    select
        user0_.id as id1_7_0_,
        user0_.avatar as avatar2_7_0_,
        user0_.created_at as created_3_7_0_,
        user0_.credit_score as credit_s4_7_0_,
        user0_.email as email5_7_0_,
        user0_.id_card as id_card6_7_0_,
        user0_.nickname as nickname7_7_0_,
        user0_.password as password8_7_0_,
        user0_.phone_number as phone_nu9_7_0_,
        user0_.role as role10_7_0_,
        user0_.status as status11_7_0_,
        user0_.updated_at as updated12_7_0_,
        user0_.username as usernam13_7_0_ 
    from
        users user0_ 
    where
        user0_.id=?
Hibernate: 
    select
        user0_.id as id1_7_0_,
        user0_.avatar as avatar2_7_0_,
        user0_.created_at as created_3_7_0_,
        user0_.credit_score as credit_s4_7_0_,
        user0_.email as email5_7_0_,
        user0_.id_card as id_card6_7_0_,
        user0_.nickname as nickname7_7_0_,
        user0_.password as password8_7_0_,
        user0_.phone_number as phone_nu9_7_0_,
        user0_.role as role10_7_0_,
        user0_.status as status11_7_0_,
        user0_.updated_at as updated12_7_0_,
        user0_.username as usernam13_7_0_ 
    from
        users user0_ 
    where
        user0_.id=?
2026-04-28 14:52:19.518 DEBUG 53092 --- [nio-8080-exec-5] org.hibernate.SQL                        : 
    select
        user0_.id as id1_7_0_,
        user0_.avatar as avatar2_7_0_,
        user0_.created_at as created_3_7_0_,
        user0_.credit_score as credit_s4_7_0_,
        user0_.email as email5_7_0_,
        user0_.id_card as id_card6_7_0_,
        user0_.nickname as nickname7_7_0_,
        user0_.password as password8_7_0_,
        user0_.phone_number as phone_nu9_7_0_,
        user0_.role as role10_7_0_,
        user0_.status as status11_7_0_,
        user0_.updated_at as updated12_7_0_,
        user0_.username as usernam13_7_0_ 
    from
        users user0_ 
    where
        user0_.id=?
Hibernate: 
    select
        user0_.id as id1_7_0_,
        user0_.avatar as avatar2_7_0_,
        user0_.created_at as created_3_7_0_,
        user0_.credit_score as credit_s4_7_0_,
        user0_.email as email5_7_0_,
        user0_.id_card as id_card6_7_0_,
        user0_.nickname as nickname7_7_0_,
        user0_.password as password8_7_0_,
        user0_.phone_number as phone_nu9_7_0_,
        user0_.role as role10_7_0_,
        user0_.status as status11_7_0_,
        user0_.updated_at as updated12_7_0_,
        user0_.username as usernam13_7_0_ 
    from
        users user0_ 
    where
        user0_.id=?
2026-04-28 14:52:19.518 DEBUG 53092 --- [nio-8080-exec-2] org.hibernate.SQL                        : 
    select
        user0_.id as id1_7_0_,
        user0_.avatar as avatar2_7_0_,
        user0_.created_at as created_3_7_0_,
        user0_.credit_score as credit_s4_7_0_,
        user0_.email as email5_7_0_,
        user0_.id_card as id_card6_7_0_,
        user0_.nickname as nickname7_7_0_,
        user0_.password as password8_7_0_,
        user0_.phone_number as phone_nu9_7_0_,
        user0_.role as role10_7_0_,
        user0_.status as status11_7_0_,
        user0_.updated_at as updated12_7_0_,
        user0_.username as usernam13_7_0_ 
    from
        users user0_ 
    where
        user0_.id=?
Hibernate: 
    select
        user0_.id as id1_7_0_,
        user0_.avatar as avatar2_7_0_,
        user0_.created_at as created_3_7_0_,
        user0_.credit_score as credit_s4_7_0_,
        user0_.email as email5_7_0_,
        user0_.id_card as id_card6_7_0_,
        user0_.nickname as nickname7_7_0_,
        user0_.password as password8_7_0_,
        user0_.phone_number as phone_nu9_7_0_,
        user0_.role as role10_7_0_,
        user0_.status as status11_7_0_,
        user0_.updated_at as updated12_7_0_,
        user0_.username as usernam13_7_0_ 
    from
        users user0_ 
    where
        user0_.id=?
2026-04-28 14:52:19.520 DEBUG 53092 --- [nio-8080-exec-2] org.hibernate.SQL                        : 
    select
        category0_.id as id1_0_,
        category0_.created_at as created_2_0_,
        category0_.icon as icon3_0_,
        category0_.name as name4_0_,
        category0_.sort_order as sort_ord5_0_ 
    from
        categories category0_ 
    order by
        category0_.sort_order asc
Hibernate: 
    select
        category0_.id as id1_0_,
        category0_.created_at as created_2_0_,
        category0_.icon as icon3_0_,
        category0_.name as name4_0_,
        category0_.sort_order as sort_ord5_0_ 
    from
        categories category0_ 
    order by
        category0_.sort_order asc
2026-04-28 14:52:19.520 DEBUG 53092 --- [nio-8080-exec-5] org.hibernate.SQL                        : 
    select
        product0_.id as id1_5_,
        product0_.category_id as categor14_5_,
        product0_.condition_level as conditio2_5_,
        product0_.created_at as created_3_5_,
        product0_.description as descript4_5_,
        product0_.image_url as image_ur5_5_,
        product0_.location as location6_5_,
        product0_.name as name7_5_,
        product0_.original_price as original8_5_,
        product0_.price as price9_5_,
        product0_.reject_reason as reject_10_5_,
        product0_.seller_id as seller_15_5_,
        product0_.status as status11_5_,
        product0_.updated_at as updated12_5_,
        product0_.view_count as view_co13_5_ 
    from
        products product0_ 
    where
        product0_.status=? 
    order by
        product0_.created_at desc limit ?
Hibernate: 
    select
        product0_.id as id1_5_,
        product0_.category_id as categor14_5_,
        product0_.condition_level as conditio2_5_,
        product0_.created_at as created_3_5_,
        product0_.description as descript4_5_,
        product0_.image_url as image_ur5_5_,
        product0_.location as location6_5_,
        product0_.name as name7_5_,
        product0_.original_price as original8_5_,
        product0_.price as price9_5_,
        product0_.reject_reason as reject_10_5_,
        product0_.seller_id as seller_15_5_,
        product0_.status as status11_5_,
        product0_.updated_at as updated12_5_,
        product0_.view_count as view_co13_5_ 
    from
        products product0_ 
    where
        product0_.status=? 
    order by
        product0_.created_at desc limit ?
2026-04-28 14:52:19.521 DEBUG 53092 --- [nio-8080-exec-5] org.hibernate.SQL                        : 
    select
        count(product0_.id) as col_0_0_ 
    from
        products product0_ 
    where
        product0_.status=?
Hibernate: 
    select
        count(product0_.id) as col_0_0_ 
    from
        products product0_ 
    where
        product0_.status=?
2026-04-28 14:52:19.522 DEBUG 53092 --- [nio-8080-exec-5] org.hibernate.SQL                        : 
    select
        user0_.id as id1_7_0_,
        user0_.avatar as avatar2_7_0_,
        user0_.created_at as created_3_7_0_,
        user0_.credit_score as credit_s4_7_0_,
        user0_.email as email5_7_0_,
        user0_.id_card as id_card6_7_0_,
        user0_.nickname as nickname7_7_0_,
        user0_.password as password8_7_0_,
        user0_.phone_number as phone_nu9_7_0_,
        user0_.role as role10_7_0_,
        user0_.status as status11_7_0_,
        user0_.updated_at as updated12_7_0_,
        user0_.username as usernam13_7_0_ 
    from
        users user0_ 
    where
        user0_.id=?
Hibernate: 
    select
        user0_.id as id1_7_0_,
        user0_.avatar as avatar2_7_0_,
        user0_.created_at as created_3_7_0_,
        user0_.credit_score as credit_s4_7_0_,
        user0_.email as email5_7_0_,
        user0_.id_card as id_card6_7_0_,
        user0_.nickname as nickname7_7_0_,
        user0_.password as password8_7_0_,
        user0_.phone_number as phone_nu9_7_0_,
        user0_.role as role10_7_0_,
        user0_.status as status11_7_0_,
        user0_.updated_at as updated12_7_0_,
        user0_.username as usernam13_7_0_ 
    from
        users user0_ 
    where
        user0_.id=?
2026-04-28 14:52:19.523 DEBUG 53092 --- [nio-8080-exec-5] org.hibernate.SQL                        : 
    select
        user0_.id as id1_7_0_,
        user0_.avatar as avatar2_7_0_,
        user0_.created_at as created_3_7_0_,
        user0_.credit_score as credit_s4_7_0_,
        user0_.email as email5_7_0_,
        user0_.id_card as id_card6_7_0_,
        user0_.nickname as nickname7_7_0_,
        user0_.password as password8_7_0_,
        user0_.phone_number as phone_nu9_7_0_,
        user0_.role as role10_7_0_,
        user0_.status as status11_7_0_,
        user0_.updated_at as updated12_7_0_,
        user0_.username as usernam13_7_0_ 
    from
        users user0_ 
    where
        user0_.id=?
Hibernate: 
    select
        user0_.id as id1_7_0_,
        user0_.avatar as avatar2_7_0_,
        user0_.created_at as created_3_7_0_,
        user0_.credit_score as credit_s4_7_0_,
        user0_.email as email5_7_0_,
        user0_.id_card as id_card6_7_0_,
        user0_.nickname as nickname7_7_0_,
        user0_.password as password8_7_0_,
        user0_.phone_number as phone_nu9_7_0_,
        user0_.role as role10_7_0_,
        user0_.status as status11_7_0_,
        user0_.updated_at as updated12_7_0_,
        user0_.username as usernam13_7_0_ 
    from
        users user0_ 
    where
        user0_.id=?
2026-04-28 14:52:19.524 DEBUG 53092 --- [nio-8080-exec-5] org.hibernate.SQL                        : 
    select
        user0_.id as id1_7_0_,
        user0_.avatar as avatar2_7_0_,
        user0_.created_at as created_3_7_0_,
        user0_.credit_score as credit_s4_7_0_,
        user0_.email as email5_7_0_,
        user0_.id_card as id_card6_7_0_,
        user0_.nickname as nickname7_7_0_,
        user0_.password as password8_7_0_,
        user0_.phone_number as phone_nu9_7_0_,
        user0_.role as role10_7_0_,
        user0_.status as status11_7_0_,
        user0_.updated_at as updated12_7_0_,
        user0_.username as usernam13_7_0_ 
    from
        users user0_ 
    where
        user0_.id=?
Hibernate: 
    select
        user0_.id as id1_7_0_,
        user0_.avatar as avatar2_7_0_,
        user0_.created_at as created_3_7_0_,
        user0_.credit_score as credit_s4_7_0_,
        user0_.email as email5_7_0_,
        user0_.id_card as id_card6_7_0_,
        user0_.nickname as nickname7_7_0_,
        user0_.password as password8_7_0_,
        user0_.phone_number as phone_nu9_7_0_,
        user0_.role as role10_7_0_,
        user0_.status as status11_7_0_,
        user0_.updated_at as updated12_7_0_,
        user0_.username as usernam13_7_0_ 
    from
        users user0_ 
    where
        user0_.id=?
2026-04-28 14:52:19.524 DEBUG 53092 --- [nio-8080-exec-5] org.hibernate.SQL                        : 
    select
        user0_.id as id1_7_0_,
        user0_.avatar as avatar2_7_0_,
        user0_.created_at as created_3_7_0_,
        user0_.credit_score as credit_s4_7_0_,
        user0_.email as email5_7_0_,
        user0_.id_card as id_card6_7_0_,
        user0_.nickname as nickname7_7_0_,
        user0_.password as password8_7_0_,
        user0_.phone_number as phone_nu9_7_0_,
        user0_.role as role10_7_0_,
        user0_.status as status11_7_0_,
        user0_.updated_at as updated12_7_0_,
        user0_.username as usernam13_7_0_ 
    from
        users user0_ 
    where
        user0_.id=?
Hibernate: 
    select
        user0_.id as id1_7_0_,
        user0_.avatar as avatar2_7_0_,
        user0_.created_at as created_3_7_0_,
        user0_.credit_score as credit_s4_7_0_,
        user0_.email as email5_7_0_,
        user0_.id_card as id_card6_7_0_,
        user0_.nickname as nickname7_7_0_,
        user0_.password as password8_7_0_,
        user0_.phone_number as phone_nu9_7_0_,
        user0_.role as role10_7_0_,
        user0_.status as status11_7_0_,
        user0_.updated_at as updated12_7_0_,
        user0_.username as usernam13_7_0_ 
    from
        users user0_ 
    where
        user0_.id=?
2026-04-28 14:52:19.525 DEBUG 53092 --- [nio-8080-exec-5] org.hibernate.SQL                        : 
    select
        user0_.id as id1_7_0_,
        user0_.avatar as avatar2_7_0_,
        user0_.created_at as created_3_7_0_,
        user0_.credit_score as credit_s4_7_0_,
        user0_.email as email5_7_0_,
        user0_.id_card as id_card6_7_0_,
        user0_.nickname as nickname7_7_0_,
        user0_.password as password8_7_0_,
        user0_.phone_number as phone_nu9_7_0_,
        user0_.role as role10_7_0_,
        user0_.status as status11_7_0_,
        user0_.updated_at as updated12_7_0_,
        user0_.username as usernam13_7_0_ 
    from
        users user0_ 
    where
        user0_.id=?
Hibernate: 
    select
        user0_.id as id1_7_0_,
        user0_.avatar as avatar2_7_0_,
        user0_.created_at as created_3_7_0_,
        user0_.credit_score as credit_s4_7_0_,
        user0_.email as email5_7_0_,
        user0_.id_card as id_card6_7_0_,
        user0_.nickname as nickname7_7_0_,
        user0_.password as password8_7_0_,
        user0_.phone_number as phone_nu9_7_0_,
        user0_.role as role10_7_0_,
        user0_.status as status11_7_0_,
        user0_.updated_at as updated12_7_0_,
        user0_.username as usernam13_7_0_ 
    from
        users user0_ 
    where
        user0_.id=?
2026-04-28 14:52:34.243 DEBUG 53092 --- [   scheduling-1] org.hibernate.SQL                        : 
    select
        order0_.id as id1_3_,
        order0_.buyer_id as buyer_i15_3_,
        order0_.created_at as created_2_3_,
        order0_.order_no as order_no3_3_,
        order0_.payment_time as payment_4_3_,
        order0_.price as price5_3_,
        order0_.product_id as product16_3_,
        order0_.receive_time as receive_6_3_,
        order0_.seller_id as seller_17_3_,
        order0_.ship_time as ship_tim7_3_,
        order0_.shipping_address as shipping8_3_,
        order0_.shipping_name as shipping9_3_,
        order0_.shipping_phone as shippin10_3_,
        order0_.status as status11_3_,
        order0_.tracking_company as trackin12_3_,
        order0_.tracking_number as trackin13_3_,
        order0_.updated_at as updated14_3_ 
    from
        orders order0_ 
    where
        order0_.status='PENDING' 
        and order0_.created_at<?
Hibernate: 
    select
        order0_.id as id1_3_,
        order0_.buyer_id as buyer_i15_3_,
        order0_.created_at as created_2_3_,
        order0_.order_no as order_no3_3_,
        order0_.payment_time as payment_4_3_,
        order0_.price as price5_3_,
        order0_.product_id as product16_3_,
        order0_.receive_time as receive_6_3_,
        order0_.seller_id as seller_17_3_,
        order0_.ship_time as ship_tim7_3_,
        order0_.shipping_address as shipping8_3_,
        order0_.shipping_name as shipping9_3_,
        order0_.shipping_phone as shippin10_3_,
        order0_.status as status11_3_,
        order0_.tracking_company as trackin12_3_,
        order0_.tracking_number as trackin13_3_,
        order0_.updated_at as updated14_3_ 
    from
        orders order0_ 
    where
        order0_.status='PENDING' 
        and order0_.created_at<?
2026-04-28 14:52:34.511 DEBUG 53092 --- [nio-8080-exec-1] org.hibernate.SQL                        : 
    select
        user0_.id as id1_7_0_,
        user0_.avatar as avatar2_7_0_,
        user0_.created_at as created_3_7_0_,
        user0_.credit_score as credit_s4_7_0_,
        user0_.email as email5_7_0_,
        user0_.id_card as id_card6_7_0_,
        user0_.nickname as nickname7_7_0_,
        user0_.password as password8_7_0_,
        user0_.phone_number as phone_nu9_7_0_,
        user0_.role as role10_7_0_,
        user0_.status as status11_7_0_,
        user0_.updated_at as updated12_7_0_,
        user0_.username as usernam13_7_0_ 
    from
        users user0_ 
    where
        user0_.id=?
Hibernate: 
    select
        user0_.id as id1_7_0_,
        user0_.avatar as avatar2_7_0_,
        user0_.created_at as created_3_7_0_,
        user0_.credit_score as credit_s4_7_0_,
        user0_.email as email5_7_0_,
        user0_.id_card as id_card6_7_0_,
        user0_.nickname as nickname7_7_0_,
        user0_.password as password8_7_0_,
        user0_.phone_number as phone_nu9_7_0_,
        user0_.role as role10_7_0_,
        user0_.status as status11_7_0_,
        user0_.updated_at as updated12_7_0_,
        user0_.username as usernam13_7_0_ 
    from
        users user0_ 
    where
        user0_.id=?
2026-04-28 14:52:34.513 DEBUG 53092 --- [nio-8080-exec-1] org.hibernate.SQL                        : 
    select
        count(message0_.id) as col_0_0_ 
    from
        messages message0_ 
    where
        message0_.receiver_id=? 
        and message0_.is_read=0
Hibernate: 
    select
        count(message0_.id) as col_0_0_ 
    from
        messages message0_ 
    where
        message0_.receiver_id=? 
        and message0_.is_read=0
2026-04-28 14:52:46.615 DEBUG 53092 --- [nio-8080-exec-2] org.hibernate.SQL                        : 
    select
        user0_.id as id1_7_0_,
        user0_.avatar as avatar2_7_0_,
        user0_.created_at as created_3_7_0_,
        user0_.credit_score as credit_s4_7_0_,
        user0_.email as email5_7_0_,
        user0_.id_card as id_card6_7_0_,
        user0_.nickname as nickname7_7_0_,
        user0_.password as password8_7_0_,
        user0_.phone_number as phone_nu9_7_0_,
        user0_.role as role10_7_0_,
        user0_.status as status11_7_0_,
        user0_.updated_at as updated12_7_0_,
        user0_.username as usernam13_7_0_ 
    from
        users user0_ 
    where
        user0_.id=?
Hibernate: 
    select
        user0_.id as id1_7_0_,
        user0_.avatar as avatar2_7_0_,
        user0_.created_at as created_3_7_0_,
        user0_.credit_score as credit_s4_7_0_,
        user0_.email as email5_7_0_,
        user0_.id_card as id_card6_7_0_,
        user0_.nickname as nickname7_7_0_,
        user0_.password as password8_7_0_,
        user0_.phone_number as phone_nu9_7_0_,
        user0_.role as role10_7_0_,
        user0_.status as status11_7_0_,
        user0_.updated_at as updated12_7_0_,
        user0_.username as usernam13_7_0_ 
    from
        users user0_ 
    where
        user0_.id=?
2026-04-28 14:52:46.615 DEBUG 53092 --- [io-8080-exec-10] org.hibernate.SQL                        : 
    select
        user0_.id as id1_7_0_,
        user0_.avatar as avatar2_7_0_,
        user0_.created_at as created_3_7_0_,
        user0_.credit_score as credit_s4_7_0_,
        user0_.email as email5_7_0_,
        user0_.id_card as id_card6_7_0_,
        user0_.nickname as nickname7_7_0_,
        user0_.password as password8_7_0_,
        user0_.phone_number as phone_nu9_7_0_,
        user0_.role as role10_7_0_,
        user0_.status as status11_7_0_,
        user0_.updated_at as updated12_7_0_,
        user0_.username as usernam13_7_0_ 
    from
        users user0_ 
    where
        user0_.id=?
Hibernate: 
    select
        user0_.id as id1_7_0_,
        user0_.avatar as avatar2_7_0_,
        user0_.created_at as created_3_7_0_,
        user0_.credit_score as credit_s4_7_0_,
        user0_.email as email5_7_0_,
        user0_.id_card as id_card6_7_0_,
        user0_.nickname as nickname7_7_0_,
        user0_.password as password8_7_0_,
        user0_.phone_number as phone_nu9_7_0_,
        user0_.role as role10_7_0_,
        user0_.status as status11_7_0_,
        user0_.updated_at as updated12_7_0_,
        user0_.username as usernam13_7_0_ 
    from
        users user0_ 
    where
        user0_.id=?
2026-04-28 14:52:46.615 DEBUG 53092 --- [nio-8080-exec-9] org.hibernate.SQL                        : 
    select
        user0_.id as id1_7_0_,
        user0_.avatar as avatar2_7_0_,
        user0_.created_at as created_3_7_0_,
        user0_.credit_score as credit_s4_7_0_,
        user0_.email as email5_7_0_,
        user0_.id_card as id_card6_7_0_,
        user0_.nickname as nickname7_7_0_,
        user0_.password as password8_7_0_,
        user0_.phone_number as phone_nu9_7_0_,
        user0_.role as role10_7_0_,
        user0_.status as status11_7_0_,
        user0_.updated_at as updated12_7_0_,
        user0_.username as usernam13_7_0_ 
    from
        users user0_ 
    where
        user0_.id=?
Hibernate: 
    select
        user0_.id as id1_7_0_,
        user0_.avatar as avatar2_7_0_,
        user0_.created_at as created_3_7_0_,
        user0_.credit_score as credit_s4_7_0_,
        user0_.email as email5_7_0_,
        user0_.id_card as id_card6_7_0_,
        user0_.nickname as nickname7_7_0_,
        user0_.password as password8_7_0_,
        user0_.phone_number as phone_nu9_7_0_,
        user0_.role as role10_7_0_,
        user0_.status as status11_7_0_,
        user0_.updated_at as updated12_7_0_,
        user0_.username as usernam13_7_0_ 
    from
        users user0_ 
    where
        user0_.id=?
2026-04-28 14:52:46.617 DEBUG 53092 --- [nio-8080-exec-2] org.hibernate.SQL                        : 
    select
        product0_.id as id1_5_0_,
        product0_.category_id as categor14_5_0_,
        product0_.condition_level as conditio2_5_0_,
        product0_.created_at as created_3_5_0_,
        product0_.description as descript4_5_0_,
        product0_.image_url as image_ur5_5_0_,
        product0_.location as location6_5_0_,
        product0_.name as name7_5_0_,
        product0_.original_price as original8_5_0_,
        product0_.price as price9_5_0_,
        product0_.reject_reason as reject_10_5_0_,
        product0_.seller_id as seller_15_5_0_,
        product0_.status as status11_5_0_,
        product0_.updated_at as updated12_5_0_,
        product0_.view_count as view_co13_5_0_ 
    from
        products product0_ 
    where
        product0_.id=?
Hibernate: 
    select
        product0_.id as id1_5_0_,
        product0_.category_id as categor14_5_0_,
        product0_.condition_level as conditio2_5_0_,
        product0_.created_at as created_3_5_0_,
        product0_.description as descript4_5_0_,
        product0_.image_url as image_ur5_5_0_,
        product0_.location as location6_5_0_,
        product0_.name as name7_5_0_,
        product0_.original_price as original8_5_0_,
        product0_.price as price9_5_0_,
        product0_.reject_reason as reject_10_5_0_,
        product0_.seller_id as seller_15_5_0_,
        product0_.status as status11_5_0_,
        product0_.updated_at as updated12_5_0_,
        product0_.view_count as view_co13_5_0_ 
    from
        products product0_ 
    where
        product0_.id=?
2026-04-28 14:52:46.617 DEBUG 53092 --- [io-8080-exec-10] org.hibernate.SQL                        : 
    select
        favorite0_.id as col_0_0_ 
    from
        favorites favorite0_ 
    where
        favorite0_.user_id=? 
        and favorite0_.product_id=? limit ?
Hibernate: 
    select
        favorite0_.id as col_0_0_ 
    from
        favorites favorite0_ 
    where
        favorite0_.user_id=? 
        and favorite0_.product_id=? limit ?
2026-04-28 14:52:46.617 DEBUG 53092 --- [nio-8080-exec-9] org.hibernate.SQL                        : 
    select
        review0_.id as id1_6_,
        review0_.audit_remark as audit_re2_6_,
        review0_.audit_status as audit_st3_6_,
        review0_.comment as comment4_6_,
        review0_.created_at as created_5_6_,
        review0_.desc_score as desc_sco6_6_,
        review0_.images as images7_6_,
        review0_.order_id as order_i11_6_,
        review0_.product_id as product12_6_,
        review0_.rating as rating8_6_,
        review0_.service_score as service_9_6_,
        review0_.ship_score as ship_sc10_6_,
        review0_.user_id as user_id13_6_ 
    from
        reviews review0_ 
    left outer join
        products product1_ 
            on review0_.product_id=product1_.id 
    where
        product1_.id=? 
        and review0_.audit_status=? 
    order by
        review0_.created_at desc limit ?
Hibernate: 
    select
        review0_.id as id1_6_,
        review0_.audit_remark as audit_re2_6_,
        review0_.audit_status as audit_st3_6_,
        review0_.comment as comment4_6_,
        review0_.created_at as created_5_6_,
        review0_.desc_score as desc_sco6_6_,
        review0_.images as images7_6_,
        review0_.order_id as order_i11_6_,
        review0_.product_id as product12_6_,
        review0_.rating as rating8_6_,
        review0_.service_score as service_9_6_,
        review0_.ship_score as ship_sc10_6_,
        review0_.user_id as user_id13_6_ 
    from
        reviews review0_ 
    left outer join
        products product1_ 
            on review0_.product_id=product1_.id 
    where
        product1_.id=? 
        and review0_.audit_status=? 
    order by
        review0_.created_at desc limit ?
2026-04-28 14:52:46.618 DEBUG 53092 --- [nio-8080-exec-2] org.hibernate.SQL                        : 
    update
        products 
    set
        view_count=view_count+1 
    where
        id=?
Hibernate: 
    update
        products 
    set
        view_count=view_count+1 
    where
        id=?
2026-04-28 14:52:46.618 DEBUG 53092 --- [nio-8080-exec-2] org.hibernate.SQL                        : 
    select
        category0_.id as id1_0_0_,
        category0_.created_at as created_2_0_0_,
        category0_.icon as icon3_0_0_,
        category0_.name as name4_0_0_,
        category0_.sort_order as sort_ord5_0_0_ 
    from
        categories category0_ 
    where
        category0_.id=?
Hibernate: 
    select
        category0_.id as id1_0_0_,
        category0_.created_at as created_2_0_0_,
        category0_.icon as icon3_0_0_,
        category0_.name as name4_0_0_,
        category0_.sort_order as sort_ord5_0_0_ 
    from
        categories category0_ 
    where
        category0_.id=?
2026-04-28 14:52:46.619 DEBUG 53092 --- [nio-8080-exec-2] org.hibernate.SQL                        : 
    select
        productima0_.id as id1_4_,
        productima0_.created_at as created_2_4_,
        productima0_.image_url as image_ur3_4_,
        productima0_.product_id as product_5_4_,
        productima0_.sort_order as sort_ord4_4_ 
    from
        product_images productima0_ 
    left outer join
        products product1_ 
            on productima0_.product_id=product1_.id 
    where
        product1_.id=? 
    order by
        productima0_.sort_order asc
Hibernate: 
    select
        productima0_.id as id1_4_,
        productima0_.created_at as created_2_4_,
        productima0_.image_url as image_ur3_4_,
        productima0_.product_id as product_5_4_,
        productima0_.sort_order as sort_ord4_4_ 
    from
        product_images productima0_ 
    left outer join
        products product1_ 
            on productima0_.product_id=product1_.id 
    where
        product1_.id=? 
    order by
        productima0_.sort_order asc
2026-04-28 14:52:46.620 DEBUG 53092 --- [nio-8080-exec-2] org.hibernate.SQL                        : 
    select
        user0_.id as id1_7_0_,
        user0_.avatar as avatar2_7_0_,
        user0_.created_at as created_3_7_0_,
        user0_.credit_score as credit_s4_7_0_,
        user0_.email as email5_7_0_,
        user0_.id_card as id_card6_7_0_,
        user0_.nickname as nickname7_7_0_,
        user0_.password as password8_7_0_,
        user0_.phone_number as phone_nu9_7_0_,
        user0_.role as role10_7_0_,
        user0_.status as status11_7_0_,
        user0_.updated_at as updated12_7_0_,
        user0_.username as usernam13_7_0_ 
    from
        users user0_ 
    where
        user0_.id=?
Hibernate: 
    select
        user0_.id as id1_7_0_,
        user0_.avatar as avatar2_7_0_,
        user0_.created_at as created_3_7_0_,
        user0_.credit_score as credit_s4_7_0_,
        user0_.email as email5_7_0_,
        user0_.id_card as id_card6_7_0_,
        user0_.nickname as nickname7_7_0_,
        user0_.password as password8_7_0_,
        user0_.phone_number as phone_nu9_7_0_,
        user0_.role as role10_7_0_,
        user0_.status as status11_7_0_,
        user0_.updated_at as updated12_7_0_,
        user0_.username as usernam13_7_0_ 
    from
        users user0_ 
    where
        user0_.id=?
2026-04-28 14:52:46.621 DEBUG 53092 --- [nio-8080-exec-2] org.hibernate.SQL                        : 
    select
        avg(review0_.rating) as col_0_0_ 
    from
        reviews review0_ 
    where
        review0_.product_id=? 
        and review0_.audit_status=1
Hibernate: 
    select
        avg(review0_.rating) as col_0_0_ 
    from
        reviews review0_ 
    where
        review0_.product_id=? 
        and review0_.audit_status=1
2026-04-28 14:52:46.622 DEBUG 53092 --- [nio-8080-exec-2] org.hibernate.SQL                        : 
    select
        count(review0_.id) as col_0_0_ 
    from
        reviews review0_ 
    where
        review0_.product_id=? 
        and review0_.audit_status=1
Hibernate: 
    select
        count(review0_.id) as col_0_0_ 
    from
        reviews review0_ 
    where
        review0_.product_id=? 
        and review0_.audit_status=1
2026-04-28 14:52:49.503 DEBUG 53092 --- [nio-8080-exec-8] org.hibernate.SQL                        : 
    select
        user0_.id as id1_7_0_,
        user0_.avatar as avatar2_7_0_,
        user0_.created_at as created_3_7_0_,
        user0_.credit_score as credit_s4_7_0_,
        user0_.email as email5_7_0_,
        user0_.id_card as id_card6_7_0_,
        user0_.nickname as nickname7_7_0_,
        user0_.password as password8_7_0_,
        user0_.phone_number as phone_nu9_7_0_,
        user0_.role as role10_7_0_,
        user0_.status as status11_7_0_,
        user0_.updated_at as updated12_7_0_,
        user0_.username as usernam13_7_0_ 
    from
        users user0_ 
    where
        user0_.id=?
Hibernate: 
    select
        user0_.id as id1_7_0_,
        user0_.avatar as avatar2_7_0_,
        user0_.created_at as created_3_7_0_,
        user0_.credit_score as credit_s4_7_0_,
        user0_.email as email5_7_0_,
        user0_.id_card as id_card6_7_0_,
        user0_.nickname as nickname7_7_0_,
        user0_.password as password8_7_0_,
        user0_.phone_number as phone_nu9_7_0_,
        user0_.role as role10_7_0_,
        user0_.status as status11_7_0_,
        user0_.updated_at as updated12_7_0_,
        user0_.username as usernam13_7_0_ 
    from
        users user0_ 
    where
        user0_.id=?
2026-04-28 14:52:49.505 DEBUG 53092 --- [nio-8080-exec-8] org.hibernate.SQL                        : 
    select
        count(message0_.id) as col_0_0_ 
    from
        messages message0_ 
    where
        message0_.receiver_id=? 
        and message0_.is_read=0
Hibernate: 
    select
        count(message0_.id) as col_0_0_ 
    from
        messages message0_ 
    where
        message0_.receiver_id=? 
        and message0_.is_read=0
2026-04-28 14:53:04.506 DEBUG 53092 --- [nio-8080-exec-7] org.hibernate.SQL                        : 
    select
        user0_.id as id1_7_0_,
        user0_.avatar as avatar2_7_0_,
        user0_.created_at as created_3_7_0_,
        user0_.credit_score as credit_s4_7_0_,
        user0_.email as email5_7_0_,
        user0_.id_card as id_card6_7_0_,
        user0_.nickname as nickname7_7_0_,
        user0_.password as password8_7_0_,
        user0_.phone_number as phone_nu9_7_0_,
        user0_.role as role10_7_0_,
        user0_.status as status11_7_0_,
        user0_.updated_at as updated12_7_0_,
        user0_.username as usernam13_7_0_ 
    from
        users user0_ 
    where
        user0_.id=?
Hibernate: 
    select
        user0_.id as id1_7_0_,
        user0_.avatar as avatar2_7_0_,
        user0_.created_at as created_3_7_0_,
        user0_.credit_score as credit_s4_7_0_,
        user0_.email as email5_7_0_,
        user0_.id_card as id_card6_7_0_,
        user0_.nickname as nickname7_7_0_,
        user0_.password as password8_7_0_,
        user0_.phone_number as phone_nu9_7_0_,
        user0_.role as role10_7_0_,
        user0_.status as status11_7_0_,
        user0_.updated_at as updated12_7_0_,
        user0_.username as usernam13_7_0_ 
    from
        users user0_ 
    where
        user0_.id=?
2026-04-28 14:53:04.508 DEBUG 53092 --- [nio-8080-exec-7] org.hibernate.SQL                        : 
    select
        count(message0_.id) as col_0_0_ 
    from
        messages message0_ 
    where
        message0_.receiver_id=? 
        and message0_.is_read=0
Hibernate: 
    select
        count(message0_.id) as col_0_0_ 
    from
        messages message0_ 
    where
        message0_.receiver_id=? 
        and message0_.is_read=0
2026-04-28 14:53:20.103 DEBUG 53092 --- [nio-8080-exec-6] org.hibernate.SQL                        : 
    select
        user0_.id as id1_7_0_,
        user0_.avatar as avatar2_7_0_,
        user0_.created_at as created_3_7_0_,
        user0_.credit_score as credit_s4_7_0_,
        user0_.email as email5_7_0_,
        user0_.id_card as id_card6_7_0_,
        user0_.nickname as nickname7_7_0_,
        user0_.password as password8_7_0_,
        user0_.phone_number as phone_nu9_7_0_,
        user0_.role as role10_7_0_,
        user0_.status as status11_7_0_,
        user0_.updated_at as updated12_7_0_,
        user0_.username as usernam13_7_0_ 
    from
        users user0_ 
    where
        user0_.id=?
Hibernate: 
    select
        user0_.id as id1_7_0_,
        user0_.avatar as avatar2_7_0_,
        user0_.created_at as created_3_7_0_,
        user0_.credit_score as credit_s4_7_0_,
        user0_.email as email5_7_0_,
        user0_.id_card as id_card6_7_0_,
        user0_.nickname as nickname7_7_0_,
        user0_.password as password8_7_0_,
        user0_.phone_number as phone_nu9_7_0_,
        user0_.role as role10_7_0_,
        user0_.status as status11_7_0_,
        user0_.updated_at as updated12_7_0_,
        user0_.username as usernam13_7_0_ 
    from
        users user0_ 
    where
        user0_.id=?
2026-04-28 14:53:20.105 DEBUG 53092 --- [nio-8080-exec-6] org.hibernate.SQL                        : 
    select
        count(message0_.id) as col_0_0_ 
    from
        messages message0_ 
    where
        message0_.receiver_id=? 
        and message0_.is_read=0
Hibernate: 
    select
        count(message0_.id) as col_0_0_ 
    from
        messages message0_ 
    where
        message0_.receiver_id=? 
        and message0_.is_read=0
2026-04-28 14:53:34.252 DEBUG 53092 --- [   scheduling-1] org.hibernate.SQL                        : 
    select
        order0_.id as id1_3_,
        order0_.buyer_id as buyer_i15_3_,
        order0_.created_at as created_2_3_,
        order0_.order_no as order_no3_3_,
        order0_.payment_time as payment_4_3_,
        order0_.price as price5_3_,
        order0_.product_id as product16_3_,
        order0_.receive_time as receive_6_3_,
        order0_.seller_id as seller_17_3_,
        order0_.ship_time as ship_tim7_3_,
        order0_.shipping_address as shipping8_3_,
        order0_.shipping_name as shipping9_3_,
        order0_.shipping_phone as shippin10_3_,
        order0_.status as status11_3_,
        order0_.tracking_company as trackin12_3_,
        order0_.tracking_number as trackin13_3_,
        order0_.updated_at as updated14_3_ 
    from
        orders order0_ 
    where
        order0_.status='PENDING' 
        and order0_.created_at<?
Hibernate: 
    select
        order0_.id as id1_3_,
        order0_.buyer_id as buyer_i15_3_,
        order0_.created_at as created_2_3_,
        order0_.order_no as order_no3_3_,
        order0_.payment_time as payment_4_3_,
        order0_.price as price5_3_,
        order0_.product_id as product16_3_,
        order0_.receive_time as receive_6_3_,
        order0_.seller_id as seller_17_3_,
        order0_.ship_time as ship_tim7_3_,
        order0_.shipping_address as shipping8_3_,
        order0_.shipping_name as shipping9_3_,
        order0_.shipping_phone as shippin10_3_,
        order0_.status as status11_3_,
        order0_.tracking_company as trackin12_3_,
        order0_.tracking_number as trackin13_3_,
        order0_.updated_at as updated14_3_ 
    from
        orders order0_ 
    where
        order0_.status='PENDING' 
        and order0_.created_at<?
2026-04-28 14:53:35.105 DEBUG 53092 --- [nio-8080-exec-9] org.hibernate.SQL                        : 
    select
        user0_.id as id1_7_0_,
        user0_.avatar as avatar2_7_0_,
        user0_.created_at as created_3_7_0_,
        user0_.credit_score as credit_s4_7_0_,
        user0_.email as email5_7_0_,
        user0_.id_card as id_card6_7_0_,
        user0_.nickname as nickname7_7_0_,
        user0_.password as password8_7_0_,
        user0_.phone_number as phone_nu9_7_0_,
        user0_.role as role10_7_0_,
        user0_.status as status11_7_0_,
        user0_.updated_at as updated12_7_0_,
        user0_.username as usernam13_7_0_ 
    from
        users user0_ 
    where
        user0_.id=?
Hibernate: 
    select
        user0_.id as id1_7_0_,
        user0_.avatar as avatar2_7_0_,
        user0_.created_at as created_3_7_0_,
        user0_.credit_score as credit_s4_7_0_,
        user0_.email as email5_7_0_,
        user0_.id_card as id_card6_7_0_,
        user0_.nickname as nickname7_7_0_,
        user0_.password as password8_7_0_,
        user0_.phone_number as phone_nu9_7_0_,
        user0_.role as role10_7_0_,
        user0_.status as status11_7_0_,
        user0_.updated_at as updated12_7_0_,
        user0_.username as usernam13_7_0_ 
    from
        users user0_ 
    where
        user0_.id=?
2026-04-28 14:53:35.107 DEBUG 53092 --- [nio-8080-exec-9] org.hibernate.SQL                        : 
    select
        count(message0_.id) as col_0_0_ 
    from
        messages message0_ 
    where
        message0_.receiver_id=? 
        and message0_.is_read=0
Hibernate: 
    select
        count(message0_.id) as col_0_0_ 
    from
        messages message0_ 
    where
        message0_.receiver_id=? 
        and message0_.is_read=0
2026-04-28 14:53:50.105 DEBUG 53092 --- [nio-8080-exec-1] org.hibernate.SQL                        : 
    select
        user0_.id as id1_7_0_,
        user0_.avatar as avatar2_7_0_,
        user0_.created_at as created_3_7_0_,
        user0_.credit_score as credit_s4_7_0_,
        user0_.email as email5_7_0_,
        user0_.id_card as id_card6_7_0_,
        user0_.nickname as nickname7_7_0_,
        user0_.password as password8_7_0_,
        user0_.phone_number as phone_nu9_7_0_,
        user0_.role as role10_7_0_,
        user0_.status as status11_7_0_,
        user0_.updated_at as updated12_7_0_,
        user0_.username as usernam13_7_0_ 
    from
        users user0_ 
    where
        user0_.id=?
Hibernate: 
    select
        user0_.id as id1_7_0_,
        user0_.avatar as avatar2_7_0_,
        user0_.created_at as created_3_7_0_,
        user0_.credit_score as credit_s4_7_0_,
        user0_.email as email5_7_0_,
        user0_.id_card as id_card6_7_0_,
        user0_.nickname as nickname7_7_0_,
        user0_.password as password8_7_0_,
        user0_.phone_number as phone_nu9_7_0_,
        user0_.role as role10_7_0_,
        user0_.status as status11_7_0_,
        user0_.updated_at as updated12_7_0_,
        user0_.username as usernam13_7_0_ 
    from
        users user0_ 
    where
        user0_.id=?
2026-04-28 14:53:50.107 DEBUG 53092 --- [nio-8080-exec-1] org.hibernate.SQL                        : 
    select
        count(message0_.id) as col_0_0_ 
    from
        messages message0_ 
    where
        message0_.receiver_id=? 
        and message0_.is_read=0
Hibernate: 
    select
        count(message0_.id) as col_0_0_ 
    from
        messages message0_ 
    where
        message0_.receiver_id=? 
        and message0_.is_read=0
2026-04-28 14:54:05.104 DEBUG 53092 --- [nio-8080-exec-7] org.hibernate.SQL                        : 
    select
        user0_.id as id1_7_0_,
        user0_.avatar as avatar2_7_0_,
        user0_.created_at as created_3_7_0_,
        user0_.credit_score as credit_s4_7_0_,
        user0_.email as email5_7_0_,
        user0_.id_card as id_card6_7_0_,
        user0_.nickname as nickname7_7_0_,
        user0_.password as password8_7_0_,
        user0_.phone_number as phone_nu9_7_0_,
        user0_.role as role10_7_0_,
        user0_.status as status11_7_0_,
        user0_.updated_at as updated12_7_0_,
        user0_.username as usernam13_7_0_ 
    from
        users user0_ 
    where
        user0_.id=?
Hibernate: 
    select
        user0_.id as id1_7_0_,
        user0_.avatar as avatar2_7_0_,
        user0_.created_at as created_3_7_0_,
        user0_.credit_score as credit_s4_7_0_,
        user0_.email as email5_7_0_,
        user0_.id_card as id_card6_7_0_,
        user0_.nickname as nickname7_7_0_,
        user0_.password as password8_7_0_,
        user0_.phone_number as phone_nu9_7_0_,
        user0_.role as role10_7_0_,
        user0_.status as status11_7_0_,
        user0_.updated_at as updated12_7_0_,
        user0_.username as usernam13_7_0_ 
    from
        users user0_ 
    where
        user0_.id=?
2026-04-28 14:54:05.105 DEBUG 53092 --- [nio-8080-exec-7] org.hibernate.SQL                        : 
    select
        count(message0_.id) as col_0_0_ 
    from
        messages message0_ 
    where
        message0_.receiver_id=? 
        and message0_.is_read=0
Hibernate: 
    select
        count(message0_.id) as col_0_0_ 
    from
        messages message0_ 
    where
        message0_.receiver_id=? 
        and message0_.is_read=0
2026-04-28 14:54:34.268 DEBUG 53092 --- [   scheduling-1] org.hibernate.SQL                        : 
    select
        order0_.id as id1_3_,
        order0_.buyer_id as buyer_i15_3_,
        order0_.created_at as created_2_3_,
        order0_.order_no as order_no3_3_,
        order0_.payment_time as payment_4_3_,
        order0_.price as price5_3_,
        order0_.product_id as product16_3_,
        order0_.receive_time as receive_6_3_,
        order0_.seller_id as seller_17_3_,
        order0_.ship_time as ship_tim7_3_,
        order0_.shipping_address as shipping8_3_,
        order0_.shipping_name as shipping9_3_,
        order0_.shipping_phone as shippin10_3_,
        order0_.status as status11_3_,
        order0_.tracking_company as trackin12_3_,
        order0_.tracking_number as trackin13_3_,
        order0_.updated_at as updated14_3_ 
    from
        orders order0_ 
    where
        order0_.status='PENDING' 
        and order0_.created_at<?
Hibernate: 
    select
        order0_.id as id1_3_,
        order0_.buyer_id as buyer_i15_3_,
        order0_.created_at as created_2_3_,
        order0_.order_no as order_no3_3_,
        order0_.payment_time as payment_4_3_,
        order0_.price as price5_3_,
        order0_.product_id as product16_3_,
        order0_.receive_time as receive_6_3_,
        order0_.seller_id as seller_17_3_,
        order0_.ship_time as ship_tim7_3_,
        order0_.shipping_address as shipping8_3_,
        order0_.shipping_name as shipping9_3_,
        order0_.shipping_phone as shippin10_3_,
        order0_.status as status11_3_,
        order0_.tracking_company as trackin12_3_,
        order0_.tracking_number as trackin13_3_,
        order0_.updated_at as updated14_3_ 
    from
        orders order0_ 
    where
        order0_.status='PENDING' 
        and order0_.created_at<?
2026-04-28 14:54:55.105 DEBUG 53092 --- [nio-8080-exec-6] org.hibernate.SQL                        : 
    select
        user0_.id as id1_7_0_,
        user0_.avatar as avatar2_7_0_,
        user0_.created_at as created_3_7_0_,
        user0_.credit_score as credit_s4_7_0_,
        user0_.email as email5_7_0_,
        user0_.id_card as id_card6_7_0_,
        user0_.nickname as nickname7_7_0_,
        user0_.password as password8_7_0_,
        user0_.phone_number as phone_nu9_7_0_,
        user0_.role as role10_7_0_,
        user0_.status as status11_7_0_,
        user0_.updated_at as updated12_7_0_,
        user0_.username as usernam13_7_0_ 
    from
        users user0_ 
    where
        user0_.id=?
Hibernate: 
    select
        user0_.id as id1_7_0_,
        user0_.avatar as avatar2_7_0_,
        user0_.created_at as created_3_7_0_,
        user0_.credit_score as credit_s4_7_0_,
        user0_.email as email5_7_0_,
        user0_.id_card as id_card6_7_0_,
        user0_.nickname as nickname7_7_0_,
        user0_.password as password8_7_0_,
        user0_.phone_number as phone_nu9_7_0_,
        user0_.role as role10_7_0_,
        user0_.status as status11_7_0_,
        user0_.updated_at as updated12_7_0_,
        user0_.username as usernam13_7_0_ 
    from
        users user0_ 
    where
        user0_.id=?
2026-04-28 14:54:55.107 DEBUG 53092 --- [nio-8080-exec-6] org.hibernate.SQL                        : 
    select
        count(message0_.id) as col_0_0_ 
    from
        messages message0_ 
    where
        message0_.receiver_id=? 
        and message0_.is_read=0
Hibernate: 
    select
        count(message0_.id) as col_0_0_ 
    from
        messages message0_ 
    where
        message0_.receiver_id=? 
        and message0_.is_read=0
2026-04-28 14:55:21.109 DEBUG 53092 --- [nio-8080-exec-2] org.hibernate.SQL                        : 
    select
        product0_.id as id1_5_0_,
        product0_.category_id as categor14_5_0_,
        product0_.condition_level as conditio2_5_0_,
        product0_.created_at as created_3_5_0_,
        product0_.description as descript4_5_0_,
        product0_.image_url as image_ur5_5_0_,
        product0_.location as location6_5_0_,
        product0_.name as name7_5_0_,
        product0_.original_price as original8_5_0_,
        product0_.price as price9_5_0_,
        product0_.reject_reason as reject_10_5_0_,
        product0_.seller_id as seller_15_5_0_,
        product0_.status as status11_5_0_,
        product0_.updated_at as updated12_5_0_,
        product0_.view_count as view_co13_5_0_ 
    from
        products product0_ 
    where
        product0_.id=?
Hibernate: 
    select
        product0_.id as id1_5_0_,
        product0_.category_id as categor14_5_0_,
        product0_.condition_level as conditio2_5_0_,
        product0_.created_at as created_3_5_0_,
        product0_.description as descript4_5_0_,
        product0_.image_url as image_ur5_5_0_,
        product0_.location as location6_5_0_,
        product0_.name as name7_5_0_,
        product0_.original_price as original8_5_0_,
        product0_.price as price9_5_0_,
        product0_.reject_reason as reject_10_5_0_,
        product0_.seller_id as seller_15_5_0_,
        product0_.status as status11_5_0_,
        product0_.updated_at as updated12_5_0_,
        product0_.view_count as view_co13_5_0_ 
    from
        products product0_ 
    where
        product0_.id=?
2026-04-28 14:55:21.111 DEBUG 53092 --- [nio-8080-exec-2] org.hibernate.SQL                        : 
    update
        products 
    set
        view_count=view_count+1 
    where
        id=?
Hibernate: 
    update
        products 
    set
        view_count=view_count+1 
    where
        id=?
2026-04-28 14:55:21.111 DEBUG 53092 --- [nio-8080-exec-2] org.hibernate.SQL                        : 
    select
        category0_.id as id1_0_0_,
        category0_.created_at as created_2_0_0_,
        category0_.icon as icon3_0_0_,
        category0_.name as name4_0_0_,
        category0_.sort_order as sort_ord5_0_0_ 
    from
        categories category0_ 
    where
        category0_.id=?
Hibernate: 
    select
        category0_.id as id1_0_0_,
        category0_.created_at as created_2_0_0_,
        category0_.icon as icon3_0_0_,
        category0_.name as name4_0_0_,
        category0_.sort_order as sort_ord5_0_0_ 
    from
        categories category0_ 
    where
        category0_.id=?
2026-04-28 14:55:21.113 DEBUG 53092 --- [nio-8080-exec-2] org.hibernate.SQL                        : 
    select
        productima0_.id as id1_4_,
        productima0_.created_at as created_2_4_,
        productima0_.image_url as image_ur3_4_,
        productima0_.product_id as product_5_4_,
        productima0_.sort_order as sort_ord4_4_ 
    from
        product_images productima0_ 
    left outer join
        products product1_ 
            on productima0_.product_id=product1_.id 
    where
        product1_.id=? 
    order by
        productima0_.sort_order asc
Hibernate: 
    select
        productima0_.id as id1_4_,
        productima0_.created_at as created_2_4_,
        productima0_.image_url as image_ur3_4_,
        productima0_.product_id as product_5_4_,
        productima0_.sort_order as sort_ord4_4_ 
    from
        product_images productima0_ 
    left outer join
        products product1_ 
            on productima0_.product_id=product1_.id 
    where
        product1_.id=? 
    order by
        productima0_.sort_order asc
2026-04-28 14:55:21.114 DEBUG 53092 --- [nio-8080-exec-2] org.hibernate.SQL                        : 
    select
        user0_.id as id1_7_0_,
        user0_.avatar as avatar2_7_0_,
        user0_.created_at as created_3_7_0_,
        user0_.credit_score as credit_s4_7_0_,
        user0_.email as email5_7_0_,
        user0_.id_card as id_card6_7_0_,
        user0_.nickname as nickname7_7_0_,
        user0_.password as password8_7_0_,
        user0_.phone_number as phone_nu9_7_0_,
        user0_.role as role10_7_0_,
        user0_.status as status11_7_0_,
        user0_.updated_at as updated12_7_0_,
        user0_.username as usernam13_7_0_ 
    from
        users user0_ 
    where
        user0_.id=?
Hibernate: 
    select
        user0_.id as id1_7_0_,
        user0_.avatar as avatar2_7_0_,
        user0_.created_at as created_3_7_0_,
        user0_.credit_score as credit_s4_7_0_,
        user0_.email as email5_7_0_,
        user0_.id_card as id_card6_7_0_,
        user0_.nickname as nickname7_7_0_,
        user0_.password as password8_7_0_,
        user0_.phone_number as phone_nu9_7_0_,
        user0_.role as role10_7_0_,
        user0_.status as status11_7_0_,
        user0_.updated_at as updated12_7_0_,
        user0_.username as usernam13_7_0_ 
    from
        users user0_ 
    where
        user0_.id=?
2026-04-28 14:55:21.115 DEBUG 53092 --- [nio-8080-exec-2] org.hibernate.SQL                        : 
    select
        avg(review0_.rating) as col_0_0_ 
    from
        reviews review0_ 
    where
        review0_.product_id=? 
        and review0_.audit_status=1
Hibernate: 
    select
        avg(review0_.rating) as col_0_0_ 
    from
        reviews review0_ 
    where
        review0_.product_id=? 
        and review0_.audit_status=1
2026-04-28 14:55:21.115 DEBUG 53092 --- [nio-8080-exec-2] org.hibernate.SQL                        : 
    select
        count(review0_.id) as col_0_0_ 
    from
        reviews review0_ 
    where
        review0_.product_id=? 
        and review0_.audit_status=1
Hibernate: 
    select
        count(review0_.id) as col_0_0_ 
    from
        reviews review0_ 
    where
        review0_.product_id=? 
        and review0_.audit_status=1
2026-04-28 14:55:34.279 DEBUG 53092 --- [   scheduling-1] org.hibernate.SQL                        : 
    select
        order0_.id as id1_3_,
        order0_.buyer_id as buyer_i15_3_,
        order0_.created_at as created_2_3_,
        order0_.order_no as order_no3_3_,
        order0_.payment_time as payment_4_3_,
        order0_.price as price5_3_,
        order0_.product_id as product16_3_,
        order0_.receive_time as receive_6_3_,
        order0_.seller_id as seller_17_3_,
        order0_.ship_time as ship_tim7_3_,
        order0_.shipping_address as shipping8_3_,
        order0_.shipping_name as shipping9_3_,
        order0_.shipping_phone as shippin10_3_,
        order0_.status as status11_3_,
        order0_.tracking_company as trackin12_3_,
        order0_.tracking_number as trackin13_3_,
        order0_.updated_at as updated14_3_ 
    from
        orders order0_ 
    where
        order0_.status='PENDING' 
        and order0_.created_at<?
Hibernate: 
    select
        order0_.id as id1_3_,
        order0_.buyer_id as buyer_i15_3_,
        order0_.created_at as created_2_3_,
        order0_.order_no as order_no3_3_,
        order0_.payment_time as payment_4_3_,
        order0_.price as price5_3_,
        order0_.product_id as product16_3_,
        order0_.receive_time as receive_6_3_,
        order0_.seller_id as seller_17_3_,
        order0_.ship_time as ship_tim7_3_,
        order0_.shipping_address as shipping8_3_,
        order0_.shipping_name as shipping9_3_,
        order0_.shipping_phone as shippin10_3_,
        order0_.status as status11_3_,
        order0_.tracking_company as trackin12_3_,
        order0_.tracking_number as trackin13_3_,
        order0_.updated_at as updated14_3_ 
    from
        orders order0_ 
    where
        order0_.status='PENDING' 
        and order0_.created_at<?
2026-04-28 14:55:54.469 DEBUG 53092 --- [nio-8080-exec-7] org.hibernate.SQL                        : 
    select
        user0_.id as id1_7_0_,
        user0_.avatar as avatar2_7_0_,
        user0_.created_at as created_3_7_0_,
        user0_.credit_score as credit_s4_7_0_,
        user0_.email as email5_7_0_,
        user0_.id_card as id_card6_7_0_,
        user0_.nickname as nickname7_7_0_,
        user0_.password as password8_7_0_,
        user0_.phone_number as phone_nu9_7_0_,
        user0_.role as role10_7_0_,
        user0_.status as status11_7_0_,
        user0_.updated_at as updated12_7_0_,
        user0_.username as usernam13_7_0_ 
    from
        users user0_ 
    where
        user0_.id=?
Hibernate: 
    select
        user0_.id as id1_7_0_,
        user0_.avatar as avatar2_7_0_,
        user0_.created_at as created_3_7_0_,
        user0_.credit_score as credit_s4_7_0_,
        user0_.email as email5_7_0_,
        user0_.id_card as id_card6_7_0_,
        user0_.nickname as nickname7_7_0_,
        user0_.password as password8_7_0_,
        user0_.phone_number as phone_nu9_7_0_,
        user0_.role as role10_7_0_,
        user0_.status as status11_7_0_,
        user0_.updated_at as updated12_7_0_,
        user0_.username as usernam13_7_0_ 
    from
        users user0_ 
    where
        user0_.id=?
2026-04-28 14:55:54.472 DEBUG 53092 --- [nio-8080-exec-7] org.hibernate.SQL                        : 
    select
        count(message0_.id) as col_0_0_ 
    from
        messages message0_ 
    where
        message0_.receiver_id=? 
        and message0_.is_read=0
Hibernate: 
    select
        count(message0_.id) as col_0_0_ 
    from
        messages message0_ 
    where
        message0_.receiver_id=? 
        and message0_.is_read=0
2026-04-28 14:55:54.477 DEBUG 53092 --- [nio-8080-exec-3] org.hibernate.SQL                        : 
    select
        user0_.id as id1_7_0_,
        user0_.avatar as avatar2_7_0_,
        user0_.created_at as created_3_7_0_,
        user0_.credit_score as credit_s4_7_0_,
        user0_.email as email5_7_0_,
        user0_.id_card as id_card6_7_0_,
        user0_.nickname as nickname7_7_0_,
        user0_.password as password8_7_0_,
        user0_.phone_number as phone_nu9_7_0_,
        user0_.role as role10_7_0_,
        user0_.status as status11_7_0_,
        user0_.updated_at as updated12_7_0_,
        user0_.username as usernam13_7_0_ 
    from
        users user0_ 
    where
        user0_.id=?
Hibernate: 
    select
        user0_.id as id1_7_0_,
        user0_.avatar as avatar2_7_0_,
        user0_.created_at as created_3_7_0_,
        user0_.credit_score as credit_s4_7_0_,
        user0_.email as email5_7_0_,
        user0_.id_card as id_card6_7_0_,
        user0_.nickname as nickname7_7_0_,
        user0_.password as password8_7_0_,
        user0_.phone_number as phone_nu9_7_0_,
        user0_.role as role10_7_0_,
        user0_.status as status11_7_0_,
        user0_.updated_at as updated12_7_0_,
        user0_.username as usernam13_7_0_ 
    from
        users user0_ 
    where
        user0_.id=?
2026-04-28 14:55:54.478 DEBUG 53092 --- [nio-8080-exec-3] org.hibernate.SQL                        : 
    select
        count(message0_.id) as col_0_0_ 
    from
        messages message0_ 
    where
        message0_.receiver_id=? 
        and message0_.is_read=0
Hibernate: 
    select
        count(message0_.id) as col_0_0_ 
    from
        messages message0_ 
    where
        message0_.receiver_id=? 
        and message0_.is_read=0
2026-04-28 14:56:01.528 DEBUG 53092 --- [nio-8080-exec-5] org.hibernate.SQL                        : 
    select
        user0_.id as id1_7_0_,
        user0_.avatar as avatar2_7_0_,
        user0_.created_at as created_3_7_0_,
        user0_.credit_score as credit_s4_7_0_,
        user0_.email as email5_7_0_,
        user0_.id_card as id_card6_7_0_,
        user0_.nickname as nickname7_7_0_,
        user0_.password as password8_7_0_,
        user0_.phone_number as phone_nu9_7_0_,
        user0_.role as role10_7_0_,
        user0_.status as status11_7_0_,
        user0_.updated_at as updated12_7_0_,
        user0_.username as usernam13_7_0_ 
    from
        users user0_ 
    where
        user0_.id=?
Hibernate: 
    select
        user0_.id as id1_7_0_,
        user0_.avatar as avatar2_7_0_,
        user0_.created_at as created_3_7_0_,
        user0_.credit_score as credit_s4_7_0_,
        user0_.email as email5_7_0_,
        user0_.id_card as id_card6_7_0_,
        user0_.nickname as nickname7_7_0_,
        user0_.password as password8_7_0_,
        user0_.phone_number as phone_nu9_7_0_,
        user0_.role as role10_7_0_,
        user0_.status as status11_7_0_,
        user0_.updated_at as updated12_7_0_,
        user0_.username as usernam13_7_0_ 
    from
        users user0_ 
    where
        user0_.id=?
2026-04-28 14:56:01.528 DEBUG 53092 --- [nio-8080-exec-2] org.hibernate.SQL                        : 
    select
        user0_.id as id1_7_0_,
        user0_.avatar as avatar2_7_0_,
        user0_.created_at as created_3_7_0_,
        user0_.credit_score as credit_s4_7_0_,
        user0_.email as email5_7_0_,
        user0_.id_card as id_card6_7_0_,
        user0_.nickname as nickname7_7_0_,
        user0_.password as password8_7_0_,
        user0_.phone_number as phone_nu9_7_0_,
        user0_.role as role10_7_0_,
        user0_.status as status11_7_0_,
        user0_.updated_at as updated12_7_0_,
        user0_.username as usernam13_7_0_ 
    from
        users user0_ 
    where
        user0_.id=?
Hibernate: 
    select
        user0_.id as id1_7_0_,
        user0_.avatar as avatar2_7_0_,
        user0_.created_at as created_3_7_0_,
        user0_.credit_score as credit_s4_7_0_,
        user0_.email as email5_7_0_,
        user0_.id_card as id_card6_7_0_,
        user0_.nickname as nickname7_7_0_,
        user0_.password as password8_7_0_,
        user0_.phone_number as phone_nu9_7_0_,
        user0_.role as role10_7_0_,
        user0_.status as status11_7_0_,
        user0_.updated_at as updated12_7_0_,
        user0_.username as usernam13_7_0_ 
    from
        users user0_ 
    where
        user0_.id=?
2026-04-28 14:56:01.529 DEBUG 53092 --- [nio-8080-exec-2] org.hibernate.SQL                        : 
    select
        category0_.id as id1_0_,
        category0_.created_at as created_2_0_,
        category0_.icon as icon3_0_,
        category0_.name as name4_0_,
        category0_.sort_order as sort_ord5_0_ 
    from
        categories category0_ 
    order by
        category0_.sort_order asc
Hibernate: 
    select
        category0_.id as id1_0_,
        category0_.created_at as created_2_0_,
        category0_.icon as icon3_0_,
        category0_.name as name4_0_,
        category0_.sort_order as sort_ord5_0_ 
    from
        categories category0_ 
    order by
        category0_.sort_order asc
2026-04-28 14:56:01.530 DEBUG 53092 --- [nio-8080-exec-5] org.hibernate.SQL                        : 
    select
        product0_.id as id1_5_,
        product0_.category_id as categor14_5_,
        product0_.condition_level as conditio2_5_,
        product0_.created_at as created_3_5_,
        product0_.description as descript4_5_,
        product0_.image_url as image_ur5_5_,
        product0_.location as location6_5_,
        product0_.name as name7_5_,
        product0_.original_price as original8_5_,
        product0_.price as price9_5_,
        product0_.reject_reason as reject_10_5_,
        product0_.seller_id as seller_15_5_,
        product0_.status as status11_5_,
        product0_.updated_at as updated12_5_,
        product0_.view_count as view_co13_5_ 
    from
        products product0_ 
    where
        product0_.status=? 
    order by
        product0_.created_at desc limit ?
Hibernate: 
    select
        product0_.id as id1_5_,
        product0_.category_id as categor14_5_,
        product0_.condition_level as conditio2_5_,
        product0_.created_at as created_3_5_,
        product0_.description as descript4_5_,
        product0_.image_url as image_ur5_5_,
        product0_.location as location6_5_,
        product0_.name as name7_5_,
        product0_.original_price as original8_5_,
        product0_.price as price9_5_,
        product0_.reject_reason as reject_10_5_,
        product0_.seller_id as seller_15_5_,
        product0_.status as status11_5_,
        product0_.updated_at as updated12_5_,
        product0_.view_count as view_co13_5_ 
    from
        products product0_ 
    where
        product0_.status=? 
    order by
        product0_.created_at desc limit ?
2026-04-28 14:56:01.531 DEBUG 53092 --- [nio-8080-exec-5] org.hibernate.SQL                        : 
    select
        count(product0_.id) as col_0_0_ 
    from
        products product0_ 
    where
        product0_.status=?
Hibernate: 
    select
        count(product0_.id) as col_0_0_ 
    from
        products product0_ 
    where
        product0_.status=?
2026-04-28 14:56:01.532 DEBUG 53092 --- [nio-8080-exec-5] org.hibernate.SQL                        : 
    select
        user0_.id as id1_7_0_,
        user0_.avatar as avatar2_7_0_,
        user0_.created_at as created_3_7_0_,
        user0_.credit_score as credit_s4_7_0_,
        user0_.email as email5_7_0_,
        user0_.id_card as id_card6_7_0_,
        user0_.nickname as nickname7_7_0_,
        user0_.password as password8_7_0_,
        user0_.phone_number as phone_nu9_7_0_,
        user0_.role as role10_7_0_,
        user0_.status as status11_7_0_,
        user0_.updated_at as updated12_7_0_,
        user0_.username as usernam13_7_0_ 
    from
        users user0_ 
    where
        user0_.id=?
Hibernate: 
    select
        user0_.id as id1_7_0_,
        user0_.avatar as avatar2_7_0_,
        user0_.created_at as created_3_7_0_,
        user0_.credit_score as credit_s4_7_0_,
        user0_.email as email5_7_0_,
        user0_.id_card as id_card6_7_0_,
        user0_.nickname as nickname7_7_0_,
        user0_.password as password8_7_0_,
        user0_.phone_number as phone_nu9_7_0_,
        user0_.role as role10_7_0_,
        user0_.status as status11_7_0_,
        user0_.updated_at as updated12_7_0_,
        user0_.username as usernam13_7_0_ 
    from
        users user0_ 
    where
        user0_.id=?
2026-04-28 14:56:01.533 DEBUG 53092 --- [nio-8080-exec-5] org.hibernate.SQL                        : 
    select
        user0_.id as id1_7_0_,
        user0_.avatar as avatar2_7_0_,
        user0_.created_at as created_3_7_0_,
        user0_.credit_score as credit_s4_7_0_,
        user0_.email as email5_7_0_,
        user0_.id_card as id_card6_7_0_,
        user0_.nickname as nickname7_7_0_,
        user0_.password as password8_7_0_,
        user0_.phone_number as phone_nu9_7_0_,
        user0_.role as role10_7_0_,
        user0_.status as status11_7_0_,
        user0_.updated_at as updated12_7_0_,
        user0_.username as usernam13_7_0_ 
    from
        users user0_ 
    where
        user0_.id=?
Hibernate: 
    select
        user0_.id as id1_7_0_,
        user0_.avatar as avatar2_7_0_,
        user0_.created_at as created_3_7_0_,
        user0_.credit_score as credit_s4_7_0_,
        user0_.email as email5_7_0_,
        user0_.id_card as id_card6_7_0_,
        user0_.nickname as nickname7_7_0_,
        user0_.password as password8_7_0_,
        user0_.phone_number as phone_nu9_7_0_,
        user0_.role as role10_7_0_,
        user0_.status as status11_7_0_,
        user0_.updated_at as updated12_7_0_,
        user0_.username as usernam13_7_0_ 
    from
        users user0_ 
    where
        user0_.id=?
2026-04-28 14:56:01.533 DEBUG 53092 --- [nio-8080-exec-5] org.hibernate.SQL                        : 
    select
        user0_.id as id1_7_0_,
        user0_.avatar as avatar2_7_0_,
        user0_.created_at as created_3_7_0_,
        user0_.credit_score as credit_s4_7_0_,
        user0_.email as email5_7_0_,
        user0_.id_card as id_card6_7_0_,
        user0_.nickname as nickname7_7_0_,
        user0_.password as password8_7_0_,
        user0_.phone_number as phone_nu9_7_0_,
        user0_.role as role10_7_0_,
        user0_.status as status11_7_0_,
        user0_.updated_at as updated12_7_0_,
        user0_.username as usernam13_7_0_ 
    from
        users user0_ 
    where
        user0_.id=?
Hibernate: 
    select
        user0_.id as id1_7_0_,
        user0_.avatar as avatar2_7_0_,
        user0_.created_at as created_3_7_0_,
        user0_.credit_score as credit_s4_7_0_,
        user0_.email as email5_7_0_,
        user0_.id_card as id_card6_7_0_,
        user0_.nickname as nickname7_7_0_,
        user0_.password as password8_7_0_,
        user0_.phone_number as phone_nu9_7_0_,
        user0_.role as role10_7_0_,
        user0_.status as status11_7_0_,
        user0_.updated_at as updated12_7_0_,
        user0_.username as usernam13_7_0_ 
    from
        users user0_ 
    where
        user0_.id=?
2026-04-28 14:56:01.534 DEBUG 53092 --- [nio-8080-exec-5] org.hibernate.SQL                        : 
    select
        user0_.id as id1_7_0_,
        user0_.avatar as avatar2_7_0_,
        user0_.created_at as created_3_7_0_,
        user0_.credit_score as credit_s4_7_0_,
        user0_.email as email5_7_0_,
        user0_.id_card as id_card6_7_0_,
        user0_.nickname as nickname7_7_0_,
        user0_.password as password8_7_0_,
        user0_.phone_number as phone_nu9_7_0_,
        user0_.role as role10_7_0_,
        user0_.status as status11_7_0_,
        user0_.updated_at as updated12_7_0_,
        user0_.username as usernam13_7_0_ 
    from
        users user0_ 
    where
        user0_.id=?
Hibernate: 
    select
        user0_.id as id1_7_0_,
        user0_.avatar as avatar2_7_0_,
        user0_.created_at as created_3_7_0_,
        user0_.credit_score as credit_s4_7_0_,
        user0_.email as email5_7_0_,
        user0_.id_card as id_card6_7_0_,
        user0_.nickname as nickname7_7_0_,
        user0_.password as password8_7_0_,
        user0_.phone_number as phone_nu9_7_0_,
        user0_.role as role10_7_0_,
        user0_.status as status11_7_0_,
        user0_.updated_at as updated12_7_0_,
        user0_.username as usernam13_7_0_ 
    from
        users user0_ 
    where
        user0_.id=?
2026-04-28 14:56:01.535 DEBUG 53092 --- [nio-8080-exec-5] org.hibernate.SQL                        : 
    select
        user0_.id as id1_7_0_,
        user0_.avatar as avatar2_7_0_,
        user0_.created_at as created_3_7_0_,
        user0_.credit_score as credit_s4_7_0_,
        user0_.email as email5_7_0_,
        user0_.id_card as id_card6_7_0_,
        user0_.nickname as nickname7_7_0_,
        user0_.password as password8_7_0_,
        user0_.phone_number as phone_nu9_7_0_,
        user0_.role as role10_7_0_,
        user0_.status as status11_7_0_,
        user0_.updated_at as updated12_7_0_,
        user0_.username as usernam13_7_0_ 
    from
        users user0_ 
    where
        user0_.id=?
Hibernate: 
    select
        user0_.id as id1_7_0_,
        user0_.avatar as avatar2_7_0_,
        user0_.created_at as created_3_7_0_,
        user0_.credit_score as credit_s4_7_0_,
        user0_.email as email5_7_0_,
        user0_.id_card as id_card6_7_0_,
        user0_.nickname as nickname7_7_0_,
        user0_.password as password8_7_0_,
        user0_.phone_number as phone_nu9_7_0_,
        user0_.role as role10_7_0_,
        user0_.status as status11_7_0_,
        user0_.updated_at as updated12_7_0_,
        user0_.username as usernam13_7_0_ 
    from
        users user0_ 
    where
        user0_.id=?
2026-04-28 14:56:04.673 DEBUG 53092 --- [nio-8080-exec-4] org.hibernate.SQL                        : 
    select
        user0_.id as id1_7_0_,
        user0_.avatar as avatar2_7_0_,
        user0_.created_at as created_3_7_0_,
        user0_.credit_score as credit_s4_7_0_,
        user0_.email as email5_7_0_,
        user0_.id_card as id_card6_7_0_,
        user0_.nickname as nickname7_7_0_,
        user0_.password as password8_7_0_,
        user0_.phone_number as phone_nu9_7_0_,
        user0_.role as role10_7_0_,
        user0_.status as status11_7_0_,
        user0_.updated_at as updated12_7_0_,
        user0_.username as usernam13_7_0_ 
    from
        users user0_ 
    where
        user0_.id=?
Hibernate: 
    select
        user0_.id as id1_7_0_,
        user0_.avatar as avatar2_7_0_,
        user0_.created_at as created_3_7_0_,
        user0_.credit_score as credit_s4_7_0_,
        user0_.email as email5_7_0_,
        user0_.id_card as id_card6_7_0_,
        user0_.nickname as nickname7_7_0_,
        user0_.password as password8_7_0_,
        user0_.phone_number as phone_nu9_7_0_,
        user0_.role as role10_7_0_,
        user0_.status as status11_7_0_,
        user0_.updated_at as updated12_7_0_,
        user0_.username as usernam13_7_0_ 
    from
        users user0_ 
    where
        user0_.id=?
2026-04-28 14:56:04.673 DEBUG 53092 --- [nio-8080-exec-1] org.hibernate.SQL                        : 
    select
        user0_.id as id1_7_0_,
        user0_.avatar as avatar2_7_0_,
        user0_.created_at as created_3_7_0_,
        user0_.credit_score as credit_s4_7_0_,
        user0_.email as email5_7_0_,
        user0_.id_card as id_card6_7_0_,
        user0_.nickname as nickname7_7_0_,
        user0_.password as password8_7_0_,
        user0_.phone_number as phone_nu9_7_0_,
        user0_.role as role10_7_0_,
        user0_.status as status11_7_0_,
        user0_.updated_at as updated12_7_0_,
        user0_.username as usernam13_7_0_ 
    from
        users user0_ 
    where
        user0_.id=?
Hibernate: 
    select
        user0_.id as id1_7_0_,
        user0_.avatar as avatar2_7_0_,
        user0_.created_at as created_3_7_0_,
        user0_.credit_score as credit_s4_7_0_,
        user0_.email as email5_7_0_,
        user0_.id_card as id_card6_7_0_,
        user0_.nickname as nickname7_7_0_,
        user0_.password as password8_7_0_,
        user0_.phone_number as phone_nu9_7_0_,
        user0_.role as role10_7_0_,
        user0_.status as status11_7_0_,
        user0_.updated_at as updated12_7_0_,
        user0_.username as usernam13_7_0_ 
    from
        users user0_ 
    where
        user0_.id=?
2026-04-28 14:56:04.675 DEBUG 53092 --- [nio-8080-exec-1] org.hibernate.SQL                        : 
    select
        category0_.id as id1_0_,
        category0_.created_at as created_2_0_,
        category0_.icon as icon3_0_,
        category0_.name as name4_0_,
        category0_.sort_order as sort_ord5_0_ 
    from
        categories category0_ 
    order by
        category0_.sort_order asc
Hibernate: 
    select
        category0_.id as id1_0_,
        category0_.created_at as created_2_0_,
        category0_.icon as icon3_0_,
        category0_.name as name4_0_,
        category0_.sort_order as sort_ord5_0_ 
    from
        categories category0_ 
    order by
        category0_.sort_order asc
2026-04-28 14:56:04.675 DEBUG 53092 --- [nio-8080-exec-4] org.hibernate.SQL                        : 
    select
        product0_.id as id1_5_,
        product0_.category_id as categor14_5_,
        product0_.condition_level as conditio2_5_,
        product0_.created_at as created_3_5_,
        product0_.description as descript4_5_,
        product0_.image_url as image_ur5_5_,
        product0_.location as location6_5_,
        product0_.name as name7_5_,
        product0_.original_price as original8_5_,
        product0_.price as price9_5_,
        product0_.reject_reason as reject_10_5_,
        product0_.seller_id as seller_15_5_,
        product0_.status as status11_5_,
        product0_.updated_at as updated12_5_,
        product0_.view_count as view_co13_5_ 
    from
        products product0_ 
    where
        product0_.status=? 
    order by
        product0_.created_at desc limit ?
Hibernate: 
    select
        product0_.id as id1_5_,
        product0_.category_id as categor14_5_,
        product0_.condition_level as conditio2_5_,
        product0_.created_at as created_3_5_,
        product0_.description as descript4_5_,
        product0_.image_url as image_ur5_5_,
        product0_.location as location6_5_,
        product0_.name as name7_5_,
        product0_.original_price as original8_5_,
        product0_.price as price9_5_,
        product0_.reject_reason as reject_10_5_,
        product0_.seller_id as seller_15_5_,
        product0_.status as status11_5_,
        product0_.updated_at as updated12_5_,
        product0_.view_count as view_co13_5_ 
    from
        products product0_ 
    where
        product0_.status=? 
    order by
        product0_.created_at desc limit ?
2026-04-28 14:56:04.676 DEBUG 53092 --- [nio-8080-exec-4] org.hibernate.SQL                        : 
    select
        count(product0_.id) as col_0_0_ 
    from
        products product0_ 
    where
        product0_.status=?
Hibernate: 
    select
        count(product0_.id) as col_0_0_ 
    from
        products product0_ 
    where
        product0_.status=?
2026-04-28 14:56:04.677 DEBUG 53092 --- [nio-8080-exec-4] org.hibernate.SQL                        : 
    select
        user0_.id as id1_7_0_,
        user0_.avatar as avatar2_7_0_,
        user0_.created_at as created_3_7_0_,
        user0_.credit_score as credit_s4_7_0_,
        user0_.email as email5_7_0_,
        user0_.id_card as id_card6_7_0_,
        user0_.nickname as nickname7_7_0_,
        user0_.password as password8_7_0_,
        user0_.phone_number as phone_nu9_7_0_,
        user0_.role as role10_7_0_,
        user0_.status as status11_7_0_,
        user0_.updated_at as updated12_7_0_,
        user0_.username as usernam13_7_0_ 
    from
        users user0_ 
    where
        user0_.id=?
Hibernate: 
    select
        user0_.id as id1_7_0_,
        user0_.avatar as avatar2_7_0_,
        user0_.created_at as created_3_7_0_,
        user0_.credit_score as credit_s4_7_0_,
        user0_.email as email5_7_0_,
        user0_.id_card as id_card6_7_0_,
        user0_.nickname as nickname7_7_0_,
        user0_.password as password8_7_0_,
        user0_.phone_number as phone_nu9_7_0_,
        user0_.role as role10_7_0_,
        user0_.status as status11_7_0_,
        user0_.updated_at as updated12_7_0_,
        user0_.username as usernam13_7_0_ 
    from
        users user0_ 
    where
        user0_.id=?
2026-04-28 14:56:04.678 DEBUG 53092 --- [nio-8080-exec-4] org.hibernate.SQL                        : 
    select
        user0_.id as id1_7_0_,
        user0_.avatar as avatar2_7_0_,
        user0_.created_at as created_3_7_0_,
        user0_.credit_score as credit_s4_7_0_,
        user0_.email as email5_7_0_,
        user0_.id_card as id_card6_7_0_,
        user0_.nickname as nickname7_7_0_,
        user0_.password as password8_7_0_,
        user0_.phone_number as phone_nu9_7_0_,
        user0_.role as role10_7_0_,
        user0_.status as status11_7_0_,
        user0_.updated_at as updated12_7_0_,
        user0_.username as usernam13_7_0_ 
    from
        users user0_ 
    where
        user0_.id=?
Hibernate: 
    select
        user0_.id as id1_7_0_,
        user0_.avatar as avatar2_7_0_,
        user0_.created_at as created_3_7_0_,
        user0_.credit_score as credit_s4_7_0_,
        user0_.email as email5_7_0_,
        user0_.id_card as id_card6_7_0_,
        user0_.nickname as nickname7_7_0_,
        user0_.password as password8_7_0_,
        user0_.phone_number as phone_nu9_7_0_,
        user0_.role as role10_7_0_,
        user0_.status as status11_7_0_,
        user0_.updated_at as updated12_7_0_,
        user0_.username as usernam13_7_0_ 
    from
        users user0_ 
    where
        user0_.id=?
2026-04-28 14:56:04.678 DEBUG 53092 --- [nio-8080-exec-4] org.hibernate.SQL                        : 
    select
        user0_.id as id1_7_0_,
        user0_.avatar as avatar2_7_0_,
        user0_.created_at as created_3_7_0_,
        user0_.credit_score as credit_s4_7_0_,
        user0_.email as email5_7_0_,
        user0_.id_card as id_card6_7_0_,
        user0_.nickname as nickname7_7_0_,
        user0_.password as password8_7_0_,
        user0_.phone_number as phone_nu9_7_0_,
        user0_.role as role10_7_0_,
        user0_.status as status11_7_0_,
        user0_.updated_at as updated12_7_0_,
        user0_.username as usernam13_7_0_ 
    from
        users user0_ 
    where
        user0_.id=?
Hibernate: 
    select
        user0_.id as id1_7_0_,
        user0_.avatar as avatar2_7_0_,
        user0_.created_at as created_3_7_0_,
        user0_.credit_score as credit_s4_7_0_,
        user0_.email as email5_7_0_,
        user0_.id_card as id_card6_7_0_,
        user0_.nickname as nickname7_7_0_,
        user0_.password as password8_7_0_,
        user0_.phone_number as phone_nu9_7_0_,
        user0_.role as role10_7_0_,
        user0_.status as status11_7_0_,
        user0_.updated_at as updated12_7_0_,
        user0_.username as usernam13_7_0_ 
    from
        users user0_ 
    where
        user0_.id=?
2026-04-28 14:56:04.679 DEBUG 53092 --- [nio-8080-exec-4] org.hibernate.SQL                        : 
    select
        user0_.id as id1_7_0_,
        user0_.avatar as avatar2_7_0_,
        user0_.created_at as created_3_7_0_,
        user0_.credit_score as credit_s4_7_0_,
        user0_.email as email5_7_0_,
        user0_.id_card as id_card6_7_0_,
        user0_.nickname as nickname7_7_0_,
        user0_.password as password8_7_0_,
        user0_.phone_number as phone_nu9_7_0_,
        user0_.role as role10_7_0_,
        user0_.status as status11_7_0_,
        user0_.updated_at as updated12_7_0_,
        user0_.username as usernam13_7_0_ 
    from
        users user0_ 
    where
        user0_.id=?
Hibernate: 
    select
        user0_.id as id1_7_0_,
        user0_.avatar as avatar2_7_0_,
        user0_.created_at as created_3_7_0_,
        user0_.credit_score as credit_s4_7_0_,
        user0_.email as email5_7_0_,
        user0_.id_card as id_card6_7_0_,
        user0_.nickname as nickname7_7_0_,
        user0_.password as password8_7_0_,
        user0_.phone_number as phone_nu9_7_0_,
        user0_.role as role10_7_0_,
        user0_.status as status11_7_0_,
        user0_.updated_at as updated12_7_0_,
        user0_.username as usernam13_7_0_ 
    from
        users user0_ 
    where
        user0_.id=?
2026-04-28 14:56:04.680 DEBUG 53092 --- [nio-8080-exec-4] org.hibernate.SQL                        : 
    select
        user0_.id as id1_7_0_,
        user0_.avatar as avatar2_7_0_,
        user0_.created_at as created_3_7_0_,
        user0_.credit_score as credit_s4_7_0_,
        user0_.email as email5_7_0_,
        user0_.id_card as id_card6_7_0_,
        user0_.nickname as nickname7_7_0_,
        user0_.password as password8_7_0_,
        user0_.phone_number as phone_nu9_7_0_,
        user0_.role as role10_7_0_,
        user0_.status as status11_7_0_,
        user0_.updated_at as updated12_7_0_,
        user0_.username as usernam13_7_0_ 
    from
        users user0_ 
    where
        user0_.id=?
Hibernate: 
    select
        user0_.id as id1_7_0_,
        user0_.avatar as avatar2_7_0_,
        user0_.created_at as created_3_7_0_,
        user0_.credit_score as credit_s4_7_0_,
        user0_.email as email5_7_0_,
        user0_.id_card as id_card6_7_0_,
        user0_.nickname as nickname7_7_0_,
        user0_.password as password8_7_0_,
        user0_.phone_number as phone_nu9_7_0_,
        user0_.role as role10_7_0_,
        user0_.status as status11_7_0_,
        user0_.updated_at as updated12_7_0_,
        user0_.username as usernam13_7_0_ 
    from
        users user0_ 
    where
        user0_.id=?
2026-04-28 14:56:09.292 DEBUG 53092 --- [nio-8080-exec-2] org.hibernate.SQL                        : 
    select
        user0_.id as id1_7_0_,
        user0_.avatar as avatar2_7_0_,
        user0_.created_at as created_3_7_0_,
        user0_.credit_score as credit_s4_7_0_,
        user0_.email as email5_7_0_,
        user0_.id_card as id_card6_7_0_,
        user0_.nickname as nickname7_7_0_,
        user0_.password as password8_7_0_,
        user0_.phone_number as phone_nu9_7_0_,
        user0_.role as role10_7_0_,
        user0_.status as status11_7_0_,
        user0_.updated_at as updated12_7_0_,
        user0_.username as usernam13_7_0_ 
    from
        users user0_ 
    where
        user0_.id=?
Hibernate: 
    select
        user0_.id as id1_7_0_,
        user0_.avatar as avatar2_7_0_,
        user0_.created_at as created_3_7_0_,
        user0_.credit_score as credit_s4_7_0_,
        user0_.email as email5_7_0_,
        user0_.id_card as id_card6_7_0_,
        user0_.nickname as nickname7_7_0_,
        user0_.password as password8_7_0_,
        user0_.phone_number as phone_nu9_7_0_,
        user0_.role as role10_7_0_,
        user0_.status as status11_7_0_,
        user0_.updated_at as updated12_7_0_,
        user0_.username as usernam13_7_0_ 
    from
        users user0_ 
    where
        user0_.id=?
2026-04-28 14:56:09.292 DEBUG 53092 --- [nio-8080-exec-9] org.hibernate.SQL                        : 
    select
        user0_.id as id1_7_0_,
        user0_.avatar as avatar2_7_0_,
        user0_.created_at as created_3_7_0_,
        user0_.credit_score as credit_s4_7_0_,
        user0_.email as email5_7_0_,
        user0_.id_card as id_card6_7_0_,
        user0_.nickname as nickname7_7_0_,
        user0_.password as password8_7_0_,
        user0_.phone_number as phone_nu9_7_0_,
        user0_.role as role10_7_0_,
        user0_.status as status11_7_0_,
        user0_.updated_at as updated12_7_0_,
        user0_.username as usernam13_7_0_ 
    from
        users user0_ 
    where
        user0_.id=?
2026-04-28 14:56:09.292 DEBUG 53092 --- [nio-8080-exec-5] org.hibernate.SQL                        : 
    select
        user0_.id as id1_7_0_,
        user0_.avatar as avatar2_7_0_,
        user0_.created_at as created_3_7_0_,
        user0_.credit_score as credit_s4_7_0_,
        user0_.email as email5_7_0_,
        user0_.id_card as id_card6_7_0_,
        user0_.nickname as nickname7_7_0_,
        user0_.password as password8_7_0_,
        user0_.phone_number as phone_nu9_7_0_,
        user0_.role as role10_7_0_,
        user0_.status as status11_7_0_,
        user0_.updated_at as updated12_7_0_,
        user0_.username as usernam13_7_0_ 
    from
        users user0_ 
    where
        user0_.id=?
Hibernate: 
    select
        user0_.id as id1_7_0_,
        user0_.avatar as avatar2_7_0_,
        user0_.created_at as created_3_7_0_,
        user0_.credit_score as credit_s4_7_0_,
        user0_.email as email5_7_0_,
        user0_.id_card as id_card6_7_0_,
        user0_.nickname as nickname7_7_0_,
        user0_.password as password8_7_0_,
        user0_.phone_number as phone_nu9_7_0_,
        user0_.role as role10_7_0_,
        user0_.status as status11_7_0_,
        user0_.updated_at as updated12_7_0_,
        user0_.username as usernam13_7_0_ 
    from
        users user0_ 
    where
        user0_.id=?
Hibernate: 
    select
        user0_.id as id1_7_0_,
        user0_.avatar as avatar2_7_0_,
        user0_.created_at as created_3_7_0_,
        user0_.credit_score as credit_s4_7_0_,
        user0_.email as email5_7_0_,
        user0_.id_card as id_card6_7_0_,
        user0_.nickname as nickname7_7_0_,
        user0_.password as password8_7_0_,
        user0_.phone_number as phone_nu9_7_0_,
        user0_.role as role10_7_0_,
        user0_.status as status11_7_0_,
        user0_.updated_at as updated12_7_0_,
        user0_.username as usernam13_7_0_ 
    from
        users user0_ 
    where
        user0_.id=?
2026-04-28 14:56:09.294 DEBUG 53092 --- [nio-8080-exec-9] org.hibernate.SQL                        : 
    select
        product0_.id as id1_5_0_,
        product0_.category_id as categor14_5_0_,
        product0_.condition_level as conditio2_5_0_,
        product0_.created_at as created_3_5_0_,
        product0_.description as descript4_5_0_,
        product0_.image_url as image_ur5_5_0_,
        product0_.location as location6_5_0_,
        product0_.name as name7_5_0_,
        product0_.original_price as original8_5_0_,
        product0_.price as price9_5_0_,
        product0_.reject_reason as reject_10_5_0_,
        product0_.seller_id as seller_15_5_0_,
        product0_.status as status11_5_0_,
        product0_.updated_at as updated12_5_0_,
        product0_.view_count as view_co13_5_0_ 
    from
        products product0_ 
    where
        product0_.id=?
Hibernate: 
    select
        product0_.id as id1_5_0_,
        product0_.category_id as categor14_5_0_,
        product0_.condition_level as conditio2_5_0_,
        product0_.created_at as created_3_5_0_,
        product0_.description as descript4_5_0_,
        product0_.image_url as image_ur5_5_0_,
        product0_.location as location6_5_0_,
        product0_.name as name7_5_0_,
        product0_.original_price as original8_5_0_,
        product0_.price as price9_5_0_,
        product0_.reject_reason as reject_10_5_0_,
        product0_.seller_id as seller_15_5_0_,
        product0_.status as status11_5_0_,
        product0_.updated_at as updated12_5_0_,
        product0_.view_count as view_co13_5_0_ 
    from
        products product0_ 
    where
        product0_.id=?
2026-04-28 14:56:09.294 DEBUG 53092 --- [nio-8080-exec-5] org.hibernate.SQL                        : 
    select
        favorite0_.id as col_0_0_ 
    from
        favorites favorite0_ 
    where
        favorite0_.user_id=? 
        and favorite0_.product_id=? limit ?
Hibernate: 
    select
        favorite0_.id as col_0_0_ 
    from
        favorites favorite0_ 
    where
        favorite0_.user_id=? 
        and favorite0_.product_id=? limit ?
2026-04-28 14:56:09.294 DEBUG 53092 --- [nio-8080-exec-2] org.hibernate.SQL                        : 
    select
        review0_.id as id1_6_,
        review0_.audit_remark as audit_re2_6_,
        review0_.audit_status as audit_st3_6_,
        review0_.comment as comment4_6_,
        review0_.created_at as created_5_6_,
        review0_.desc_score as desc_sco6_6_,
        review0_.images as images7_6_,
        review0_.order_id as order_i11_6_,
        review0_.product_id as product12_6_,
        review0_.rating as rating8_6_,
        review0_.service_score as service_9_6_,
        review0_.ship_score as ship_sc10_6_,
        review0_.user_id as user_id13_6_ 
    from
        reviews review0_ 
    left outer join
        products product1_ 
            on review0_.product_id=product1_.id 
    where
        product1_.id=? 
        and review0_.audit_status=? 
    order by
        review0_.created_at desc limit ?
Hibernate: 
    select
        review0_.id as id1_6_,
        review0_.audit_remark as audit_re2_6_,
        review0_.audit_status as audit_st3_6_,
        review0_.comment as comment4_6_,
        review0_.created_at as created_5_6_,
        review0_.desc_score as desc_sco6_6_,
        review0_.images as images7_6_,
        review0_.order_id as order_i11_6_,
        review0_.product_id as product12_6_,
        review0_.rating as rating8_6_,
        review0_.service_score as service_9_6_,
        review0_.ship_score as ship_sc10_6_,
        review0_.user_id as user_id13_6_ 
    from
        reviews review0_ 
    left outer join
        products product1_ 
            on review0_.product_id=product1_.id 
    where
        product1_.id=? 
        and review0_.audit_status=? 
    order by
        review0_.created_at desc limit ?
2026-04-28 14:56:09.295 DEBUG 53092 --- [nio-8080-exec-9] org.hibernate.SQL                        : 
    update
        products 
    set
        view_count=view_count+1 
    where
        id=?
Hibernate: 
    update
        products 
    set
        view_count=view_count+1 
    where
        id=?
2026-04-28 14:56:09.296 DEBUG 53092 --- [nio-8080-exec-9] org.hibernate.SQL                        : 
    select
        category0_.id as id1_0_0_,
        category0_.created_at as created_2_0_0_,
        category0_.icon as icon3_0_0_,
        category0_.name as name4_0_0_,
        category0_.sort_order as sort_ord5_0_0_ 
    from
        categories category0_ 
    where
        category0_.id=?
Hibernate: 
    select
        category0_.id as id1_0_0_,
        category0_.created_at as created_2_0_0_,
        category0_.icon as icon3_0_0_,
        category0_.name as name4_0_0_,
        category0_.sort_order as sort_ord5_0_0_ 
    from
        categories category0_ 
    where
        category0_.id=?
2026-04-28 14:56:09.297 DEBUG 53092 --- [nio-8080-exec-9] org.hibernate.SQL                        : 
    select
        productima0_.id as id1_4_,
        productima0_.created_at as created_2_4_,
        productima0_.image_url as image_ur3_4_,
        productima0_.product_id as product_5_4_,
        productima0_.sort_order as sort_ord4_4_ 
    from
        product_images productima0_ 
    left outer join
        products product1_ 
            on productima0_.product_id=product1_.id 
    where
        product1_.id=? 
    order by
        productima0_.sort_order asc
Hibernate: 
    select
        productima0_.id as id1_4_,
        productima0_.created_at as created_2_4_,
        productima0_.image_url as image_ur3_4_,
        productima0_.product_id as product_5_4_,
        productima0_.sort_order as sort_ord4_4_ 
    from
        product_images productima0_ 
    left outer join
        products product1_ 
            on productima0_.product_id=product1_.id 
    where
        product1_.id=? 
    order by
        productima0_.sort_order asc
2026-04-28 14:56:09.298 DEBUG 53092 --- [nio-8080-exec-9] org.hibernate.SQL                        : 
    select
        user0_.id as id1_7_0_,
        user0_.avatar as avatar2_7_0_,
        user0_.created_at as created_3_7_0_,
        user0_.credit_score as credit_s4_7_0_,
        user0_.email as email5_7_0_,
        user0_.id_card as id_card6_7_0_,
        user0_.nickname as nickname7_7_0_,
        user0_.password as password8_7_0_,
        user0_.phone_number as phone_nu9_7_0_,
        user0_.role as role10_7_0_,
        user0_.status as status11_7_0_,
        user0_.updated_at as updated12_7_0_,
        user0_.username as usernam13_7_0_ 
    from
        users user0_ 
    where
        user0_.id=?
Hibernate: 
    select
        user0_.id as id1_7_0_,
        user0_.avatar as avatar2_7_0_,
        user0_.created_at as created_3_7_0_,
        user0_.credit_score as credit_s4_7_0_,
        user0_.email as email5_7_0_,
        user0_.id_card as id_card6_7_0_,
        user0_.nickname as nickname7_7_0_,
        user0_.password as password8_7_0_,
        user0_.phone_number as phone_nu9_7_0_,
        user0_.role as role10_7_0_,
        user0_.status as status11_7_0_,
        user0_.updated_at as updated12_7_0_,
        user0_.username as usernam13_7_0_ 
    from
        users user0_ 
    where
        user0_.id=?
2026-04-28 14:56:09.299 DEBUG 53092 --- [nio-8080-exec-9] org.hibernate.SQL                        : 
    select
        avg(review0_.rating) as col_0_0_ 
    from
        reviews review0_ 
    where
        review0_.product_id=? 
        and review0_.audit_status=1
Hibernate: 
    select
        avg(review0_.rating) as col_0_0_ 
    from
        reviews review0_ 
    where
        review0_.product_id=? 
        and review0_.audit_status=1
2026-04-28 14:56:09.300 DEBUG 53092 --- [nio-8080-exec-9] org.hibernate.SQL                        : 
    select
        count(review0_.id) as col_0_0_ 
    from
        reviews review0_ 
    where
        review0_.product_id=? 
        and review0_.audit_status=1
Hibernate: 
    select
        count(review0_.id) as col_0_0_ 
    from
        reviews review0_ 
    where
        review0_.product_id=? 
        and review0_.audit_status=1
2026-04-28 14:56:10.870 DEBUG 53092 --- [nio-8080-exec-3] org.hibernate.SQL                        : 
    select
        user0_.id as id1_7_0_,
        user0_.avatar as avatar2_7_0_,
        user0_.created_at as created_3_7_0_,
        user0_.credit_score as credit_s4_7_0_,
        user0_.email as email5_7_0_,
        user0_.id_card as id_card6_7_0_,
        user0_.nickname as nickname7_7_0_,
        user0_.password as password8_7_0_,
        user0_.phone_number as phone_nu9_7_0_,
        user0_.role as role10_7_0_,
        user0_.status as status11_7_0_,
        user0_.updated_at as updated12_7_0_,
        user0_.username as usernam13_7_0_ 
    from
        users user0_ 
    where
        user0_.id=?
Hibernate: 
    select
        user0_.id as id1_7_0_,
        user0_.avatar as avatar2_7_0_,
        user0_.created_at as created_3_7_0_,
        user0_.credit_score as credit_s4_7_0_,
        user0_.email as email5_7_0_,
        user0_.id_card as id_card6_7_0_,
        user0_.nickname as nickname7_7_0_,
        user0_.password as password8_7_0_,
        user0_.phone_number as phone_nu9_7_0_,
        user0_.role as role10_7_0_,
        user0_.status as status11_7_0_,
        user0_.updated_at as updated12_7_0_,
        user0_.username as usernam13_7_0_ 
    from
        users user0_ 
    where
        user0_.id=?
2026-04-28 14:56:10.870 DEBUG 53092 --- [nio-8080-exec-7] org.hibernate.SQL                        : 
    select
        user0_.id as id1_7_0_,
        user0_.avatar as avatar2_7_0_,
        user0_.created_at as created_3_7_0_,
        user0_.credit_score as credit_s4_7_0_,
        user0_.email as email5_7_0_,
        user0_.id_card as id_card6_7_0_,
        user0_.nickname as nickname7_7_0_,
        user0_.password as password8_7_0_,
        user0_.phone_number as phone_nu9_7_0_,
        user0_.role as role10_7_0_,
        user0_.status as status11_7_0_,
        user0_.updated_at as updated12_7_0_,
        user0_.username as usernam13_7_0_ 
    from
        users user0_ 
    where
        user0_.id=?
Hibernate: 
    select
        user0_.id as id1_7_0_,
        user0_.avatar as avatar2_7_0_,
        user0_.created_at as created_3_7_0_,
        user0_.credit_score as credit_s4_7_0_,
        user0_.email as email5_7_0_,
        user0_.id_card as id_card6_7_0_,
        user0_.nickname as nickname7_7_0_,
        user0_.password as password8_7_0_,
        user0_.phone_number as phone_nu9_7_0_,
        user0_.role as role10_7_0_,
        user0_.status as status11_7_0_,
        user0_.updated_at as updated12_7_0_,
        user0_.username as usernam13_7_0_ 
    from
        users user0_ 
    where
        user0_.id=?
2026-04-28 14:56:10.870 DEBUG 53092 --- [nio-8080-exec-6] org.hibernate.SQL                        : 
    select
        user0_.id as id1_7_0_,
        user0_.avatar as avatar2_7_0_,
        user0_.created_at as created_3_7_0_,
        user0_.credit_score as credit_s4_7_0_,
        user0_.email as email5_7_0_,
        user0_.id_card as id_card6_7_0_,
        user0_.nickname as nickname7_7_0_,
        user0_.password as password8_7_0_,
        user0_.phone_number as phone_nu9_7_0_,
        user0_.role as role10_7_0_,
        user0_.status as status11_7_0_,
        user0_.updated_at as updated12_7_0_,
        user0_.username as usernam13_7_0_ 
    from
        users user0_ 
    where
        user0_.id=?
Hibernate: 
    select
        user0_.id as id1_7_0_,
        user0_.avatar as avatar2_7_0_,
        user0_.created_at as created_3_7_0_,
        user0_.credit_score as credit_s4_7_0_,
        user0_.email as email5_7_0_,
        user0_.id_card as id_card6_7_0_,
        user0_.nickname as nickname7_7_0_,
        user0_.password as password8_7_0_,
        user0_.phone_number as phone_nu9_7_0_,
        user0_.role as role10_7_0_,
        user0_.status as status11_7_0_,
        user0_.updated_at as updated12_7_0_,
        user0_.username as usernam13_7_0_ 
    from
        users user0_ 
    where
        user0_.id=?
2026-04-28 14:56:10.872 DEBUG 53092 --- [nio-8080-exec-7] org.hibernate.SQL                        : 
    select
        product0_.id as id1_5_0_,
        product0_.category_id as categor14_5_0_,
        product0_.condition_level as conditio2_5_0_,
        product0_.created_at as created_3_5_0_,
        product0_.description as descript4_5_0_,
        product0_.image_url as image_ur5_5_0_,
        product0_.location as location6_5_0_,
        product0_.name as name7_5_0_,
        product0_.original_price as original8_5_0_,
        product0_.price as price9_5_0_,
        product0_.reject_reason as reject_10_5_0_,
        product0_.seller_id as seller_15_5_0_,
        product0_.status as status11_5_0_,
        product0_.updated_at as updated12_5_0_,
        product0_.view_count as view_co13_5_0_ 
    from
        products product0_ 
    where
        product0_.id=?
Hibernate: 
    select
        product0_.id as id1_5_0_,
        product0_.category_id as categor14_5_0_,
        product0_.condition_level as conditio2_5_0_,
        product0_.created_at as created_3_5_0_,
        product0_.description as descript4_5_0_,
        product0_.image_url as image_ur5_5_0_,
        product0_.location as location6_5_0_,
        product0_.name as name7_5_0_,
        product0_.original_price as original8_5_0_,
        product0_.price as price9_5_0_,
        product0_.reject_reason as reject_10_5_0_,
        product0_.seller_id as seller_15_5_0_,
        product0_.status as status11_5_0_,
        product0_.updated_at as updated12_5_0_,
        product0_.view_count as view_co13_5_0_ 
    from
        products product0_ 
    where
        product0_.id=?
2026-04-28 14:56:10.872 DEBUG 53092 --- [nio-8080-exec-6] org.hibernate.SQL                        : 
    select
        favorite0_.id as col_0_0_ 
    from
        favorites favorite0_ 
    where
        favorite0_.user_id=? 
        and favorite0_.product_id=? limit ?
Hibernate: 
    select
        favorite0_.id as col_0_0_ 
    from
        favorites favorite0_ 
    where
        favorite0_.user_id=? 
        and favorite0_.product_id=? limit ?
2026-04-28 14:56:10.872 DEBUG 53092 --- [nio-8080-exec-3] org.hibernate.SQL                        : 
    select
        review0_.id as id1_6_,
        review0_.audit_remark as audit_re2_6_,
        review0_.audit_status as audit_st3_6_,
        review0_.comment as comment4_6_,
        review0_.created_at as created_5_6_,
        review0_.desc_score as desc_sco6_6_,
        review0_.images as images7_6_,
        review0_.order_id as order_i11_6_,
        review0_.product_id as product12_6_,
        review0_.rating as rating8_6_,
        review0_.service_score as service_9_6_,
        review0_.ship_score as ship_sc10_6_,
        review0_.user_id as user_id13_6_ 
    from
        reviews review0_ 
    left outer join
        products product1_ 
            on review0_.product_id=product1_.id 
    where
        product1_.id=? 
        and review0_.audit_status=? 
    order by
        review0_.created_at desc limit ?
Hibernate: 
    select
        review0_.id as id1_6_,
        review0_.audit_remark as audit_re2_6_,
        review0_.audit_status as audit_st3_6_,
        review0_.comment as comment4_6_,
        review0_.created_at as created_5_6_,
        review0_.desc_score as desc_sco6_6_,
        review0_.images as images7_6_,
        review0_.order_id as order_i11_6_,
        review0_.product_id as product12_6_,
        review0_.rating as rating8_6_,
        review0_.service_score as service_9_6_,
        review0_.ship_score as ship_sc10_6_,
        review0_.user_id as user_id13_6_ 
    from
        reviews review0_ 
    left outer join
        products product1_ 
            on review0_.product_id=product1_.id 
    where
        product1_.id=? 
        and review0_.audit_status=? 
    order by
        review0_.created_at desc limit ?
2026-04-28 14:56:10.873 DEBUG 53092 --- [nio-8080-exec-7] org.hibernate.SQL                        : 
    update
        products 
    set
        view_count=view_count+1 
    where
        id=?
Hibernate: 
    update
        products 
    set
        view_count=view_count+1 
    where
        id=?
2026-04-28 14:56:10.874 DEBUG 53092 --- [nio-8080-exec-7] org.hibernate.SQL                        : 
    select
        category0_.id as id1_0_0_,
        category0_.created_at as created_2_0_0_,
        category0_.icon as icon3_0_0_,
        category0_.name as name4_0_0_,
        category0_.sort_order as sort_ord5_0_0_ 
    from
        categories category0_ 
    where
        category0_.id=?
Hibernate: 
    select
        category0_.id as id1_0_0_,
        category0_.created_at as created_2_0_0_,
        category0_.icon as icon3_0_0_,
        category0_.name as name4_0_0_,
        category0_.sort_order as sort_ord5_0_0_ 
    from
        categories category0_ 
    where
        category0_.id=?
2026-04-28 14:56:10.875 DEBUG 53092 --- [nio-8080-exec-7] org.hibernate.SQL                        : 
    select
        productima0_.id as id1_4_,
        productima0_.created_at as created_2_4_,
        productima0_.image_url as image_ur3_4_,
        productima0_.product_id as product_5_4_,
        productima0_.sort_order as sort_ord4_4_ 
    from
        product_images productima0_ 
    left outer join
        products product1_ 
            on productima0_.product_id=product1_.id 
    where
        product1_.id=? 
    order by
        productima0_.sort_order asc
Hibernate: 
    select
        productima0_.id as id1_4_,
        productima0_.created_at as created_2_4_,
        productima0_.image_url as image_ur3_4_,
        productima0_.product_id as product_5_4_,
        productima0_.sort_order as sort_ord4_4_ 
    from
        product_images productima0_ 
    left outer join
        products product1_ 
            on productima0_.product_id=product1_.id 
    where
        product1_.id=? 
    order by
        productima0_.sort_order asc
2026-04-28 14:56:10.875 DEBUG 53092 --- [nio-8080-exec-7] org.hibernate.SQL                        : 
    select
        user0_.id as id1_7_0_,
        user0_.avatar as avatar2_7_0_,
        user0_.created_at as created_3_7_0_,
        user0_.credit_score as credit_s4_7_0_,
        user0_.email as email5_7_0_,
        user0_.id_card as id_card6_7_0_,
        user0_.nickname as nickname7_7_0_,
        user0_.password as password8_7_0_,
        user0_.phone_number as phone_nu9_7_0_,
        user0_.role as role10_7_0_,
        user0_.status as status11_7_0_,
        user0_.updated_at as updated12_7_0_,
        user0_.username as usernam13_7_0_ 
    from
        users user0_ 
    where
        user0_.id=?
Hibernate: 
    select
        user0_.id as id1_7_0_,
        user0_.avatar as avatar2_7_0_,
        user0_.created_at as created_3_7_0_,
        user0_.credit_score as credit_s4_7_0_,
        user0_.email as email5_7_0_,
        user0_.id_card as id_card6_7_0_,
        user0_.nickname as nickname7_7_0_,
        user0_.password as password8_7_0_,
        user0_.phone_number as phone_nu9_7_0_,
        user0_.role as role10_7_0_,
        user0_.status as status11_7_0_,
        user0_.updated_at as updated12_7_0_,
        user0_.username as usernam13_7_0_ 
    from
        users user0_ 
    where
        user0_.id=?
2026-04-28 14:56:10.876 DEBUG 53092 --- [nio-8080-exec-7] org.hibernate.SQL                        : 
    select
        avg(review0_.rating) as col_0_0_ 
    from
        reviews review0_ 
    where
        review0_.product_id=? 
        and review0_.audit_status=1
Hibernate: 
    select
        avg(review0_.rating) as col_0_0_ 
    from
        reviews review0_ 
    where
        review0_.product_id=? 
        and review0_.audit_status=1
2026-04-28 14:56:10.877 DEBUG 53092 --- [nio-8080-exec-7] org.hibernate.SQL                        : 
    select
        count(review0_.id) as col_0_0_ 
    from
        reviews review0_ 
    where
        review0_.product_id=? 
        and review0_.audit_status=1
Hibernate: 
    select
        count(review0_.id) as col_0_0_ 
    from
        reviews review0_ 
    where
        review0_.product_id=? 
        and review0_.audit_status=1
2026-04-28 14:56:14.520 DEBUG 53092 --- [nio-8080-exec-5] org.hibernate.SQL                        : 
    select
        user0_.id as id1_7_0_,
        user0_.avatar as avatar2_7_0_,
        user0_.created_at as created_3_7_0_,
        user0_.credit_score as credit_s4_7_0_,
        user0_.email as email5_7_0_,
        user0_.id_card as id_card6_7_0_,
        user0_.nickname as nickname7_7_0_,
        user0_.password as password8_7_0_,
        user0_.phone_number as phone_nu9_7_0_,
        user0_.role as role10_7_0_,
        user0_.status as status11_7_0_,
        user0_.updated_at as updated12_7_0_,
        user0_.username as usernam13_7_0_ 
    from
        users user0_ 
    where
        user0_.id=?
Hibernate: 
    select
        user0_.id as id1_7_0_,
        user0_.avatar as avatar2_7_0_,
        user0_.created_at as created_3_7_0_,
        user0_.credit_score as credit_s4_7_0_,
        user0_.email as email5_7_0_,
        user0_.id_card as id_card6_7_0_,
        user0_.nickname as nickname7_7_0_,
        user0_.password as password8_7_0_,
        user0_.phone_number as phone_nu9_7_0_,
        user0_.role as role10_7_0_,
        user0_.status as status11_7_0_,
        user0_.updated_at as updated12_7_0_,
        user0_.username as usernam13_7_0_ 
    from
        users user0_ 
    where
        user0_.id=?
2026-04-28 14:56:14.522 DEBUG 53092 --- [nio-8080-exec-5] org.hibernate.SQL                        : 
    select
        user0_.id as id1_7_0_,
        user0_.avatar as avatar2_7_0_,
        user0_.created_at as created_3_7_0_,
        user0_.credit_score as credit_s4_7_0_,
        user0_.email as email5_7_0_,
        user0_.id_card as id_card6_7_0_,
        user0_.nickname as nickname7_7_0_,
        user0_.password as password8_7_0_,
        user0_.phone_number as phone_nu9_7_0_,
        user0_.role as role10_7_0_,
        user0_.status as status11_7_0_,
        user0_.updated_at as updated12_7_0_,
        user0_.username as usernam13_7_0_ 
    from
        users user0_ 
    where
        user0_.id=?
Hibernate: 
    select
        user0_.id as id1_7_0_,
        user0_.avatar as avatar2_7_0_,
        user0_.created_at as created_3_7_0_,
        user0_.credit_score as credit_s4_7_0_,
        user0_.email as email5_7_0_,
        user0_.id_card as id_card6_7_0_,
        user0_.nickname as nickname7_7_0_,
        user0_.password as password8_7_0_,
        user0_.phone_number as phone_nu9_7_0_,
        user0_.role as role10_7_0_,
        user0_.status as status11_7_0_,
        user0_.updated_at as updated12_7_0_,
        user0_.username as usernam13_7_0_ 
    from
        users user0_ 
    where
        user0_.id=?
2026-04-28 14:56:24.076 DEBUG 53092 --- [nio-8080-exec-9] org.hibernate.SQL                        : 
    select
        user0_.id as id1_7_,
        user0_.avatar as avatar2_7_,
        user0_.created_at as created_3_7_,
        user0_.credit_score as credit_s4_7_,
        user0_.email as email5_7_,
        user0_.id_card as id_card6_7_,
        user0_.nickname as nickname7_7_,
        user0_.password as password8_7_,
        user0_.phone_number as phone_nu9_7_,
        user0_.role as role10_7_,
        user0_.status as status11_7_,
        user0_.updated_at as updated12_7_,
        user0_.username as usernam13_7_ 
    from
        users user0_ 
    where
        user0_.username=?
Hibernate: 
    select
        user0_.id as id1_7_,
        user0_.avatar as avatar2_7_,
        user0_.created_at as created_3_7_,
        user0_.credit_score as credit_s4_7_,
        user0_.email as email5_7_,
        user0_.id_card as id_card6_7_,
        user0_.nickname as nickname7_7_,
        user0_.password as password8_7_,
        user0_.phone_number as phone_nu9_7_,
        user0_.role as role10_7_,
        user0_.status as status11_7_,
        user0_.updated_at as updated12_7_,
        user0_.username as usernam13_7_ 
    from
        users user0_ 
    where
        user0_.username=?
2026-04-28 14:56:26.597 DEBUG 53092 --- [nio-8080-exec-1] org.hibernate.SQL                        : 
    select
        user0_.id as id1_7_0_,
        user0_.avatar as avatar2_7_0_,
        user0_.created_at as created_3_7_0_,
        user0_.credit_score as credit_s4_7_0_,
        user0_.email as email5_7_0_,
        user0_.id_card as id_card6_7_0_,
        user0_.nickname as nickname7_7_0_,
        user0_.password as password8_7_0_,
        user0_.phone_number as phone_nu9_7_0_,
        user0_.role as role10_7_0_,
        user0_.status as status11_7_0_,
        user0_.updated_at as updated12_7_0_,
        user0_.username as usernam13_7_0_ 
    from
        users user0_ 
    where
        user0_.id=?
Hibernate: 
    select
        user0_.id as id1_7_0_,
        user0_.avatar as avatar2_7_0_,
        user0_.created_at as created_3_7_0_,
        user0_.credit_score as credit_s4_7_0_,
        user0_.email as email5_7_0_,
        user0_.id_card as id_card6_7_0_,
        user0_.nickname as nickname7_7_0_,
        user0_.password as password8_7_0_,
        user0_.phone_number as phone_nu9_7_0_,
        user0_.role as role10_7_0_,
        user0_.status as status11_7_0_,
        user0_.updated_at as updated12_7_0_,
        user0_.username as usernam13_7_0_ 
    from
        users user0_ 
    where
        user0_.id=?
2026-04-28 14:56:26.599 DEBUG 53092 --- [nio-8080-exec-1] org.hibernate.SQL                        : 
    select
        category0_.id as id1_0_,
        category0_.created_at as created_2_0_,
        category0_.icon as icon3_0_,
        category0_.name as name4_0_,
        category0_.sort_order as sort_ord5_0_ 
    from
        categories category0_ 
    order by
        category0_.sort_order asc
Hibernate: 
    select
        category0_.id as id1_0_,
        category0_.created_at as created_2_0_,
        category0_.icon as icon3_0_,
        category0_.name as name4_0_,
        category0_.sort_order as sort_ord5_0_ 
    from
        categories category0_ 
    order by
        category0_.sort_order asc
2026-04-28 14:56:31.551 DEBUG 53092 --- [nio-8080-exec-7] org.hibernate.SQL                        : 
    select
        user0_.id as id1_7_0_,
        user0_.avatar as avatar2_7_0_,
        user0_.created_at as created_3_7_0_,
        user0_.credit_score as credit_s4_7_0_,
        user0_.email as email5_7_0_,
        user0_.id_card as id_card6_7_0_,
        user0_.nickname as nickname7_7_0_,
        user0_.password as password8_7_0_,
        user0_.phone_number as phone_nu9_7_0_,
        user0_.role as role10_7_0_,
        user0_.status as status11_7_0_,
        user0_.updated_at as updated12_7_0_,
        user0_.username as usernam13_7_0_ 
    from
        users user0_ 
    where
        user0_.id=?
Hibernate: 
    select
        user0_.id as id1_7_0_,
        user0_.avatar as avatar2_7_0_,
        user0_.created_at as created_3_7_0_,
        user0_.credit_score as credit_s4_7_0_,
        user0_.email as email5_7_0_,
        user0_.id_card as id_card6_7_0_,
        user0_.nickname as nickname7_7_0_,
        user0_.password as password8_7_0_,
        user0_.phone_number as phone_nu9_7_0_,
        user0_.role as role10_7_0_,
        user0_.status as status11_7_0_,
        user0_.updated_at as updated12_7_0_,
        user0_.username as usernam13_7_0_ 
    from
        users user0_ 
    where
        user0_.id=?
2026-04-28 14:56:31.551 DEBUG 53092 --- [nio-8080-exec-3] org.hibernate.SQL                        : 
    select
        user0_.id as id1_7_0_,
        user0_.avatar as avatar2_7_0_,
        user0_.created_at as created_3_7_0_,
        user0_.credit_score as credit_s4_7_0_,
        user0_.email as email5_7_0_,
        user0_.id_card as id_card6_7_0_,
        user0_.nickname as nickname7_7_0_,
        user0_.password as password8_7_0_,
        user0_.phone_number as phone_nu9_7_0_,
        user0_.role as role10_7_0_,
        user0_.status as status11_7_0_,
        user0_.updated_at as updated12_7_0_,
        user0_.username as usernam13_7_0_ 
    from
        users user0_ 
    where
        user0_.id=?
Hibernate: 
    select
        user0_.id as id1_7_0_,
        user0_.avatar as avatar2_7_0_,
        user0_.created_at as created_3_7_0_,
        user0_.credit_score as credit_s4_7_0_,
        user0_.email as email5_7_0_,
        user0_.id_card as id_card6_7_0_,
        user0_.nickname as nickname7_7_0_,
        user0_.password as password8_7_0_,
        user0_.phone_number as phone_nu9_7_0_,
        user0_.role as role10_7_0_,
        user0_.status as status11_7_0_,
        user0_.updated_at as updated12_7_0_,
        user0_.username as usernam13_7_0_ 
    from
        users user0_ 
    where
        user0_.id=?
2026-04-28 14:56:34.282 DEBUG 53092 --- [   scheduling-1] org.hibernate.SQL                        : 
    select
        order0_.id as id1_3_,
        order0_.buyer_id as buyer_i15_3_,
        order0_.created_at as created_2_3_,
        order0_.order_no as order_no3_3_,
        order0_.payment_time as payment_4_3_,
        order0_.price as price5_3_,
        order0_.product_id as product16_3_,
        order0_.receive_time as receive_6_3_,
        order0_.seller_id as seller_17_3_,
        order0_.ship_time as ship_tim7_3_,
        order0_.shipping_address as shipping8_3_,
        order0_.shipping_name as shipping9_3_,
        order0_.shipping_phone as shippin10_3_,
        order0_.status as status11_3_,
        order0_.tracking_company as trackin12_3_,
        order0_.tracking_number as trackin13_3_,
        order0_.updated_at as updated14_3_ 
    from
        orders order0_ 
    where
        order0_.status='PENDING' 
        and order0_.created_at<?
Hibernate: 
    select
        order0_.id as id1_3_,
        order0_.buyer_id as buyer_i15_3_,
        order0_.created_at as created_2_3_,
        order0_.order_no as order_no3_3_,
        order0_.payment_time as payment_4_3_,
        order0_.price as price5_3_,
        order0_.product_id as product16_3_,
        order0_.receive_time as receive_6_3_,
        order0_.seller_id as seller_17_3_,
        order0_.ship_time as ship_tim7_3_,
        order0_.shipping_address as shipping8_3_,
        order0_.shipping_name as shipping9_3_,
        order0_.shipping_phone as shippin10_3_,
        order0_.status as status11_3_,
        order0_.tracking_company as trackin12_3_,
        order0_.tracking_number as trackin13_3_,
        order0_.updated_at as updated14_3_ 
    from
        orders order0_ 
    where
        order0_.status='PENDING' 
        and order0_.created_at<?
2026-04-28 14:56:39.153 DEBUG 53092 --- [nio-8080-exec-5] org.hibernate.SQL                        : 
    select
        user0_.id as id1_7_0_,
        user0_.avatar as avatar2_7_0_,
        user0_.created_at as created_3_7_0_,
        user0_.credit_score as credit_s4_7_0_,
        user0_.email as email5_7_0_,
        user0_.id_card as id_card6_7_0_,
        user0_.nickname as nickname7_7_0_,
        user0_.password as password8_7_0_,
        user0_.phone_number as phone_nu9_7_0_,
        user0_.role as role10_7_0_,
        user0_.status as status11_7_0_,
        user0_.updated_at as updated12_7_0_,
        user0_.username as usernam13_7_0_ 
    from
        users user0_ 
    where
        user0_.id=?
Hibernate: 
    select
        user0_.id as id1_7_0_,
        user0_.avatar as avatar2_7_0_,
        user0_.created_at as created_3_7_0_,
        user0_.credit_score as credit_s4_7_0_,
        user0_.email as email5_7_0_,
        user0_.id_card as id_card6_7_0_,
        user0_.nickname as nickname7_7_0_,
        user0_.password as password8_7_0_,
        user0_.phone_number as phone_nu9_7_0_,
        user0_.role as role10_7_0_,
        user0_.status as status11_7_0_,
        user0_.updated_at as updated12_7_0_,
        user0_.username as usernam13_7_0_ 
    from
        users user0_ 
    where
        user0_.id=?
2026-04-28 14:56:39.155 DEBUG 53092 --- [nio-8080-exec-5] org.hibernate.SQL                        : 
    select
        count(message0_.id) as col_0_0_ 
    from
        messages message0_ 
    where
        message0_.receiver_id=? 
        and message0_.is_read=0
Hibernate: 
    select
        count(message0_.id) as col_0_0_ 
    from
        messages message0_ 
    where
        message0_.receiver_id=? 
        and message0_.is_read=0
2026-04-28 14:56:47.522 DEBUG 53092 --- [nio-8080-exec-9] org.hibernate.SQL                        : 
    select
        user0_.id as id1_7_0_,
        user0_.avatar as avatar2_7_0_,
        user0_.created_at as created_3_7_0_,
        user0_.credit_score as credit_s4_7_0_,
        user0_.email as email5_7_0_,
        user0_.id_card as id_card6_7_0_,
        user0_.nickname as nickname7_7_0_,
        user0_.password as password8_7_0_,
        user0_.phone_number as phone_nu9_7_0_,
        user0_.role as role10_7_0_,
        user0_.status as status11_7_0_,
        user0_.updated_at as updated12_7_0_,
        user0_.username as usernam13_7_0_ 
    from
        users user0_ 
    where
        user0_.id=?
Hibernate: 
    select
        user0_.id as id1_7_0_,
        user0_.avatar as avatar2_7_0_,
        user0_.created_at as created_3_7_0_,
        user0_.credit_score as credit_s4_7_0_,
        user0_.email as email5_7_0_,
        user0_.id_card as id_card6_7_0_,
        user0_.nickname as nickname7_7_0_,
        user0_.password as password8_7_0_,
        user0_.phone_number as phone_nu9_7_0_,
        user0_.role as role10_7_0_,
        user0_.status as status11_7_0_,
        user0_.updated_at as updated12_7_0_,
        user0_.username as usernam13_7_0_ 
    from
        users user0_ 
    where
        user0_.id=?
2026-04-28 14:56:47.524 DEBUG 53092 --- [nio-8080-exec-9] org.hibernate.SQL                        : 
    select
        user0_.id as id1_7_0_,
        user0_.avatar as avatar2_7_0_,
        user0_.created_at as created_3_7_0_,
        user0_.credit_score as credit_s4_7_0_,
        user0_.email as email5_7_0_,
        user0_.id_card as id_card6_7_0_,
        user0_.nickname as nickname7_7_0_,
        user0_.password as password8_7_0_,
        user0_.phone_number as phone_nu9_7_0_,
        user0_.role as role10_7_0_,
        user0_.status as status11_7_0_,
        user0_.updated_at as updated12_7_0_,
        user0_.username as usernam13_7_0_ 
    from
        users user0_ 
    where
        user0_.id=?
Hibernate: 
    select
        user0_.id as id1_7_0_,
        user0_.avatar as avatar2_7_0_,
        user0_.created_at as created_3_7_0_,
        user0_.credit_score as credit_s4_7_0_,
        user0_.email as email5_7_0_,
        user0_.id_card as id_card6_7_0_,
        user0_.nickname as nickname7_7_0_,
        user0_.password as password8_7_0_,
        user0_.phone_number as phone_nu9_7_0_,
        user0_.role as role10_7_0_,
        user0_.status as status11_7_0_,
        user0_.updated_at as updated12_7_0_,
        user0_.username as usernam13_7_0_ 
    from
        users user0_ 
    where
        user0_.id=?
2026-04-28 14:56:47.525 DEBUG 53092 --- [nio-8080-exec-9] org.hibernate.SQL                        : 
    select
        category0_.id as id1_0_0_,
        category0_.created_at as created_2_0_0_,
        category0_.icon as icon3_0_0_,
        category0_.name as name4_0_0_,
        category0_.sort_order as sort_ord5_0_0_ 
    from
        categories category0_ 
    where
        category0_.id=?
Hibernate: 
    select
        category0_.id as id1_0_0_,
        category0_.created_at as created_2_0_0_,
        category0_.icon as icon3_0_0_,
        category0_.name as name4_0_0_,
        category0_.sort_order as sort_ord5_0_0_ 
    from
        categories category0_ 
    where
        category0_.id=?
2026-04-28 14:56:47.526 DEBUG 53092 --- [nio-8080-exec-9] org.hibernate.SQL                        : 
    insert 
    into
        products
        (category_id, condition_level, created_at, description, image_url, location, name, original_price, price, reject_reason, seller_id, status, updated_at, view_count) 
    values
        (?, ?, ?, ?, ?, ?, ?, ?, ?, ?, ?, ?, ?, ?)
Hibernate: 
    insert 
    into
        products
        (category_id, condition_level, created_at, description, image_url, location, name, original_price, price, reject_reason, seller_id, status, updated_at, view_count) 
    values
        (?, ?, ?, ?, ?, ?, ?, ?, ?, ?, ?, ?, ?, ?)
2026-04-28 14:56:47.527 DEBUG 53092 --- [nio-8080-exec-9] org.hibernate.SQL                        : 
    insert 
    into
        product_images
        (created_at, image_url, product_id, sort_order) 
    values
        (?, ?, ?, ?)
Hibernate: 
    insert 
    into
        product_images
        (created_at, image_url, product_id, sort_order) 
    values
        (?, ?, ?, ?)
2026-04-28 14:56:47.527 DEBUG 53092 --- [nio-8080-exec-9] org.hibernate.SQL                        : 
    insert 
    into
        product_images
        (created_at, image_url, product_id, sort_order) 
    values
        (?, ?, ?, ?)
Hibernate: 
    insert 
    into
        product_images
        (created_at, image_url, product_id, sort_order) 
    values
        (?, ?, ?, ?)
2026-04-28 14:56:47.528 DEBUG 53092 --- [nio-8080-exec-9] org.hibernate.SQL                        : 
    select
        productima0_.id as id1_4_,
        productima0_.created_at as created_2_4_,
        productima0_.image_url as image_ur3_4_,
        productima0_.product_id as product_5_4_,
        productima0_.sort_order as sort_ord4_4_ 
    from
        product_images productima0_ 
    left outer join
        products product1_ 
            on productima0_.product_id=product1_.id 
    where
        product1_.id=? 
    order by
        productima0_.sort_order asc
Hibernate: 
    select
        productima0_.id as id1_4_,
        productima0_.created_at as created_2_4_,
        productima0_.image_url as image_ur3_4_,
        productima0_.product_id as product_5_4_,
        productima0_.sort_order as sort_ord4_4_ 
    from
        product_images productima0_ 
    left outer join
        products product1_ 
            on productima0_.product_id=product1_.id 
    where
        product1_.id=? 
    order by
        productima0_.sort_order asc
2026-04-28 14:56:47.529 DEBUG 53092 --- [nio-8080-exec-9] org.hibernate.SQL                        : 
    select
        avg(review0_.rating) as col_0_0_ 
    from
        reviews review0_ 
    where
        review0_.product_id=? 
        and review0_.audit_status=1
Hibernate: 
    select
        avg(review0_.rating) as col_0_0_ 
    from
        reviews review0_ 
    where
        review0_.product_id=? 
        and review0_.audit_status=1
2026-04-28 14:56:47.530 DEBUG 53092 --- [nio-8080-exec-9] org.hibernate.SQL                        : 
    select
        count(review0_.id) as col_0_0_ 
    from
        reviews review0_ 
    where
        review0_.product_id=? 
        and review0_.audit_status=1
Hibernate: 
    select
        count(review0_.id) as col_0_0_ 
    from
        reviews review0_ 
    where
        review0_.product_id=? 
        and review0_.audit_status=1
2026-04-28 14:56:49.294 DEBUG 53092 --- [nio-8080-exec-1] org.hibernate.SQL                        : 
    select
        user0_.id as id1_7_0_,
        user0_.avatar as avatar2_7_0_,
        user0_.created_at as created_3_7_0_,
        user0_.credit_score as credit_s4_7_0_,
        user0_.email as email5_7_0_,
        user0_.id_card as id_card6_7_0_,
        user0_.nickname as nickname7_7_0_,
        user0_.password as password8_7_0_,
        user0_.phone_number as phone_nu9_7_0_,
        user0_.role as role10_7_0_,
        user0_.status as status11_7_0_,
        user0_.updated_at as updated12_7_0_,
        user0_.username as usernam13_7_0_ 
    from
        users user0_ 
    where
        user0_.id=?
Hibernate: 
    select
        user0_.id as id1_7_0_,
        user0_.avatar as avatar2_7_0_,
        user0_.created_at as created_3_7_0_,
        user0_.credit_score as credit_s4_7_0_,
        user0_.email as email5_7_0_,
        user0_.id_card as id_card6_7_0_,
        user0_.nickname as nickname7_7_0_,
        user0_.password as password8_7_0_,
        user0_.phone_number as phone_nu9_7_0_,
        user0_.role as role10_7_0_,
        user0_.status as status11_7_0_,
        user0_.updated_at as updated12_7_0_,
        user0_.username as usernam13_7_0_ 
    from
        users user0_ 
    where
        user0_.id=?
2026-04-28 14:56:49.297 DEBUG 53092 --- [nio-8080-exec-1] org.hibernate.SQL                        : 
    select
        user0_.id as id1_7_0_,
        user0_.avatar as avatar2_7_0_,
        user0_.created_at as created_3_7_0_,
        user0_.credit_score as credit_s4_7_0_,
        user0_.email as email5_7_0_,
        user0_.id_card as id_card6_7_0_,
        user0_.nickname as nickname7_7_0_,
        user0_.password as password8_7_0_,
        user0_.phone_number as phone_nu9_7_0_,
        user0_.role as role10_7_0_,
        user0_.status as status11_7_0_,
        user0_.updated_at as updated12_7_0_,
        user0_.username as usernam13_7_0_ 
    from
        users user0_ 
    where
        user0_.id=?
Hibernate: 
    select
        user0_.id as id1_7_0_,
        user0_.avatar as avatar2_7_0_,
        user0_.created_at as created_3_7_0_,
        user0_.credit_score as credit_s4_7_0_,
        user0_.email as email5_7_0_,
        user0_.id_card as id_card6_7_0_,
        user0_.nickname as nickname7_7_0_,
        user0_.password as password8_7_0_,
        user0_.phone_number as phone_nu9_7_0_,
        user0_.role as role10_7_0_,
        user0_.status as status11_7_0_,
        user0_.updated_at as updated12_7_0_,
        user0_.username as usernam13_7_0_ 
    from
        users user0_ 
    where
        user0_.id=?
2026-04-28 14:56:58.482 DEBUG 53092 --- [nio-8080-exec-4] org.hibernate.SQL                        : 
    select
        user0_.id as id1_7_,
        user0_.avatar as avatar2_7_,
        user0_.created_at as created_3_7_,
        user0_.credit_score as credit_s4_7_,
        user0_.email as email5_7_,
        user0_.id_card as id_card6_7_,
        user0_.nickname as nickname7_7_,
        user0_.password as password8_7_,
        user0_.phone_number as phone_nu9_7_,
        user0_.role as role10_7_,
        user0_.status as status11_7_,
        user0_.updated_at as updated12_7_,
        user0_.username as usernam13_7_ 
    from
        users user0_ 
    where
        user0_.username=?
Hibernate: 
    select
        user0_.id as id1_7_,
        user0_.avatar as avatar2_7_,
        user0_.created_at as created_3_7_,
        user0_.credit_score as credit_s4_7_,
        user0_.email as email5_7_,
        user0_.id_card as id_card6_7_,
        user0_.nickname as nickname7_7_,
        user0_.password as password8_7_,
        user0_.phone_number as phone_nu9_7_,
        user0_.role as role10_7_,
        user0_.status as status11_7_,
        user0_.updated_at as updated12_7_,
        user0_.username as usernam13_7_ 
    from
        users user0_ 
    where
        user0_.username=?
2026-04-28 14:57:01.197 DEBUG 53092 --- [nio-8080-exec-7] org.hibernate.SQL                        : 
    select
        user0_.id as id1_7_0_,
        user0_.avatar as avatar2_7_0_,
        user0_.created_at as created_3_7_0_,
        user0_.credit_score as credit_s4_7_0_,
        user0_.email as email5_7_0_,
        user0_.id_card as id_card6_7_0_,
        user0_.nickname as nickname7_7_0_,
        user0_.password as password8_7_0_,
        user0_.phone_number as phone_nu9_7_0_,
        user0_.role as role10_7_0_,
        user0_.status as status11_7_0_,
        user0_.updated_at as updated12_7_0_,
        user0_.username as usernam13_7_0_ 
    from
        users user0_ 
    where
        user0_.id=?
Hibernate: 
    select
        user0_.id as id1_7_0_,
        user0_.avatar as avatar2_7_0_,
        user0_.created_at as created_3_7_0_,
        user0_.credit_score as credit_s4_7_0_,
        user0_.email as email5_7_0_,
        user0_.id_card as id_card6_7_0_,
        user0_.nickname as nickname7_7_0_,
        user0_.password as password8_7_0_,
        user0_.phone_number as phone_nu9_7_0_,
        user0_.role as role10_7_0_,
        user0_.status as status11_7_0_,
        user0_.updated_at as updated12_7_0_,
        user0_.username as usernam13_7_0_ 
    from
        users user0_ 
    where
        user0_.id=?
2026-04-28 14:57:01.200 DEBUG 53092 --- [nio-8080-exec-7] org.hibernate.SQL                        : 
    select
        user0_.id as id1_7_0_,
        user0_.avatar as avatar2_7_0_,
        user0_.created_at as created_3_7_0_,
        user0_.credit_score as credit_s4_7_0_,
        user0_.email as email5_7_0_,
        user0_.id_card as id_card6_7_0_,
        user0_.nickname as nickname7_7_0_,
        user0_.password as password8_7_0_,
        user0_.phone_number as phone_nu9_7_0_,
        user0_.role as role10_7_0_,
        user0_.status as status11_7_0_,
        user0_.updated_at as updated12_7_0_,
        user0_.username as usernam13_7_0_ 
    from
        users user0_ 
    where
        user0_.id=?
Hibernate: 
    select
        user0_.id as id1_7_0_,
        user0_.avatar as avatar2_7_0_,
        user0_.created_at as created_3_7_0_,
        user0_.credit_score as credit_s4_7_0_,
        user0_.email as email5_7_0_,
        user0_.id_card as id_card6_7_0_,
        user0_.nickname as nickname7_7_0_,
        user0_.password as password8_7_0_,
        user0_.phone_number as phone_nu9_7_0_,
        user0_.role as role10_7_0_,
        user0_.status as status11_7_0_,
        user0_.updated_at as updated12_7_0_,
        user0_.username as usernam13_7_0_ 
    from
        users user0_ 
    where
        user0_.id=?
2026-04-28 14:57:02.362 DEBUG 53092 --- [nio-8080-exec-9] org.hibernate.SQL                        : 
    select
        user0_.id as id1_7_0_,
        user0_.avatar as avatar2_7_0_,
        user0_.created_at as created_3_7_0_,
        user0_.credit_score as credit_s4_7_0_,
        user0_.email as email5_7_0_,
        user0_.id_card as id_card6_7_0_,
        user0_.nickname as nickname7_7_0_,
        user0_.password as password8_7_0_,
        user0_.phone_number as phone_nu9_7_0_,
        user0_.role as role10_7_0_,
        user0_.status as status11_7_0_,
        user0_.updated_at as updated12_7_0_,
        user0_.username as usernam13_7_0_ 
    from
        users user0_ 
    where
        user0_.id=?
Hibernate: 
    select
        user0_.id as id1_7_0_,
        user0_.avatar as avatar2_7_0_,
        user0_.created_at as created_3_7_0_,
        user0_.credit_score as credit_s4_7_0_,
        user0_.email as email5_7_0_,
        user0_.id_card as id_card6_7_0_,
        user0_.nickname as nickname7_7_0_,
        user0_.password as password8_7_0_,
        user0_.phone_number as phone_nu9_7_0_,
        user0_.role as role10_7_0_,
        user0_.status as status11_7_0_,
        user0_.updated_at as updated12_7_0_,
        user0_.username as usernam13_7_0_ 
    from
        users user0_ 
    where
        user0_.id=?
2026-04-28 14:57:02.362 DEBUG 53092 --- [nio-8080-exec-8] org.hibernate.SQL                        : 
    select
        user0_.id as id1_7_0_,
        user0_.avatar as avatar2_7_0_,
        user0_.created_at as created_3_7_0_,
        user0_.credit_score as credit_s4_7_0_,
        user0_.email as email5_7_0_,
        user0_.id_card as id_card6_7_0_,
        user0_.nickname as nickname7_7_0_,
        user0_.password as password8_7_0_,
        user0_.phone_number as phone_nu9_7_0_,
        user0_.role as role10_7_0_,
        user0_.status as status11_7_0_,
        user0_.updated_at as updated12_7_0_,
        user0_.username as usernam13_7_0_ 
    from
        users user0_ 
    where
        user0_.id=?
Hibernate: 
    select
        user0_.id as id1_7_0_,
        user0_.avatar as avatar2_7_0_,
        user0_.created_at as created_3_7_0_,
        user0_.credit_score as credit_s4_7_0_,
        user0_.email as email5_7_0_,
        user0_.id_card as id_card6_7_0_,
        user0_.nickname as nickname7_7_0_,
        user0_.password as password8_7_0_,
        user0_.phone_number as phone_nu9_7_0_,
        user0_.role as role10_7_0_,
        user0_.status as status11_7_0_,
        user0_.updated_at as updated12_7_0_,
        user0_.username as usernam13_7_0_ 
    from
        users user0_ 
    where
        user0_.id=?
2026-04-28 14:57:02.362 DEBUG 53092 --- [nio-8080-exec-1] org.hibernate.SQL                        : 
    select
        user0_.id as id1_7_0_,
        user0_.avatar as avatar2_7_0_,
        user0_.created_at as created_3_7_0_,
        user0_.credit_score as credit_s4_7_0_,
        user0_.email as email5_7_0_,
        user0_.id_card as id_card6_7_0_,
        user0_.nickname as nickname7_7_0_,
        user0_.password as password8_7_0_,
        user0_.phone_number as phone_nu9_7_0_,
        user0_.role as role10_7_0_,
        user0_.status as status11_7_0_,
        user0_.updated_at as updated12_7_0_,
        user0_.username as usernam13_7_0_ 
    from
        users user0_ 
    where
        user0_.id=?
Hibernate: 
    select
        user0_.id as id1_7_0_,
        user0_.avatar as avatar2_7_0_,
        user0_.created_at as created_3_7_0_,
        user0_.credit_score as credit_s4_7_0_,
        user0_.email as email5_7_0_,
        user0_.id_card as id_card6_7_0_,
        user0_.nickname as nickname7_7_0_,
        user0_.password as password8_7_0_,
        user0_.phone_number as phone_nu9_7_0_,
        user0_.role as role10_7_0_,
        user0_.status as status11_7_0_,
        user0_.updated_at as updated12_7_0_,
        user0_.username as usernam13_7_0_ 
    from
        users user0_ 
    where
        user0_.id=?
2026-04-28 14:57:02.364 DEBUG 53092 --- [nio-8080-exec-1] org.hibernate.SQL                        : 
    select
        review0_.id as id1_6_,
        review0_.audit_remark as audit_re2_6_,
        review0_.audit_status as audit_st3_6_,
        review0_.comment as comment4_6_,
        review0_.created_at as created_5_6_,
        review0_.desc_score as desc_sco6_6_,
        review0_.images as images7_6_,
        review0_.order_id as order_i11_6_,
        review0_.product_id as product12_6_,
        review0_.rating as rating8_6_,
        review0_.service_score as service_9_6_,
        review0_.ship_score as ship_sc10_6_,
        review0_.user_id as user_id13_6_ 
    from
        reviews review0_ 
    where
        review0_.audit_status=? 
    order by
        review0_.created_at asc limit ?
Hibernate: 
    select
        review0_.id as id1_6_,
        review0_.audit_remark as audit_re2_6_,
        review0_.audit_status as audit_st3_6_,
        review0_.comment as comment4_6_,
        review0_.created_at as created_5_6_,
        review0_.desc_score as desc_sco6_6_,
        review0_.images as images7_6_,
        review0_.order_id as order_i11_6_,
        review0_.product_id as product12_6_,
        review0_.rating as rating8_6_,
        review0_.service_score as service_9_6_,
        review0_.ship_score as ship_sc10_6_,
        review0_.user_id as user_id13_6_ 
    from
        reviews review0_ 
    where
        review0_.audit_status=? 
    order by
        review0_.created_at asc limit ?
2026-04-28 14:57:02.364 DEBUG 53092 --- [nio-8080-exec-8] org.hibernate.SQL                        : 
    select
        product0_.id as id1_5_,
        product0_.category_id as categor14_5_,
        product0_.condition_level as conditio2_5_,
        product0_.created_at as created_3_5_,
        product0_.description as descript4_5_,
        product0_.image_url as image_ur5_5_,
        product0_.location as location6_5_,
        product0_.name as name7_5_,
        product0_.original_price as original8_5_,
        product0_.price as price9_5_,
        product0_.reject_reason as reject_10_5_,
        product0_.seller_id as seller_15_5_,
        product0_.status as status11_5_,
        product0_.updated_at as updated12_5_,
        product0_.view_count as view_co13_5_ 
    from
        products product0_ 
    where
        product0_.status=? 
    order by
        product0_.created_at asc limit ?
Hibernate: 
    select
        product0_.id as id1_5_,
        product0_.category_id as categor14_5_,
        product0_.condition_level as conditio2_5_,
        product0_.created_at as created_3_5_,
        product0_.description as descript4_5_,
        product0_.image_url as image_ur5_5_,
        product0_.location as location6_5_,
        product0_.name as name7_5_,
        product0_.original_price as original8_5_,
        product0_.price as price9_5_,
        product0_.reject_reason as reject_10_5_,
        product0_.seller_id as seller_15_5_,
        product0_.status as status11_5_,
        product0_.updated_at as updated12_5_,
        product0_.view_count as view_co13_5_ 
    from
        products product0_ 
    where
        product0_.status=? 
    order by
        product0_.created_at asc limit ?
2026-04-28 14:57:02.364 DEBUG 53092 --- [nio-8080-exec-9] org.hibernate.SQL                        : 
    select
        user0_.id as id1_7_,
        user0_.avatar as avatar2_7_,
        user0_.created_at as created_3_7_,
        user0_.credit_score as credit_s4_7_,
        user0_.email as email5_7_,
        user0_.id_card as id_card6_7_,
        user0_.nickname as nickname7_7_,
        user0_.password as password8_7_,
        user0_.phone_number as phone_nu9_7_,
        user0_.role as role10_7_,
        user0_.status as status11_7_,
        user0_.updated_at as updated12_7_,
        user0_.username as usernam13_7_ 
    from
        users user0_ 
    where
        user0_.status=? 
    order by
        user0_.created_at asc limit ?
Hibernate: 
    select
        user0_.id as id1_7_,
        user0_.avatar as avatar2_7_,
        user0_.created_at as created_3_7_,
        user0_.credit_score as credit_s4_7_,
        user0_.email as email5_7_,
        user0_.id_card as id_card6_7_,
        user0_.nickname as nickname7_7_,
        user0_.password as password8_7_,
        user0_.phone_number as phone_nu9_7_,
        user0_.role as role10_7_,
        user0_.status as status11_7_,
        user0_.updated_at as updated12_7_,
        user0_.username as usernam13_7_ 
    from
        users user0_ 
    where
        user0_.status=? 
    order by
        user0_.created_at asc limit ?
2026-04-28 14:57:02.365 DEBUG 53092 --- [nio-8080-exec-8] org.hibernate.SQL                        : 
    select
        user0_.id as id1_7_0_,
        user0_.avatar as avatar2_7_0_,
        user0_.created_at as created_3_7_0_,
        user0_.credit_score as credit_s4_7_0_,
        user0_.email as email5_7_0_,
        user0_.id_card as id_card6_7_0_,
        user0_.nickname as nickname7_7_0_,
        user0_.password as password8_7_0_,
        user0_.phone_number as phone_nu9_7_0_,
        user0_.role as role10_7_0_,
        user0_.status as status11_7_0_,
        user0_.updated_at as updated12_7_0_,
        user0_.username as usernam13_7_0_ 
    from
        users user0_ 
    where
        user0_.id=?
Hibernate: 
    select
        user0_.id as id1_7_0_,
        user0_.avatar as avatar2_7_0_,
        user0_.created_at as created_3_7_0_,
        user0_.credit_score as credit_s4_7_0_,
        user0_.email as email5_7_0_,
        user0_.id_card as id_card6_7_0_,
        user0_.nickname as nickname7_7_0_,
        user0_.password as password8_7_0_,
        user0_.phone_number as phone_nu9_7_0_,
        user0_.role as role10_7_0_,
        user0_.status as status11_7_0_,
        user0_.updated_at as updated12_7_0_,
        user0_.username as usernam13_7_0_ 
    from
        users user0_ 
    where
        user0_.id=?
2026-04-28 14:57:06.589 DEBUG 53092 --- [nio-8080-exec-4] org.hibernate.SQL                        : 
    select
        user0_.id as id1_7_0_,
        user0_.avatar as avatar2_7_0_,
        user0_.created_at as created_3_7_0_,
        user0_.credit_score as credit_s4_7_0_,
        user0_.email as email5_7_0_,
        user0_.id_card as id_card6_7_0_,
        user0_.nickname as nickname7_7_0_,
        user0_.password as password8_7_0_,
        user0_.phone_number as phone_nu9_7_0_,
        user0_.role as role10_7_0_,
        user0_.status as status11_7_0_,
        user0_.updated_at as updated12_7_0_,
        user0_.username as usernam13_7_0_ 
    from
        users user0_ 
    where
        user0_.id=?
Hibernate: 
    select
        user0_.id as id1_7_0_,
        user0_.avatar as avatar2_7_0_,
        user0_.created_at as created_3_7_0_,
        user0_.credit_score as credit_s4_7_0_,
        user0_.email as email5_7_0_,
        user0_.id_card as id_card6_7_0_,
        user0_.nickname as nickname7_7_0_,
        user0_.password as password8_7_0_,
        user0_.phone_number as phone_nu9_7_0_,
        user0_.role as role10_7_0_,
        user0_.status as status11_7_0_,
        user0_.updated_at as updated12_7_0_,
        user0_.username as usernam13_7_0_ 
    from
        users user0_ 
    where
        user0_.id=?
2026-04-28 14:57:06.591 DEBUG 53092 --- [nio-8080-exec-4] org.hibernate.SQL                        : 
    select
        review0_.id as id1_6_,
        review0_.audit_remark as audit_re2_6_,
        review0_.audit_status as audit_st3_6_,
        review0_.comment as comment4_6_,
        review0_.created_at as created_5_6_,
        review0_.desc_score as desc_sco6_6_,
        review0_.images as images7_6_,
        review0_.order_id as order_i11_6_,
        review0_.product_id as product12_6_,
        review0_.rating as rating8_6_,
        review0_.service_score as service_9_6_,
        review0_.ship_score as ship_sc10_6_,
        review0_.user_id as user_id13_6_ 
    from
        reviews review0_ 
    where
        review0_.audit_status=? 
    order by
        review0_.created_at asc limit ?
Hibernate: 
    select
        review0_.id as id1_6_,
        review0_.audit_remark as audit_re2_6_,
        review0_.audit_status as audit_st3_6_,
        review0_.comment as comment4_6_,
        review0_.created_at as created_5_6_,
        review0_.desc_score as desc_sco6_6_,
        review0_.images as images7_6_,
        review0_.order_id as order_i11_6_,
        review0_.product_id as product12_6_,
        review0_.rating as rating8_6_,
        review0_.service_score as service_9_6_,
        review0_.ship_score as ship_sc10_6_,
        review0_.user_id as user_id13_6_ 
    from
        reviews review0_ 
    where
        review0_.audit_status=? 
    order by
        review0_.created_at asc limit ?
2026-04-28 14:57:34.287 DEBUG 53092 --- [   scheduling-1] org.hibernate.SQL                        : 
    select
        order0_.id as id1_3_,
        order0_.buyer_id as buyer_i15_3_,
        order0_.created_at as created_2_3_,
        order0_.order_no as order_no3_3_,
        order0_.payment_time as payment_4_3_,
        order0_.price as price5_3_,
        order0_.product_id as product16_3_,
        order0_.receive_time as receive_6_3_,
        order0_.seller_id as seller_17_3_,
        order0_.ship_time as ship_tim7_3_,
        order0_.shipping_address as shipping8_3_,
        order0_.shipping_name as shipping9_3_,
        order0_.shipping_phone as shippin10_3_,
        order0_.status as status11_3_,
        order0_.tracking_company as trackin12_3_,
        order0_.tracking_number as trackin13_3_,
        order0_.updated_at as updated14_3_ 
    from
        orders order0_ 
    where
        order0_.status='PENDING' 
        and order0_.created_at<?
Hibernate: 
    select
        order0_.id as id1_3_,
        order0_.buyer_id as buyer_i15_3_,
        order0_.created_at as created_2_3_,
        order0_.order_no as order_no3_3_,
        order0_.payment_time as payment_4_3_,
        order0_.price as price5_3_,
        order0_.product_id as product16_3_,
        order0_.receive_time as receive_6_3_,
        order0_.seller_id as seller_17_3_,
        order0_.ship_time as ship_tim7_3_,
        order0_.shipping_address as shipping8_3_,
        order0_.shipping_name as shipping9_3_,
        order0_.shipping_phone as shippin10_3_,
        order0_.status as status11_3_,
        order0_.tracking_company as trackin12_3_,
        order0_.tracking_number as trackin13_3_,
        order0_.updated_at as updated14_3_ 
    from
        orders order0_ 
    where
        order0_.status='PENDING' 
        and order0_.created_at<?
2026-04-28 14:58:28.229 DEBUG 53092 --- [nio-8080-exec-6] org.hibernate.SQL                        : 
    select
        user0_.id as id1_7_0_,
        user0_.avatar as avatar2_7_0_,
        user0_.created_at as created_3_7_0_,
        user0_.credit_score as credit_s4_7_0_,
        user0_.email as email5_7_0_,
        user0_.id_card as id_card6_7_0_,
        user0_.nickname as nickname7_7_0_,
        user0_.password as password8_7_0_,
        user0_.phone_number as phone_nu9_7_0_,
        user0_.role as role10_7_0_,
        user0_.status as status11_7_0_,
        user0_.updated_at as updated12_7_0_,
        user0_.username as usernam13_7_0_ 
    from
        users user0_ 
    where
        user0_.id=?
Hibernate: 
    select
        user0_.id as id1_7_0_,
        user0_.avatar as avatar2_7_0_,
        user0_.created_at as created_3_7_0_,
        user0_.credit_score as credit_s4_7_0_,
        user0_.email as email5_7_0_,
        user0_.id_card as id_card6_7_0_,
        user0_.nickname as nickname7_7_0_,
        user0_.password as password8_7_0_,
        user0_.phone_number as phone_nu9_7_0_,
        user0_.role as role10_7_0_,
        user0_.status as status11_7_0_,
        user0_.updated_at as updated12_7_0_,
        user0_.username as usernam13_7_0_ 
    from
        users user0_ 
    where
        user0_.id=?
2026-04-28 14:58:28.229 DEBUG 53092 --- [nio-8080-exec-4] org.hibernate.SQL                        : 
    select
        user0_.id as id1_7_0_,
        user0_.avatar as avatar2_7_0_,
        user0_.created_at as created_3_7_0_,
        user0_.credit_score as credit_s4_7_0_,
        user0_.email as email5_7_0_,
        user0_.id_card as id_card6_7_0_,
        user0_.nickname as nickname7_7_0_,
        user0_.password as password8_7_0_,
        user0_.phone_number as phone_nu9_7_0_,
        user0_.role as role10_7_0_,
        user0_.status as status11_7_0_,
        user0_.updated_at as updated12_7_0_,
        user0_.username as usernam13_7_0_ 
    from
        users user0_ 
    where
        user0_.id=?
Hibernate: 
    select
        user0_.id as id1_7_0_,
        user0_.avatar as avatar2_7_0_,
        user0_.created_at as created_3_7_0_,
        user0_.credit_score as credit_s4_7_0_,
        user0_.email as email5_7_0_,
        user0_.id_card as id_card6_7_0_,
        user0_.nickname as nickname7_7_0_,
        user0_.password as password8_7_0_,
        user0_.phone_number as phone_nu9_7_0_,
        user0_.role as role10_7_0_,
        user0_.status as status11_7_0_,
        user0_.updated_at as updated12_7_0_,
        user0_.username as usernam13_7_0_ 
    from
        users user0_ 
    where
        user0_.id=?
2026-04-28 14:58:28.229 DEBUG 53092 --- [nio-8080-exec-8] org.hibernate.SQL                        : 
    select
        user0_.id as id1_7_0_,
        user0_.avatar as avatar2_7_0_,
        user0_.created_at as created_3_7_0_,
        user0_.credit_score as credit_s4_7_0_,
        user0_.email as email5_7_0_,
        user0_.id_card as id_card6_7_0_,
        user0_.nickname as nickname7_7_0_,
        user0_.password as password8_7_0_,
        user0_.phone_number as phone_nu9_7_0_,
        user0_.role as role10_7_0_,
        user0_.status as status11_7_0_,
        user0_.updated_at as updated12_7_0_,
        user0_.username as usernam13_7_0_ 
    from
        users user0_ 
    where
        user0_.id=?
Hibernate: 
    select
        user0_.id as id1_7_0_,
        user0_.avatar as avatar2_7_0_,
        user0_.created_at as created_3_7_0_,
        user0_.credit_score as credit_s4_7_0_,
        user0_.email as email5_7_0_,
        user0_.id_card as id_card6_7_0_,
        user0_.nickname as nickname7_7_0_,
        user0_.password as password8_7_0_,
        user0_.phone_number as phone_nu9_7_0_,
        user0_.role as role10_7_0_,
        user0_.status as status11_7_0_,
        user0_.updated_at as updated12_7_0_,
        user0_.username as usernam13_7_0_ 
    from
        users user0_ 
    where
        user0_.id=?
2026-04-28 14:58:28.231 DEBUG 53092 --- [nio-8080-exec-6] org.hibernate.SQL                        : 
    select
        review0_.id as id1_6_,
        review0_.audit_remark as audit_re2_6_,
        review0_.audit_status as audit_st3_6_,
        review0_.comment as comment4_6_,
        review0_.created_at as created_5_6_,
        review0_.desc_score as desc_sco6_6_,
        review0_.images as images7_6_,
        review0_.order_id as order_i11_6_,
        review0_.product_id as product12_6_,
        review0_.rating as rating8_6_,
        review0_.service_score as service_9_6_,
        review0_.ship_score as ship_sc10_6_,
        review0_.user_id as user_id13_6_ 
    from
        reviews review0_ 
    where
        review0_.audit_status=? 
    order by
        review0_.created_at asc limit ?
Hibernate: 
    select
        review0_.id as id1_6_,
        review0_.audit_remark as audit_re2_6_,
        review0_.audit_status as audit_st3_6_,
        review0_.comment as comment4_6_,
        review0_.created_at as created_5_6_,
        review0_.desc_score as desc_sco6_6_,
        review0_.images as images7_6_,
        review0_.order_id as order_i11_6_,
        review0_.product_id as product12_6_,
        review0_.rating as rating8_6_,
        review0_.service_score as service_9_6_,
        review0_.ship_score as ship_sc10_6_,
        review0_.user_id as user_id13_6_ 
    from
        reviews review0_ 
    where
        review0_.audit_status=? 
    order by
        review0_.created_at asc limit ?
2026-04-28 14:58:28.231 DEBUG 53092 --- [nio-8080-exec-4] org.hibernate.SQL                        : 
    select
        product0_.id as id1_5_,
        product0_.category_id as categor14_5_,
        product0_.condition_level as conditio2_5_,
        product0_.created_at as created_3_5_,
        product0_.description as descript4_5_,
        product0_.image_url as image_ur5_5_,
        product0_.location as location6_5_,
        product0_.name as name7_5_,
        product0_.original_price as original8_5_,
        product0_.price as price9_5_,
        product0_.reject_reason as reject_10_5_,
        product0_.seller_id as seller_15_5_,
        product0_.status as status11_5_,
        product0_.updated_at as updated12_5_,
        product0_.view_count as view_co13_5_ 
    from
        products product0_ 
    where
        product0_.status=? 
    order by
        product0_.created_at asc limit ?
Hibernate: 
    select
        product0_.id as id1_5_,
        product0_.category_id as categor14_5_,
        product0_.condition_level as conditio2_5_,
        product0_.created_at as created_3_5_,
        product0_.description as descript4_5_,
        product0_.image_url as image_ur5_5_,
        product0_.location as location6_5_,
        product0_.name as name7_5_,
        product0_.original_price as original8_5_,
        product0_.price as price9_5_,
        product0_.reject_reason as reject_10_5_,
        product0_.seller_id as seller_15_5_,
        product0_.status as status11_5_,
        product0_.updated_at as updated12_5_,
        product0_.view_count as view_co13_5_ 
    from
        products product0_ 
    where
        product0_.status=? 
    order by
        product0_.created_at asc limit ?
2026-04-28 14:58:28.231 DEBUG 53092 --- [nio-8080-exec-8] org.hibernate.SQL                        : 
    select
        user0_.id as id1_7_,
        user0_.avatar as avatar2_7_,
        user0_.created_at as created_3_7_,
        user0_.credit_score as credit_s4_7_,
        user0_.email as email5_7_,
        user0_.id_card as id_card6_7_,
        user0_.nickname as nickname7_7_,
        user0_.password as password8_7_,
        user0_.phone_number as phone_nu9_7_,
        user0_.role as role10_7_,
        user0_.status as status11_7_,
        user0_.updated_at as updated12_7_,
        user0_.username as usernam13_7_ 
    from
        users user0_ 
    where
        user0_.status=? 
    order by
        user0_.created_at asc limit ?
Hibernate: 
    select
        user0_.id as id1_7_,
        user0_.avatar as avatar2_7_,
        user0_.created_at as created_3_7_,
        user0_.credit_score as credit_s4_7_,
        user0_.email as email5_7_,
        user0_.id_card as id_card6_7_,
        user0_.nickname as nickname7_7_,
        user0_.password as password8_7_,
        user0_.phone_number as phone_nu9_7_,
        user0_.role as role10_7_,
        user0_.status as status11_7_,
        user0_.updated_at as updated12_7_,
        user0_.username as usernam13_7_ 
    from
        users user0_ 
    where
        user0_.status=? 
    order by
        user0_.created_at asc limit ?
2026-04-28 14:58:28.232 DEBUG 53092 --- [nio-8080-exec-4] org.hibernate.SQL                        : 
    select
        user0_.id as id1_7_0_,
        user0_.avatar as avatar2_7_0_,
        user0_.created_at as created_3_7_0_,
        user0_.credit_score as credit_s4_7_0_,
        user0_.email as email5_7_0_,
        user0_.id_card as id_card6_7_0_,
        user0_.nickname as nickname7_7_0_,
        user0_.password as password8_7_0_,
        user0_.phone_number as phone_nu9_7_0_,
        user0_.role as role10_7_0_,
        user0_.status as status11_7_0_,
        user0_.updated_at as updated12_7_0_,
        user0_.username as usernam13_7_0_ 
    from
        users user0_ 
    where
        user0_.id=?
Hibernate: 
    select
        user0_.id as id1_7_0_,
        user0_.avatar as avatar2_7_0_,
        user0_.created_at as created_3_7_0_,
        user0_.credit_score as credit_s4_7_0_,
        user0_.email as email5_7_0_,
        user0_.id_card as id_card6_7_0_,
        user0_.nickname as nickname7_7_0_,
        user0_.password as password8_7_0_,
        user0_.phone_number as phone_nu9_7_0_,
        user0_.role as role10_7_0_,
        user0_.status as status11_7_0_,
        user0_.updated_at as updated12_7_0_,
        user0_.username as usernam13_7_0_ 
    from
        users user0_ 
    where
        user0_.id=?
2026-04-28 14:58:34.298 DEBUG 53092 --- [   scheduling-1] org.hibernate.SQL                        : 
    select
        order0_.id as id1_3_,
        order0_.buyer_id as buyer_i15_3_,
        order0_.created_at as created_2_3_,
        order0_.order_no as order_no3_3_,
        order0_.payment_time as payment_4_3_,
        order0_.price as price5_3_,
        order0_.product_id as product16_3_,
        order0_.receive_time as receive_6_3_,
        order0_.seller_id as seller_17_3_,
        order0_.ship_time as ship_tim7_3_,
        order0_.shipping_address as shipping8_3_,
        order0_.shipping_name as shipping9_3_,
        order0_.shipping_phone as shippin10_3_,
        order0_.status as status11_3_,
        order0_.tracking_company as trackin12_3_,
        order0_.tracking_number as trackin13_3_,
        order0_.updated_at as updated14_3_ 
    from
        orders order0_ 
    where
        order0_.status='PENDING' 
        and order0_.created_at<?
Hibernate: 
    select
        order0_.id as id1_3_,
        order0_.buyer_id as buyer_i15_3_,
        order0_.created_at as created_2_3_,
        order0_.order_no as order_no3_3_,
        order0_.payment_time as payment_4_3_,
        order0_.price as price5_3_,
        order0_.product_id as product16_3_,
        order0_.receive_time as receive_6_3_,
        order0_.seller_id as seller_17_3_,
        order0_.ship_time as ship_tim7_3_,
        order0_.shipping_address as shipping8_3_,
        order0_.shipping_name as shipping9_3_,
        order0_.shipping_phone as shippin10_3_,
        order0_.status as status11_3_,
        order0_.tracking_company as trackin12_3_,
        order0_.tracking_number as trackin13_3_,
        order0_.updated_at as updated14_3_ 
    from
        orders order0_ 
    where
        order0_.status='PENDING' 
        and order0_.created_at<?
2026-04-28 14:59:34.306 DEBUG 53092 --- [   scheduling-1] org.hibernate.SQL                        : 
    select
        order0_.id as id1_3_,
        order0_.buyer_id as buyer_i15_3_,
        order0_.created_at as created_2_3_,
        order0_.order_no as order_no3_3_,
        order0_.payment_time as payment_4_3_,
        order0_.price as price5_3_,
        order0_.product_id as product16_3_,
        order0_.receive_time as receive_6_3_,
        order0_.seller_id as seller_17_3_,
        order0_.ship_time as ship_tim7_3_,
        order0_.shipping_address as shipping8_3_,
        order0_.shipping_name as shipping9_3_,
        order0_.shipping_phone as shippin10_3_,
        order0_.status as status11_3_,
        order0_.tracking_company as trackin12_3_,
        order0_.tracking_number as trackin13_3_,
        order0_.updated_at as updated14_3_ 
    from
        orders order0_ 
    where
        order0_.status='PENDING' 
        and order0_.created_at<?
Hibernate: 
    select
        order0_.id as id1_3_,
        order0_.buyer_id as buyer_i15_3_,
        order0_.created_at as created_2_3_,
        order0_.order_no as order_no3_3_,
        order0_.payment_time as payment_4_3_,
        order0_.price as price5_3_,
        order0_.product_id as product16_3_,
        order0_.receive_time as receive_6_3_,
        order0_.seller_id as seller_17_3_,
        order0_.ship_time as ship_tim7_3_,
        order0_.shipping_address as shipping8_3_,
        order0_.shipping_name as shipping9_3_,
        order0_.shipping_phone as shippin10_3_,
        order0_.status as status11_3_,
        order0_.tracking_company as trackin12_3_,
        order0_.tracking_number as trackin13_3_,
        order0_.updated_at as updated14_3_ 
    from
        orders order0_ 
    where
        order0_.status='PENDING' 
        and order0_.created_at<?
2026-04-28 14:59:46.821 DEBUG 53092 --- [nio-8080-exec-8] org.hibernate.SQL                        : 
    select
        user0_.id as id1_7_0_,
        user0_.avatar as avatar2_7_0_,
        user0_.created_at as created_3_7_0_,
        user0_.credit_score as credit_s4_7_0_,
        user0_.email as email5_7_0_,
        user0_.id_card as id_card6_7_0_,
        user0_.nickname as nickname7_7_0_,
        user0_.password as password8_7_0_,
        user0_.phone_number as phone_nu9_7_0_,
        user0_.role as role10_7_0_,
        user0_.status as status11_7_0_,
        user0_.updated_at as updated12_7_0_,
        user0_.username as usernam13_7_0_ 
    from
        users user0_ 
    where
        user0_.id=?
Hibernate: 
    select
        user0_.id as id1_7_0_,
        user0_.avatar as avatar2_7_0_,
        user0_.created_at as created_3_7_0_,
        user0_.credit_score as credit_s4_7_0_,
        user0_.email as email5_7_0_,
        user0_.id_card as id_card6_7_0_,
        user0_.nickname as nickname7_7_0_,
        user0_.password as password8_7_0_,
        user0_.phone_number as phone_nu9_7_0_,
        user0_.role as role10_7_0_,
        user0_.status as status11_7_0_,
        user0_.updated_at as updated12_7_0_,
        user0_.username as usernam13_7_0_ 
    from
        users user0_ 
    where
        user0_.id=?
2026-04-28 14:59:46.821 DEBUG 53092 --- [nio-8080-exec-6] org.hibernate.SQL                        : 
    select
        user0_.id as id1_7_0_,
        user0_.avatar as avatar2_7_0_,
        user0_.created_at as created_3_7_0_,
        user0_.credit_score as credit_s4_7_0_,
        user0_.email as email5_7_0_,
        user0_.id_card as id_card6_7_0_,
        user0_.nickname as nickname7_7_0_,
        user0_.password as password8_7_0_,
        user0_.phone_number as phone_nu9_7_0_,
        user0_.role as role10_7_0_,
        user0_.status as status11_7_0_,
        user0_.updated_at as updated12_7_0_,
        user0_.username as usernam13_7_0_ 
    from
        users user0_ 
    where
        user0_.id=?
Hibernate: 
    select
        user0_.id as id1_7_0_,
        user0_.avatar as avatar2_7_0_,
        user0_.created_at as created_3_7_0_,
        user0_.credit_score as credit_s4_7_0_,
        user0_.email as email5_7_0_,
        user0_.id_card as id_card6_7_0_,
        user0_.nickname as nickname7_7_0_,
        user0_.password as password8_7_0_,
        user0_.phone_number as phone_nu9_7_0_,
        user0_.role as role10_7_0_,
        user0_.status as status11_7_0_,
        user0_.updated_at as updated12_7_0_,
        user0_.username as usernam13_7_0_ 
    from
        users user0_ 
    where
        user0_.id=?
2026-04-28 14:59:46.821 DEBUG 53092 --- [nio-8080-exec-1] org.hibernate.SQL                        : 
    select
        user0_.id as id1_7_0_,
        user0_.avatar as avatar2_7_0_,
        user0_.created_at as created_3_7_0_,
        user0_.credit_score as credit_s4_7_0_,
        user0_.email as email5_7_0_,
        user0_.id_card as id_card6_7_0_,
        user0_.nickname as nickname7_7_0_,
        user0_.password as password8_7_0_,
        user0_.phone_number as phone_nu9_7_0_,
        user0_.role as role10_7_0_,
        user0_.status as status11_7_0_,
        user0_.updated_at as updated12_7_0_,
        user0_.username as usernam13_7_0_ 
    from
        users user0_ 
    where
        user0_.id=?
Hibernate: 
    select
        user0_.id as id1_7_0_,
        user0_.avatar as avatar2_7_0_,
        user0_.created_at as created_3_7_0_,
        user0_.credit_score as credit_s4_7_0_,
        user0_.email as email5_7_0_,
        user0_.id_card as id_card6_7_0_,
        user0_.nickname as nickname7_7_0_,
        user0_.password as password8_7_0_,
        user0_.phone_number as phone_nu9_7_0_,
        user0_.role as role10_7_0_,
        user0_.status as status11_7_0_,
        user0_.updated_at as updated12_7_0_,
        user0_.username as usernam13_7_0_ 
    from
        users user0_ 
    where
        user0_.id=?
2026-04-28 14:59:46.823 DEBUG 53092 --- [nio-8080-exec-1] org.hibernate.SQL                        : 
    select
        user0_.id as id1_7_,
        user0_.avatar as avatar2_7_,
        user0_.created_at as created_3_7_,
        user0_.credit_score as credit_s4_7_,
        user0_.email as email5_7_,
        user0_.id_card as id_card6_7_,
        user0_.nickname as nickname7_7_,
        user0_.password as password8_7_,
        user0_.phone_number as phone_nu9_7_,
        user0_.role as role10_7_,
        user0_.status as status11_7_,
        user0_.updated_at as updated12_7_,
        user0_.username as usernam13_7_ 
    from
        users user0_ 
    where
        user0_.status=? 
    order by
        user0_.created_at asc limit ?
Hibernate: 
    select
        user0_.id as id1_7_,
        user0_.avatar as avatar2_7_,
        user0_.created_at as created_3_7_,
        user0_.credit_score as credit_s4_7_,
        user0_.email as email5_7_,
        user0_.id_card as id_card6_7_,
        user0_.nickname as nickname7_7_,
        user0_.password as password8_7_,
        user0_.phone_number as phone_nu9_7_,
        user0_.role as role10_7_,
        user0_.status as status11_7_,
        user0_.updated_at as updated12_7_,
        user0_.username as usernam13_7_ 
    from
        users user0_ 
    where
        user0_.status=? 
    order by
        user0_.created_at asc limit ?
2026-04-28 14:59:46.823 DEBUG 53092 --- [nio-8080-exec-6] org.hibernate.SQL                        : 
    select
        product0_.id as id1_5_,
        product0_.category_id as categor14_5_,
        product0_.condition_level as conditio2_5_,
        product0_.created_at as created_3_5_,
        product0_.description as descript4_5_,
        product0_.image_url as image_ur5_5_,
        product0_.location as location6_5_,
        product0_.name as name7_5_,
        product0_.original_price as original8_5_,
        product0_.price as price9_5_,
        product0_.reject_reason as reject_10_5_,
        product0_.seller_id as seller_15_5_,
        product0_.status as status11_5_,
        product0_.updated_at as updated12_5_,
        product0_.view_count as view_co13_5_ 
    from
        products product0_ 
    where
        product0_.status=? 
    order by
        product0_.created_at asc limit ?
Hibernate: 
    select
        product0_.id as id1_5_,
        product0_.category_id as categor14_5_,
        product0_.condition_level as conditio2_5_,
        product0_.created_at as created_3_5_,
        product0_.description as descript4_5_,
        product0_.image_url as image_ur5_5_,
        product0_.location as location6_5_,
        product0_.name as name7_5_,
        product0_.original_price as original8_5_,
        product0_.price as price9_5_,
        product0_.reject_reason as reject_10_5_,
        product0_.seller_id as seller_15_5_,
        product0_.status as status11_5_,
        product0_.updated_at as updated12_5_,
        product0_.view_count as view_co13_5_ 
    from
        products product0_ 
    where
        product0_.status=? 
    order by
        product0_.created_at asc limit ?
2026-04-28 14:59:46.823 DEBUG 53092 --- [nio-8080-exec-8] org.hibernate.SQL                        : 
    select
        review0_.id as id1_6_,
        review0_.audit_remark as audit_re2_6_,
        review0_.audit_status as audit_st3_6_,
        review0_.comment as comment4_6_,
        review0_.created_at as created_5_6_,
        review0_.desc_score as desc_sco6_6_,
        review0_.images as images7_6_,
        review0_.order_id as order_i11_6_,
        review0_.product_id as product12_6_,
        review0_.rating as rating8_6_,
        review0_.service_score as service_9_6_,
        review0_.ship_score as ship_sc10_6_,
        review0_.user_id as user_id13_6_ 
    from
        reviews review0_ 
    where
        review0_.audit_status=? 
    order by
        review0_.created_at asc limit ?
Hibernate: 
    select
        review0_.id as id1_6_,
        review0_.audit_remark as audit_re2_6_,
        review0_.audit_status as audit_st3_6_,
        review0_.comment as comment4_6_,
        review0_.created_at as created_5_6_,
        review0_.desc_score as desc_sco6_6_,
        review0_.images as images7_6_,
        review0_.order_id as order_i11_6_,
        review0_.product_id as product12_6_,
        review0_.rating as rating8_6_,
        review0_.service_score as service_9_6_,
        review0_.ship_score as ship_sc10_6_,
        review0_.user_id as user_id13_6_ 
    from
        reviews review0_ 
    where
        review0_.audit_status=? 
    order by
        review0_.created_at asc limit ?
2026-04-28 14:59:46.824 DEBUG 53092 --- [nio-8080-exec-6] org.hibernate.SQL                        : 
    select
        user0_.id as id1_7_0_,
        user0_.avatar as avatar2_7_0_,
        user0_.created_at as created_3_7_0_,
        user0_.credit_score as credit_s4_7_0_,
        user0_.email as email5_7_0_,
        user0_.id_card as id_card6_7_0_,
        user0_.nickname as nickname7_7_0_,
        user0_.password as password8_7_0_,
        user0_.phone_number as phone_nu9_7_0_,
        user0_.role as role10_7_0_,
        user0_.status as status11_7_0_,
        user0_.updated_at as updated12_7_0_,
        user0_.username as usernam13_7_0_ 
    from
        users user0_ 
    where
        user0_.id=?
Hibernate: 
    select
        user0_.id as id1_7_0_,
        user0_.avatar as avatar2_7_0_,
        user0_.created_at as created_3_7_0_,
        user0_.credit_score as credit_s4_7_0_,
        user0_.email as email5_7_0_,
        user0_.id_card as id_card6_7_0_,
        user0_.nickname as nickname7_7_0_,
        user0_.password as password8_7_0_,
        user0_.phone_number as phone_nu9_7_0_,
        user0_.role as role10_7_0_,
        user0_.status as status11_7_0_,
        user0_.updated_at as updated12_7_0_,
        user0_.username as usernam13_7_0_ 
    from
        users user0_ 
    where
        user0_.id=?
2026-04-28 14:59:49.549 DEBUG 53092 --- [nio-8080-exec-5] org.hibernate.SQL                        : 
    select
        user0_.id as id1_7_0_,
        user0_.avatar as avatar2_7_0_,
        user0_.created_at as created_3_7_0_,
        user0_.credit_score as credit_s4_7_0_,
        user0_.email as email5_7_0_,
        user0_.id_card as id_card6_7_0_,
        user0_.nickname as nickname7_7_0_,
        user0_.password as password8_7_0_,
        user0_.phone_number as phone_nu9_7_0_,
        user0_.role as role10_7_0_,
        user0_.status as status11_7_0_,
        user0_.updated_at as updated12_7_0_,
        user0_.username as usernam13_7_0_ 
    from
        users user0_ 
    where
        user0_.id=?
Hibernate: 
    select
        user0_.id as id1_7_0_,
        user0_.avatar as avatar2_7_0_,
        user0_.created_at as created_3_7_0_,
        user0_.credit_score as credit_s4_7_0_,
        user0_.email as email5_7_0_,
        user0_.id_card as id_card6_7_0_,
        user0_.nickname as nickname7_7_0_,
        user0_.password as password8_7_0_,
        user0_.phone_number as phone_nu9_7_0_,
        user0_.role as role10_7_0_,
        user0_.status as status11_7_0_,
        user0_.updated_at as updated12_7_0_,
        user0_.username as usernam13_7_0_ 
    from
        users user0_ 
    where
        user0_.id=?
2026-04-28 14:59:49.549 DEBUG 53092 --- [nio-8080-exec-2] org.hibernate.SQL                        : 
    select
        user0_.id as id1_7_0_,
        user0_.avatar as avatar2_7_0_,
        user0_.created_at as created_3_7_0_,
        user0_.credit_score as credit_s4_7_0_,
        user0_.email as email5_7_0_,
        user0_.id_card as id_card6_7_0_,
        user0_.nickname as nickname7_7_0_,
        user0_.password as password8_7_0_,
        user0_.phone_number as phone_nu9_7_0_,
        user0_.role as role10_7_0_,
        user0_.status as status11_7_0_,
        user0_.updated_at as updated12_7_0_,
        user0_.username as usernam13_7_0_ 
    from
        users user0_ 
    where
        user0_.id=?
Hibernate: 
    select
        user0_.id as id1_7_0_,
        user0_.avatar as avatar2_7_0_,
        user0_.created_at as created_3_7_0_,
        user0_.credit_score as credit_s4_7_0_,
        user0_.email as email5_7_0_,
        user0_.id_card as id_card6_7_0_,
        user0_.nickname as nickname7_7_0_,
        user0_.password as password8_7_0_,
        user0_.phone_number as phone_nu9_7_0_,
        user0_.role as role10_7_0_,
        user0_.status as status11_7_0_,
        user0_.updated_at as updated12_7_0_,
        user0_.username as usernam13_7_0_ 
    from
        users user0_ 
    where
        user0_.id=?
2026-04-28 14:59:49.551 DEBUG 53092 --- [nio-8080-exec-5] org.hibernate.SQL                        : 
    select
        category0_.id as id1_0_,
        category0_.created_at as created_2_0_,
        category0_.icon as icon3_0_,
        category0_.name as name4_0_,
        category0_.sort_order as sort_ord5_0_ 
    from
        categories category0_ 
    order by
        category0_.sort_order asc
Hibernate: 
    select
        category0_.id as id1_0_,
        category0_.created_at as created_2_0_,
        category0_.icon as icon3_0_,
        category0_.name as name4_0_,
        category0_.sort_order as sort_ord5_0_ 
    from
        categories category0_ 
    order by
        category0_.sort_order asc
2026-04-28 14:59:49.551 DEBUG 53092 --- [nio-8080-exec-2] org.hibernate.SQL                        : 
    select
        product0_.id as id1_5_,
        product0_.category_id as categor14_5_,
        product0_.condition_level as conditio2_5_,
        product0_.created_at as created_3_5_,
        product0_.description as descript4_5_,
        product0_.image_url as image_ur5_5_,
        product0_.location as location6_5_,
        product0_.name as name7_5_,
        product0_.original_price as original8_5_,
        product0_.price as price9_5_,
        product0_.reject_reason as reject_10_5_,
        product0_.seller_id as seller_15_5_,
        product0_.status as status11_5_,
        product0_.updated_at as updated12_5_,
        product0_.view_count as view_co13_5_ 
    from
        products product0_ 
    where
        product0_.status=? 
    order by
        product0_.created_at desc limit ?
Hibernate: 
    select
        product0_.id as id1_5_,
        product0_.category_id as categor14_5_,
        product0_.condition_level as conditio2_5_,
        product0_.created_at as created_3_5_,
        product0_.description as descript4_5_,
        product0_.image_url as image_ur5_5_,
        product0_.location as location6_5_,
        product0_.name as name7_5_,
        product0_.original_price as original8_5_,
        product0_.price as price9_5_,
        product0_.reject_reason as reject_10_5_,
        product0_.seller_id as seller_15_5_,
        product0_.status as status11_5_,
        product0_.updated_at as updated12_5_,
        product0_.view_count as view_co13_5_ 
    from
        products product0_ 
    where
        product0_.status=? 
    order by
        product0_.created_at desc limit ?
2026-04-28 14:59:49.553 DEBUG 53092 --- [nio-8080-exec-2] org.hibernate.SQL                        : 
    select
        count(product0_.id) as col_0_0_ 
    from
        products product0_ 
    where
        product0_.status=?
Hibernate: 
    select
        count(product0_.id) as col_0_0_ 
    from
        products product0_ 
    where
        product0_.status=?
2026-04-28 14:59:49.553 DEBUG 53092 --- [nio-8080-exec-2] org.hibernate.SQL                        : 
    select
        user0_.id as id1_7_0_,
        user0_.avatar as avatar2_7_0_,
        user0_.created_at as created_3_7_0_,
        user0_.credit_score as credit_s4_7_0_,
        user0_.email as email5_7_0_,
        user0_.id_card as id_card6_7_0_,
        user0_.nickname as nickname7_7_0_,
        user0_.password as password8_7_0_,
        user0_.phone_number as phone_nu9_7_0_,
        user0_.role as role10_7_0_,
        user0_.status as status11_7_0_,
        user0_.updated_at as updated12_7_0_,
        user0_.username as usernam13_7_0_ 
    from
        users user0_ 
    where
        user0_.id=?
Hibernate: 
    select
        user0_.id as id1_7_0_,
        user0_.avatar as avatar2_7_0_,
        user0_.created_at as created_3_7_0_,
        user0_.credit_score as credit_s4_7_0_,
        user0_.email as email5_7_0_,
        user0_.id_card as id_card6_7_0_,
        user0_.nickname as nickname7_7_0_,
        user0_.password as password8_7_0_,
        user0_.phone_number as phone_nu9_7_0_,
        user0_.role as role10_7_0_,
        user0_.status as status11_7_0_,
        user0_.updated_at as updated12_7_0_,
        user0_.username as usernam13_7_0_ 
    from
        users user0_ 
    where
        user0_.id=?
2026-04-28 14:59:49.554 DEBUG 53092 --- [nio-8080-exec-2] org.hibernate.SQL                        : 
    select
        user0_.id as id1_7_0_,
        user0_.avatar as avatar2_7_0_,
        user0_.created_at as created_3_7_0_,
        user0_.credit_score as credit_s4_7_0_,
        user0_.email as email5_7_0_,
        user0_.id_card as id_card6_7_0_,
        user0_.nickname as nickname7_7_0_,
        user0_.password as password8_7_0_,
        user0_.phone_number as phone_nu9_7_0_,
        user0_.role as role10_7_0_,
        user0_.status as status11_7_0_,
        user0_.updated_at as updated12_7_0_,
        user0_.username as usernam13_7_0_ 
    from
        users user0_ 
    where
        user0_.id=?
Hibernate: 
    select
        user0_.id as id1_7_0_,
        user0_.avatar as avatar2_7_0_,
        user0_.created_at as created_3_7_0_,
        user0_.credit_score as credit_s4_7_0_,
        user0_.email as email5_7_0_,
        user0_.id_card as id_card6_7_0_,
        user0_.nickname as nickname7_7_0_,
        user0_.password as password8_7_0_,
        user0_.phone_number as phone_nu9_7_0_,
        user0_.role as role10_7_0_,
        user0_.status as status11_7_0_,
        user0_.updated_at as updated12_7_0_,
        user0_.username as usernam13_7_0_ 
    from
        users user0_ 
    where
        user0_.id=?
2026-04-28 14:59:49.554 DEBUG 53092 --- [nio-8080-exec-2] org.hibernate.SQL                        : 
    select
        user0_.id as id1_7_0_,
        user0_.avatar as avatar2_7_0_,
        user0_.created_at as created_3_7_0_,
        user0_.credit_score as credit_s4_7_0_,
        user0_.email as email5_7_0_,
        user0_.id_card as id_card6_7_0_,
        user0_.nickname as nickname7_7_0_,
        user0_.password as password8_7_0_,
        user0_.phone_number as phone_nu9_7_0_,
        user0_.role as role10_7_0_,
        user0_.status as status11_7_0_,
        user0_.updated_at as updated12_7_0_,
        user0_.username as usernam13_7_0_ 
    from
        users user0_ 
    where
        user0_.id=?
Hibernate: 
    select
        user0_.id as id1_7_0_,
        user0_.avatar as avatar2_7_0_,
        user0_.created_at as created_3_7_0_,
        user0_.credit_score as credit_s4_7_0_,
        user0_.email as email5_7_0_,
        user0_.id_card as id_card6_7_0_,
        user0_.nickname as nickname7_7_0_,
        user0_.password as password8_7_0_,
        user0_.phone_number as phone_nu9_7_0_,
        user0_.role as role10_7_0_,
        user0_.status as status11_7_0_,
        user0_.updated_at as updated12_7_0_,
        user0_.username as usernam13_7_0_ 
    from
        users user0_ 
    where
        user0_.id=?
2026-04-28 14:59:49.555 DEBUG 53092 --- [nio-8080-exec-2] org.hibernate.SQL                        : 
    select
        user0_.id as id1_7_0_,
        user0_.avatar as avatar2_7_0_,
        user0_.created_at as created_3_7_0_,
        user0_.credit_score as credit_s4_7_0_,
        user0_.email as email5_7_0_,
        user0_.id_card as id_card6_7_0_,
        user0_.nickname as nickname7_7_0_,
        user0_.password as password8_7_0_,
        user0_.phone_number as phone_nu9_7_0_,
        user0_.role as role10_7_0_,
        user0_.status as status11_7_0_,
        user0_.updated_at as updated12_7_0_,
        user0_.username as usernam13_7_0_ 
    from
        users user0_ 
    where
        user0_.id=?
Hibernate: 
    select
        user0_.id as id1_7_0_,
        user0_.avatar as avatar2_7_0_,
        user0_.created_at as created_3_7_0_,
        user0_.credit_score as credit_s4_7_0_,
        user0_.email as email5_7_0_,
        user0_.id_card as id_card6_7_0_,
        user0_.nickname as nickname7_7_0_,
        user0_.password as password8_7_0_,
        user0_.phone_number as phone_nu9_7_0_,
        user0_.role as role10_7_0_,
        user0_.status as status11_7_0_,
        user0_.updated_at as updated12_7_0_,
        user0_.username as usernam13_7_0_ 
    from
        users user0_ 
    where
        user0_.id=?
2026-04-28 14:59:49.556 DEBUG 53092 --- [nio-8080-exec-2] org.hibernate.SQL                        : 
    select
        user0_.id as id1_7_0_,
        user0_.avatar as avatar2_7_0_,
        user0_.created_at as created_3_7_0_,
        user0_.credit_score as credit_s4_7_0_,
        user0_.email as email5_7_0_,
        user0_.id_card as id_card6_7_0_,
        user0_.nickname as nickname7_7_0_,
        user0_.password as password8_7_0_,
        user0_.phone_number as phone_nu9_7_0_,
        user0_.role as role10_7_0_,
        user0_.status as status11_7_0_,
        user0_.updated_at as updated12_7_0_,
        user0_.username as usernam13_7_0_ 
    from
        users user0_ 
    where
        user0_.id=?
Hibernate: 
    select
        user0_.id as id1_7_0_,
        user0_.avatar as avatar2_7_0_,
        user0_.created_at as created_3_7_0_,
        user0_.credit_score as credit_s4_7_0_,
        user0_.email as email5_7_0_,
        user0_.id_card as id_card6_7_0_,
        user0_.nickname as nickname7_7_0_,
        user0_.password as password8_7_0_,
        user0_.phone_number as phone_nu9_7_0_,
        user0_.role as role10_7_0_,
        user0_.status as status11_7_0_,
        user0_.updated_at as updated12_7_0_,
        user0_.username as usernam13_7_0_ 
    from
        users user0_ 
    where
        user0_.id=?
2026-04-28 15:00:02.095 DEBUG 53092 --- [nio-8080-exec-1] org.hibernate.SQL                        : 
    select
        user0_.id as id1_7_0_,
        user0_.avatar as avatar2_7_0_,
        user0_.created_at as created_3_7_0_,
        user0_.credit_score as credit_s4_7_0_,
        user0_.email as email5_7_0_,
        user0_.id_card as id_card6_7_0_,
        user0_.nickname as nickname7_7_0_,
        user0_.password as password8_7_0_,
        user0_.phone_number as phone_nu9_7_0_,
        user0_.role as role10_7_0_,
        user0_.status as status11_7_0_,
        user0_.updated_at as updated12_7_0_,
        user0_.username as usernam13_7_0_ 
    from
        users user0_ 
    where
        user0_.id=?
Hibernate: 
    select
        user0_.id as id1_7_0_,
        user0_.avatar as avatar2_7_0_,
        user0_.created_at as created_3_7_0_,
        user0_.credit_score as credit_s4_7_0_,
        user0_.email as email5_7_0_,
        user0_.id_card as id_card6_7_0_,
        user0_.nickname as nickname7_7_0_,
        user0_.password as password8_7_0_,
        user0_.phone_number as phone_nu9_7_0_,
        user0_.role as role10_7_0_,
        user0_.status as status11_7_0_,
        user0_.updated_at as updated12_7_0_,
        user0_.username as usernam13_7_0_ 
    from
        users user0_ 
    where
        user0_.id=?
2026-04-28 15:00:02.097 DEBUG 53092 --- [nio-8080-exec-1] org.hibernate.SQL                        : 
    select
        count(message0_.id) as col_0_0_ 
    from
        messages message0_ 
    where
        message0_.receiver_id=? 
        and message0_.is_read=0
Hibernate: 
    select
        count(message0_.id) as col_0_0_ 
    from
        messages message0_ 
    where
        message0_.receiver_id=? 
        and message0_.is_read=0
2026-04-28 15:00:17.104 DEBUG 53092 --- [nio-8080-exec-6] org.hibernate.SQL                        : 
    select
        user0_.id as id1_7_0_,
        user0_.avatar as avatar2_7_0_,
        user0_.created_at as created_3_7_0_,
        user0_.credit_score as credit_s4_7_0_,
        user0_.email as email5_7_0_,
        user0_.id_card as id_card6_7_0_,
        user0_.nickname as nickname7_7_0_,
        user0_.password as password8_7_0_,
        user0_.phone_number as phone_nu9_7_0_,
        user0_.role as role10_7_0_,
        user0_.status as status11_7_0_,
        user0_.updated_at as updated12_7_0_,
        user0_.username as usernam13_7_0_ 
    from
        users user0_ 
    where
        user0_.id=?
Hibernate: 
    select
        user0_.id as id1_7_0_,
        user0_.avatar as avatar2_7_0_,
        user0_.created_at as created_3_7_0_,
        user0_.credit_score as credit_s4_7_0_,
        user0_.email as email5_7_0_,
        user0_.id_card as id_card6_7_0_,
        user0_.nickname as nickname7_7_0_,
        user0_.password as password8_7_0_,
        user0_.phone_number as phone_nu9_7_0_,
        user0_.role as role10_7_0_,
        user0_.status as status11_7_0_,
        user0_.updated_at as updated12_7_0_,
        user0_.username as usernam13_7_0_ 
    from
        users user0_ 
    where
        user0_.id=?
2026-04-28 15:00:17.106 DEBUG 53092 --- [nio-8080-exec-6] org.hibernate.SQL                        : 
    select
        count(message0_.id) as col_0_0_ 
    from
        messages message0_ 
    where
        message0_.receiver_id=? 
        and message0_.is_read=0
Hibernate: 
    select
        count(message0_.id) as col_0_0_ 
    from
        messages message0_ 
    where
        message0_.receiver_id=? 
        and message0_.is_read=0
2026-04-28 15:00:20.408 DEBUG 53092 --- [nio-8080-exec-4] org.hibernate.SQL                        : 
    select
        user0_.id as id1_7_0_,
        user0_.avatar as avatar2_7_0_,
        user0_.created_at as created_3_7_0_,
        user0_.credit_score as credit_s4_7_0_,
        user0_.email as email5_7_0_,
        user0_.id_card as id_card6_7_0_,
        user0_.nickname as nickname7_7_0_,
        user0_.password as password8_7_0_,
        user0_.phone_number as phone_nu9_7_0_,
        user0_.role as role10_7_0_,
        user0_.status as status11_7_0_,
        user0_.updated_at as updated12_7_0_,
        user0_.username as usernam13_7_0_ 
    from
        users user0_ 
    where
        user0_.id=?
Hibernate: 
    select
        user0_.id as id1_7_0_,
        user0_.avatar as avatar2_7_0_,
        user0_.created_at as created_3_7_0_,
        user0_.credit_score as credit_s4_7_0_,
        user0_.email as email5_7_0_,
        user0_.id_card as id_card6_7_0_,
        user0_.nickname as nickname7_7_0_,
        user0_.password as password8_7_0_,
        user0_.phone_number as phone_nu9_7_0_,
        user0_.role as role10_7_0_,
        user0_.status as status11_7_0_,
        user0_.updated_at as updated12_7_0_,
        user0_.username as usernam13_7_0_ 
    from
        users user0_ 
    where
        user0_.id=?
2026-04-28 15:00:20.411 DEBUG 53092 --- [nio-8080-exec-4] org.hibernate.SQL                        : 
    select
        count(message0_.id) as col_0_0_ 
    from
        messages message0_ 
    where
        message0_.receiver_id=? 
        and message0_.is_read=0
Hibernate: 
    select
        count(message0_.id) as col_0_0_ 
    from
        messages message0_ 
    where
        message0_.receiver_id=? 
        and message0_.is_read=0
2026-04-28 15:00:21.925 DEBUG 53092 --- [nio-8080-exec-3] org.hibernate.SQL                        : 
    select
        user0_.id as id1_7_0_,
        user0_.avatar as avatar2_7_0_,
        user0_.created_at as created_3_7_0_,
        user0_.credit_score as credit_s4_7_0_,
        user0_.email as email5_7_0_,
        user0_.id_card as id_card6_7_0_,
        user0_.nickname as nickname7_7_0_,
        user0_.password as password8_7_0_,
        user0_.phone_number as phone_nu9_7_0_,
        user0_.role as role10_7_0_,
        user0_.status as status11_7_0_,
        user0_.updated_at as updated12_7_0_,
        user0_.username as usernam13_7_0_ 
    from
        users user0_ 
    where
        user0_.id=?
Hibernate: 
    select
        user0_.id as id1_7_0_,
        user0_.avatar as avatar2_7_0_,
        user0_.created_at as created_3_7_0_,
        user0_.credit_score as credit_s4_7_0_,
        user0_.email as email5_7_0_,
        user0_.id_card as id_card6_7_0_,
        user0_.nickname as nickname7_7_0_,
        user0_.password as password8_7_0_,
        user0_.phone_number as phone_nu9_7_0_,
        user0_.role as role10_7_0_,
        user0_.status as status11_7_0_,
        user0_.updated_at as updated12_7_0_,
        user0_.username as usernam13_7_0_ 
    from
        users user0_ 
    where
        user0_.id=?
2026-04-28 15:00:21.926 DEBUG 53092 --- [nio-8080-exec-3] org.hibernate.SQL                        : 
    select
        count(message0_.id) as col_0_0_ 
    from
        messages message0_ 
    where
        message0_.receiver_id=? 
        and message0_.is_read=0
Hibernate: 
    select
        count(message0_.id) as col_0_0_ 
    from
        messages message0_ 
    where
        message0_.receiver_id=? 
        and message0_.is_read=0
2026-04-28 15:00:34.313 DEBUG 53092 --- [   scheduling-1] org.hibernate.SQL                        : 
    select
        order0_.id as id1_3_,
        order0_.buyer_id as buyer_i15_3_,
        order0_.created_at as created_2_3_,
        order0_.order_no as order_no3_3_,
        order0_.payment_time as payment_4_3_,
        order0_.price as price5_3_,
        order0_.product_id as product16_3_,
        order0_.receive_time as receive_6_3_,
        order0_.seller_id as seller_17_3_,
        order0_.ship_time as ship_tim7_3_,
        order0_.shipping_address as shipping8_3_,
        order0_.shipping_name as shipping9_3_,
        order0_.shipping_phone as shippin10_3_,
        order0_.status as status11_3_,
        order0_.tracking_company as trackin12_3_,
        order0_.tracking_number as trackin13_3_,
        order0_.updated_at as updated14_3_ 
    from
        orders order0_ 
    where
        order0_.status='PENDING' 
        and order0_.created_at<?
Hibernate: 
    select
        order0_.id as id1_3_,
        order0_.buyer_id as buyer_i15_3_,
        order0_.created_at as created_2_3_,
        order0_.order_no as order_no3_3_,
        order0_.payment_time as payment_4_3_,
        order0_.price as price5_3_,
        order0_.product_id as product16_3_,
        order0_.receive_time as receive_6_3_,
        order0_.seller_id as seller_17_3_,
        order0_.ship_time as ship_tim7_3_,
        order0_.shipping_address as shipping8_3_,
        order0_.shipping_name as shipping9_3_,
        order0_.shipping_phone as shippin10_3_,
        order0_.status as status11_3_,
        order0_.tracking_company as trackin12_3_,
        order0_.tracking_number as trackin13_3_,
        order0_.updated_at as updated14_3_ 
    from
        orders order0_ 
    where
        order0_.status='PENDING' 
        and order0_.created_at<?
[INFO] ------------------------------------------------------------------------
[INFO] BUILD FAILURE
[INFO] ------------------------------------------------------------------------
[INFO] Total time:  54:02 min
[INFO] Finished at: 2026-04-28T15:01:30+08:00
[INFO] ------------------------------------------------------------------------
[ERROR] Failed to execute goal org.springframework.boot:spring-boot-maven-plugin:2.7.18:run (default-cli) on project secondhand: Application finished with exit code: 1 -> [Help 1]
[ERROR] 
[ERROR] To see the full stack trace of the errors, re-run Maven with the -e switch.
[ERROR] Re-run Maven using the -X switch to enable full debug logging.
[ERROR] 
[ERROR] For more information about the errors and possible solutions, please read the following articles:
[ERROR] [Help 1] http://cwiki.apache.org/confluence/display/MAVEN/MojoExecutionException
